const uint8_t ButtonsAndLedsDemo [] = {
        0x47, 0x43, 0x4A, 0x00, 0x00, 0x00, 0x00, 0x00, 0x00, 0x00, 0x00, 0x08, 0x00, 0x00, 0x02, 0x00, 
        0x00, 0x54, 0x00, 0x0A, 0x00, 0x92, 0x00, 0x3C, 0x00, 0x02, 0x00, 0x00, 0x00, 0x00, 0x02, 0x08, 
        0x00, 0x54, 0x00, 0x5A, 0x00, 0x92, 0x00, 0x3C, 0x00, 0x02, 0x00, 0x00, 0x00, 0x00, 0x02, 0x10, 
        0x00, 0x54, 0x00, 0xAA, 0x00, 0x92, 0x00, 0x3C, 0x00, 0x02, 0x00, 0x00, 0x00, 0x00, 0x02, 0x18, 
        0x00, 0x54, 0x00, 0xFA, 0x00, 0x92, 0x00, 0x3C, 0x00, 0x02, 0x00, 0x00, 0x00, 0x00, 0x02, 0x20, 
        0x00, 0x0A, 0x00, 0x08, 0x00, 0x40, 0x00, 0x40, 0x00, 0x02, 0x00, 0x00, 0x00, 0x00, 0x02, 0x28, 
        0x00, 0x0A, 0x00, 0x58, 0x00, 0x40, 0x00, 0x40, 0x00, 0x02, 0x00, 0x00, 0x00, 0x00, 0x02, 0x30, 
        0x00, 0x0A, 0x00, 0xA8, 0x00, 0x40, 0x00, 0x40, 0x00, 0x04, 0x00, 0x00, 0x00, 0x00, 0x02, 0x40, 
        0x00, 0x0A, 0x00, 0xF8, 0x00, 0x40, 0x00, 0x40, 0x00, 0x04, 0x00, 0x00, 0x00, 0x00, 0xDE, 0x00, 
        0x00, 0x00, 0x00, 0xE0, 0x00, 0x00, 0x0C, 0x00, 0x00, 0x00, 0x18, 0x00, 0x00, 0x00, 0x22, 0x00, 
        0x00, 0x00, 0x2E, 0x00, 0x00, 0x00, 0x38, 0x00, 0x00, 0x00, 0x44, 0x00, 0x00, 0x00, 0x4E, 0x00, 
        0x00, 0x00, 0x5A, 0x00, 0x00, 0x00, 0x64, 0x00, 0x00, 0x00, 0x70, 0x00, 0x00, 0x00, 0x7A, 0x00, 
        0x00, 0x00, 0x86, 0x00, 0x00, 0x00, 0x90, 0x00, 0x00, 0x00, 0x9A, 0x00, 0x00, 0x00, 0xA6, 0x00, 
        0x00, 0x00, 0xB2, 0x00, 0x00, 0x00, 0xBC, 0x00, 0x00, 0x00, 0xC6, 0x00, 0x00, 0x00, 0xD2, 0x00, 
        0xFF, 0xD8, 0xFF, 0xE0, 0x00, 0x10, 0x4A, 0x46, 0x49, 0x46, 0x00, 0x01, 0x01, 0x00, 0x00, 0x01, 
        0x00, 0x01, 0x00, 0x00, 0xFF, 0xDB, 0x00, 0x43, 0x00, 0x03, 0x02, 0x02, 0x03, 0x02, 0x02, 0x03, 
        0x03, 0x03, 0x03, 0x04, 0x03, 0x03, 0x04, 0x05, 0x08, 0x05, 0x05, 0x04, 0x04, 0x05, 0x0A, 0x07, 
        0x07, 0x06, 0x08, 0x0C, 0x0A, 0x0C, 0x0C, 0x0B, 0x0A, 0x0B, 0x0B, 0x0D, 0x0E, 0x12, 0x10, 0x0D, 
        0x0E, 0x11, 0x0E, 0x0B, 0x0B, 0x10, 0x16, 0x10, 0x11, 0x13, 0x14, 0x15, 0x15, 0x15, 0x0C, 0x0F, 
        0x17, 0x18, 0x16, 0x14, 0x18, 0x12, 0x14, 0x15, 0x14, 0xFF, 0xDB, 0x00, 0x43, 0x01, 0x03, 0x04, 
        0x04, 0x05, 0x04, 0x05, 0x09, 0x05, 0x05, 0x09, 0x14, 0x0D, 0x0B, 0x0D, 0x14, 0x14, 0x14, 0x14, 
        0x14, 0x14, 0x14, 0x14, 0x14, 0x14, 0x14, 0x14, 0x14, 0x14, 0x14, 0x14, 0x14, 0x14, 0x14, 0x14, 
        0x14, 0x14, 0x14, 0x14, 0x14, 0x14, 0x14, 0x14, 0x14, 0x14, 0x14, 0x14, 0x14, 0x14, 0x14, 0x14, 
        0x14, 0x14, 0x14, 0x14, 0x14, 0x14, 0x14, 0x14, 0x14, 0x14, 0x14, 0x14, 0x14, 0x14, 0xFF, 0xC0, 
        0x00, 0x11, 0x08, 0x00, 0x40, 0x00, 0x98, 0x03, 0x01, 0x22, 0x00, 0x02, 0x11, 0x01, 0x03, 0x11, 
        0x01, 0xFF, 0xC4, 0x00, 0x1F, 0x00, 0x00, 0x01, 0x05, 0x01, 0x01, 0x01, 0x01, 0x01, 0x01, 0x00, 
        0x00, 0x00, 0x00, 0x00, 0x00, 0x00, 0x00, 0x01, 0x02, 0x03, 0x04, 0x05, 0x06, 0x07, 0x08, 0x09, 
        0x0A, 0x0B, 0xFF, 0xC4, 0x00, 0xB5, 0x10, 0x00, 0x02, 0x01, 0x03, 0x03, 0x02, 0x04, 0x03, 0x05, 
        0x05, 0x04, 0x04, 0x00, 0x00, 0x01, 0x7D, 0x01, 0x02, 0x03, 0x00, 0x04, 0x11, 0x05, 0x12, 0x21, 
        0x31, 0x41, 0x06, 0x13, 0x51, 0x61, 0x07, 0x22, 0x71, 0x14, 0x32, 0x81, 0x91, 0xA1, 0x08, 0x23, 
        0x42, 0xB1, 0xC1, 0x15, 0x52, 0xD1, 0xF0, 0x24, 0x33, 0x62, 0x72, 0x82, 0x09, 0x0A, 0x16, 0x17, 
        0x18, 0x19, 0x1A, 0x25, 0x26, 0x27, 0x28, 0x29, 0x2A, 0x34, 0x35, 0x36, 0x37, 0x38, 0x39, 0x3A, 
        0x43, 0x44, 0x45, 0x46, 0x47, 0x48, 0x49, 0x4A, 0x53, 0x54, 0x55, 0x56, 0x57, 0x58, 0x59, 0x5A, 
        0x63, 0x64, 0x65, 0x66, 0x67, 0x68, 0x69, 0x6A, 0x73, 0x74, 0x75, 0x76, 0x77, 0x78, 0x79, 0x7A, 
        0x83, 0x84, 0x85, 0x86, 0x87, 0x88, 0x89, 0x8A, 0x92, 0x93, 0x94, 0x95, 0x96, 0x97, 0x98, 0x99, 
        0x9A, 0xA2, 0xA3, 0xA4, 0xA5, 0xA6, 0xA7, 0xA8, 0xA9, 0xAA, 0xB2, 0xB3, 0xB4, 0xB5, 0xB6, 0xB7, 
        0xB8, 0xB9, 0xBA, 0xC2, 0xC3, 0xC4, 0xC5, 0xC6, 0xC7, 0xC8, 0xC9, 0xCA, 0xD2, 0xD3, 0xD4, 0xD5, 
        0xD6, 0xD7, 0xD8, 0xD9, 0xDA, 0xE1, 0xE2, 0xE3, 0xE4, 0xE5, 0xE6, 0xE7, 0xE8, 0xE9, 0xEA, 0xF1, 
        0xF2, 0xF3, 0xF4, 0xF5, 0xF6, 0xF7, 0xF8, 0xF9, 0xFA, 0xFF, 0xC4, 0x00, 0x1F, 0x01, 0x00, 0x03, 
        0x01, 0x01, 0x01, 0x01, 0x01, 0x01, 0x01, 0x01, 0x01, 0x00, 0x00, 0x00, 0x00, 0x00, 0x00, 0x01, 
        0x02, 0x03, 0x04, 0x05, 0x06, 0x07, 0x08, 0x09, 0x0A, 0x0B, 0xFF, 0xC4, 0x00, 0xB5, 0x11, 0x00, 
        0x02, 0x01, 0x02, 0x04, 0x04, 0x03, 0x04, 0x07, 0x05, 0x04, 0x04, 0x00, 0x01, 0x02, 0x77, 0x00, 
        0x01, 0x02, 0x03, 0x11, 0x04, 0x05, 0x21, 0x31, 0x06, 0x12, 0x41, 0x51, 0x07, 0x61, 0x71, 0x13, 
        0x22, 0x32, 0x81, 0x08, 0x14, 0x42, 0x91, 0xA1, 0xB1, 0xC1, 0x09, 0x23, 0x33, 0x52, 0xF0, 0x15, 
        0x62, 0x72, 0xD1, 0x0A, 0x16, 0x24, 0x34, 0xE1, 0x25, 0xF1, 0x17, 0x18, 0x19, 0x1A, 0x26, 0x27, 
        0x28, 0x29, 0x2A, 0x35, 0x36, 0x37, 0x38, 0x39, 0x3A, 0x43, 0x44, 0x45, 0x46, 0x47, 0x48, 0x49, 
        0x4A, 0x53, 0x54, 0x55, 0x56, 0x57, 0x58, 0x59, 0x5A, 0x63, 0x64, 0x65, 0x66, 0x67, 0x68, 0x69, 
        0x6A, 0x73, 0x74, 0x75, 0x76, 0x77, 0x78, 0x79, 0x7A, 0x82, 0x83, 0x84, 0x85, 0x86, 0x87, 0x88, 
        0x89, 0x8A, 0x92, 0x93, 0x94, 0x95, 0x96, 0x97, 0x98, 0x99, 0x9A, 0xA2, 0xA3, 0xA4, 0xA5, 0xA6, 
        0xA7, 0xA8, 0xA9, 0xAA, 0xB2, 0xB3, 0xB4, 0xB5, 0xB6, 0xB7, 0xB8, 0xB9, 0xBA, 0xC2, 0xC3, 0xC4, 
        0xC5, 0xC6, 0xC7, 0xC8, 0xC9, 0xCA, 0xD2, 0xD3, 0xD4, 0xD5, 0xD6, 0xD7, 0xD8, 0xD9, 0xDA, 0xE2, 
        0xE3, 0xE4, 0xE5, 0xE6, 0xE7, 0xE8, 0xE9, 0xEA, 0xF2, 0xF3, 0xF4, 0xF5, 0xF6, 0xF7, 0xF8, 0xF9, 
        0xFA, 0xFF, 0xDA, 0x00, 0x0C, 0x03, 0x01, 0x00, 0x02, 0x11, 0x03, 0x11, 0x00, 0x3F, 0x00, 0xF3, 
        0xAF, 0x8A, 0xFF, 0x00, 0x15, 0xFC, 0x3F, 0xFB, 0x3F, 0xF8, 0x43, 0xE0, 0xAE, 0x91, 0xA4, 0x7C, 
        0x15, 0xF8, 0x4B, 0xAF, 0x1D, 0x5F, 0xE1, 0xBE, 0x87, 0xAD, 0xDE, 0xEA, 0x1E, 0x22, 0xF0, 0x94, 
        0x37, 0x57, 0x73, 0x5D, 0x4D, 0x0B, 0x2C, 0x8C, 0xD2, 0x2B, 0x26, 0xED, 0xDE, 0x58, 0x62, 0x58, 
        0x16, 0x2C, 0xCC, 0x49, 0x39, 0xE3, 0xCE, 0xBF, 0xE1, 0xB3, 0xAD, 0xBF, 0xE8, 0xDF, 0x7E, 0x04, 
        0xFF, 0x00, 0xE1, 0x0E, 0x9F, 0xFC, 0x76, 0xA3, 0xFD, 0xB4, 0x9F, 0x6D, 0xB7, 0xEC, 0xF9, 0xFF, 
        0x00, 0x64, 0x83, 0xC3, 0x9F, 0xFA, 0x04, 0xD5, 0xF3, 0x77, 0x99, 0x5E, 0x55, 0x5A, 0x95, 0x14, 
        0xDA, 0x4C, 0xFB, 0xFC, 0x0E, 0x13, 0x09, 0x3C, 0x34, 0x25, 0x3A, 0x69, 0xB6, 0x8F, 0xA5, 0x7F, 
        0xE1, 0xB3, 0xAD, 0xBF, 0xE8, 0xDF, 0x7E, 0x04, 0xFF, 0x00, 0xE1, 0x0E, 0x9F, 0xFC, 0x76, 0x8F, 
        0xF8, 0x6C, 0xEB, 0x6F, 0xFA, 0x37, 0xDF, 0x81, 0x3F, 0xF8, 0x43, 0xA7, 0xFF, 0x00, 0x1D, 0xAF, 
        0x9A, 0xBC, 0xCA, 0x3C, 0xCA, 0xCB, 0xDA, 0xD4, 0xFE, 0x63, 0xBF, 0xEA, 0x38, 0x2F, 0xF9, 0xF4, 
        0x8F, 0xA5, 0x7F, 0xE1, 0xB3, 0xAD, 0xBF, 0xE8, 0xDF, 0x7E, 0x04, 0xFF, 0x00, 0xE1, 0x0E, 0x9F, 
        0xFC, 0x76, 0x8F, 0xF8, 0x6C, 0xEB, 0x6F, 0xFA, 0x37, 0xDF, 0x81, 0x3F, 0xF8, 0x43, 0xA7, 0xFF, 
        0x00, 0x1D, 0xAF, 0x9A, 0xBC, 0xCA, 0x3C, 0xCA, 0x3D, 0xAD, 0x4F, 0xE6, 0x0F, 0xA8, 0xE0, 0xBF, 
        0xE7, 0xD2, 0x3E, 0x95, 0xFF, 0x00, 0x86, 0xCE, 0xB6, 0xFF, 0x00, 0xA3, 0x7D, 0xF8, 0x13, 0xFF, 
        0x00, 0x84, 0x3A, 0x7F, 0xF1, 0xDA, 0x3F, 0xE1, 0xB3, 0xAD, 0xBF, 0xE8, 0xDF, 0x7E, 0x04, 0xFF, 
        0x00, 0xE1, 0x0E, 0x9F, 0xFC, 0x76, 0xBE, 0x6A, 0xF3, 0x28, 0xF3, 0x28, 0xF6, 0xB5, 0x3F, 0x98, 
        0x3E, 0xA3, 0x82, 0xFF, 0x00, 0x9F, 0x48, 0xFA, 0x57, 0xFE, 0x1B, 0x3A, 0xDB, 0xFE, 0x8D, 0xF7, 
        0xE0, 0x4F, 0xFE, 0x10, 0xE9, 0xFF, 0x00, 0xC7, 0x68, 0xFF, 0x00, 0x86, 0xCE, 0xB6, 0xFF, 0x00, 
        0xA3, 0x7D, 0xF8, 0x13, 0xFF, 0x00, 0x84, 0x3A, 0x7F, 0xF1, 0xDA, 0xF9, 0xAB, 0xCC, 0xA3, 0xCC, 
        0xA3, 0xDA, 0xD4, 0xFE, 0x60, 0xFA, 0x8E, 0x0B, 0xFE, 0x7D, 0x23, 0xE9, 0x5F, 0xF8, 0x6C, 0xEB, 
        0x6F, 0xFA, 0x37, 0xDF, 0x81, 0x3F, 0xF8, 0x43, 0xA7, 0xFF, 0x00, 0x1D, 0xA3, 0xFE, 0x1B, 0x3A, 
        0xDB, 0xFE, 0x8D, 0xF7, 0xE0, 0x4F, 0xFE, 0x10, 0xE9, 0xFF, 0x00, 0xC7, 0x6B, 0xE6, 0xAF, 0x32, 
        0x8F, 0x32, 0x8F, 0x6B, 0x53, 0xF9, 0x83, 0xEA, 0x38, 0x2F, 0xF9, 0xF4, 0x8F, 0xA5, 0x7F, 0xE1, 
        0xB3, 0xAD, 0xBF, 0xE8, 0xDF, 0x7E, 0x04, 0xFF, 0x00, 0xE1, 0x0E, 0x9F, 0xFC, 0x76, 0x8F, 0xF8, 
        0x6C, 0xEB, 0x6F, 0xFA, 0x37, 0xDF, 0x81, 0x3F, 0xF8, 0x43, 0xA7, 0xFF, 0x00, 0x1D, 0xAF, 0x9A, 
        0xBC, 0xCA, 0x3C, 0xCA, 0x3D, 0xAD, 0x4F, 0xE6, 0x0F, 0xA8, 0xE0, 0xBF, 0xE7, 0xD2, 0x3E, 0x95, 
        0xFF, 0x00, 0x86, 0xCE, 0xB6, 0xFF, 0x00, 0xA3, 0x7D, 0xF8, 0x13, 0xFF, 0x00, 0x84, 0x3A, 0x7F, 
        0xF1, 0xDA, 0x3F, 0xE1, 0xB3, 0xAD, 0xBF, 0xE8, 0xDF, 0x7E, 0x04, 0xFF, 0x00, 0xE1, 0x0E, 0x9F, 
        0xFC, 0x76, 0xBE, 0x6A, 0xF3, 0x28, 0xF3, 0x28, 0xF6, 0xB5, 0x3F, 0x98, 0x3E, 0xA3, 0x82, 0xFF, 
        0x00, 0x9F, 0x48, 0xFA, 0x57, 0xFE, 0x1B, 0x3A, 0xDB, 0xFE, 0x8D, 0xF7, 0xE0, 0x4F, 0xFE, 0x10, 
        0xE9, 0xFF, 0x00, 0xC7, 0x6B, 0xAE, 0xF8, 0x43, 0xFB, 0x50, 0xE9, 0x7E, 0x3F, 0xF8, 0xB3, 0xE0, 
        0xAF, 0x0B, 0xEA, 0x1F, 0x00, 0x7E, 0x08, 0x43, 0x61, 0xAD, 0xEB, 0x76, 0x5A, 0x6D, 0xC4, 0x96, 
        0xDE, 0x09, 0x89, 0x65, 0x48, 0xE6, 0x9D, 0x23, 0x62, 0x85, 0x9C, 0x80, 0xC0, 0x31, 0xC1, 0x20, 
        0x8C, 0xF6, 0x35, 0xF1, 0xE7, 0x99, 0x5E, 0x95, 0xFB, 0x33, 0xC9, 0x9F, 0xDA, 0x3F, 0xE1, 0x4F, 
        0xFD, 0x8D, 0x9A, 0x4F, 0xFE, 0x96, 0x45, 0x4E, 0x35, 0x2A, 0x5D, 0x6A, 0x65, 0x57, 0x05, 0x83, 
        0x54, 0xE4, 0xD5, 0x35, 0x7B, 0x33, 0xF6, 0x3B, 0xF6, 0x2D, 0xB1, 0xB6, 0xD3, 0x3F, 0x67, 0xDD, 
        0x3A, 0xCE, 0xCE, 0xDE, 0x2B, 0x4B, 0x4B, 0x7D, 0x73, 0xC4, 0x10, 0xC3, 0x6F, 0x02, 0x04, 0x8E, 
        0x24, 0x5D, 0x6A, 0xF4, 0x2A, 0xAA, 0x8E, 0x00, 0x00, 0x00, 0x00, 0xE0, 0x01, 0x45, 0x4F, 0xFB, 
        0x1D, 0x7F, 0xC9, 0x0A, 0xB6, 0xFF, 0x00, 0xB1, 0x83, 0xC4, 0x5F, 0xFA, 0x7B, 0xBE, 0xA2, 0xBD, 
        0x93, 0xF3, 0x63, 0xF2, 0xAF, 0xF6, 0xD8, 0x7D, 0xB0, 0x7E, 0xCF, 0x63, 0xFE, 0xA8, 0xFF, 0x00, 
        0x87, 0x3F, 0xF4, 0x09, 0xAB, 0xE6, 0xBF, 0x36, 0xBE, 0x8E, 0xFD, 0xB7, 0x9B, 0x6C, 0x5F, 0xB3, 
        0xDF, 0xFD, 0x91, 0xFF, 0x00, 0x0E, 0x7F, 0xE8, 0x13, 0x57, 0xCC, 0xFE, 0x67, 0xBD, 0x79, 0xB5, 
        0x23, 0x79, 0xB3, 0xED, 0xB0, 0x75, 0xB9, 0x70, 0xF0, 0x5E, 0x45, 0xAF, 0x36, 0x8F, 0x36, 0xAA, 
        0xF9, 0x9E, 0xF4, 0x79, 0x9E, 0xF5, 0x97, 0x29, 0xDB, 0xED, 0xCB, 0x5E, 0x6D, 0x1E, 0x6D, 0x55, 
        0xF3, 0x3D, 0xE8, 0xF3, 0x3D, 0xE8, 0xE5, 0x0F, 0x6E, 0x5A, 0xF3, 0x68, 0xF3, 0x6A, 0xAF, 0x99, 
        0xEF, 0x47, 0x99, 0xEF, 0x47, 0x28, 0x7B, 0x72, 0xD7, 0x9B, 0x47, 0x9B, 0x55, 0x7C, 0xCF, 0x7A, 
        0x3C, 0xCF, 0x7A, 0x39, 0x43, 0xDB, 0x96, 0xBC, 0xDA, 0x3C, 0xDA, 0xAB, 0xE6, 0x7B, 0xD1, 0xE6, 
        0x7B, 0xD1, 0xCA, 0x1E, 0xDC, 0xB5, 0xE6, 0xD1, 0xE6, 0xD5, 0x5F, 0x33, 0xDE, 0x8F, 0x33, 0xDE, 
        0x8E, 0x50, 0xF6, 0xE5, 0xAF, 0x36, 0x8F, 0x36, 0xAA, 0xF9, 0x9E, 0xF4, 0x79, 0x9E, 0xF4, 0x72, 
        0x87, 0xB7, 0x2D, 0x79, 0xB5, 0xE9, 0x5F, 0xB3, 0x24, 0x99, 0xFD, 0xA4, 0xBE, 0x14, 0x0F, 0xFA, 
        0x9B, 0x74, 0x9F, 0xFD, 0x2C, 0x8A, 0xBC, 0xAF, 0xCC, 0xF7, 0xAF, 0x4C, 0xFD, 0x98, 0x9F, 0x3F, 
        0xB4, 0xA7, 0xC2, 0x6F, 0xFB, 0x1B, 0x74, 0x9F, 0xFD, 0x2C, 0x8A, 0xAA, 0x31, 0xD5, 0x19, 0x54, 
        0xAD, 0x78, 0x4B, 0xD0, 0xFD, 0xA6, 0xFD, 0x8E, 0xBF, 0xE4, 0x85, 0x5B, 0x7F, 0xD8, 0xC1, 0xE2, 
        0x2F, 0xFD, 0x3D, 0xDF, 0x51, 0x47, 0xEC, 0x75, 0xFF, 0x00, 0x24, 0x2A, 0xDB, 0xFE, 0xC6, 0x0F, 
        0x11, 0x7F, 0xE9, 0xEE, 0xFA, 0x8A, 0xF5, 0x4F, 0x81, 0x3F, 0x27, 0xFF, 0x00, 0x6E, 0x46, 0xDA, 
        0xBF, 0xB3, 0xD7, 0xFD, 0x91, 0xEF, 0x0D, 0xFF, 0x00, 0xE8, 0x33, 0x57, 0xCC, 0x9E, 0x67, 0xBD, 
        0x7D, 0x2B, 0xFB, 0x75, 0x3E, 0xDF, 0xF8, 0x67, 0xA1, 0xFF, 0x00, 0x54, 0x77, 0xC3, 0x7F, 0xFA, 
        0x0C, 0xD5, 0xF3, 0x07, 0x9B, 0x5C, 0xB2, 0x8D, 0xDB, 0x3D, 0xCA, 0x15, 0xB9, 0x69, 0xC5, 0x16, 
        0xBC, 0xCF, 0x7A, 0x3C, 0xCF, 0x7A, 0xAB, 0xE6, 0xD1, 0xE6, 0xD4, 0xF2, 0x9B, 0xFB, 0x72, 0xD7, 
        0x99, 0xEF, 0x47, 0x99, 0xEF, 0x55, 0x7C, 0xDA, 0x3C, 0xDA, 0x39, 0x43, 0xDB, 0x96, 0xBC, 0xCF, 
        0x7A, 0x3C, 0xCF, 0x7A, 0xAB, 0xE6, 0xD1, 0xE6, 0xD1, 0xCA, 0x1E, 0xDC, 0xB5, 0xE6, 0x7B, 0xD1, 
        0xE6, 0x7B, 0xD5, 0x5F, 0x36, 0x8F, 0x36, 0x8E, 0x50, 0xF6, 0xE5, 0xAF, 0x33, 0xDE, 0x8F, 0x33, 
        0xDE, 0xAA, 0xF9, 0xB4, 0x79, 0xB4, 0x72, 0x87, 0xB7, 0x2D, 0x79, 0x9E, 0xF4, 0x79, 0x9E, 0xF5, 
        0x57, 0xCD, 0xA3, 0xCD, 0xA3, 0x94, 0x3D, 0xB9, 0x6B, 0xCC, 0xF7, 0xA3, 0xCC, 0xF7, 0xAA, 0xBE, 
        0x6D, 0x1E, 0x6D, 0x1C, 0xA1, 0xED, 0xCB, 0x5E, 0x67, 0xBD, 0x7A, 0x67, 0xEC, 0xBE, 0xF9, 0xFD, 
        0xA5, 0xBE, 0x12, 0xFF, 0x00, 0xD8, 0xDD, 0xA4, 0x7F, 0xE9, 0x64, 0x55, 0xE5, 0x3E, 0x6D, 0x7A, 
        0x77, 0xEC, 0xBB, 0x26, 0x7F, 0x69, 0x9F, 0x84, 0x63, 0xFE, 0xA6, 0xFD, 0x23, 0xFF, 0x00, 0x4B, 
        0x62, 0xA6, 0xA3, 0xA9, 0x12, 0xAD, 0x78, 0xB3, 0xF6, 0xDF, 0xF6, 0x3A, 0xFF, 0x00, 0x92, 0x15, 
        0x6D, 0xFF, 0x00, 0x63, 0x07, 0x88, 0xBF, 0xF4, 0xF7, 0x7D, 0x45, 0x1F, 0xB1, 0xD7, 0xFC, 0x90, 
        0xAB, 0x6F, 0xFB, 0x18, 0x3C, 0x45, 0xFF, 0x00, 0xA7, 0xBB, 0xEA, 0x2B, 0xAC, 0xF9, 0xF3, 0xF2, 
        0x4F, 0xF6, 0xF0, 0x7D, 0xAD, 0xFB, 0x3C, 0xFF, 0x00, 0xD9, 0x1D, 0xF0, 0xDF, 0xFE, 0x83, 0x3D, 
        0x7C, 0xB9, 0xE6, 0x57, 0xEE, 0x22, 0x7E, 0xC5, 0x7E, 0x28, 0xB8, 0xF0, 0xFF, 0x00, 0x86, 0xB4, 
        0xAD, 0x63, 0xC5, 0x5F, 0x0D, 0xFC, 0x50, 0xBE, 0x1E, 0xD2, 0x2D, 0x74, 0x3B, 0x1B, 0xCF, 0x10, 
        0x7C, 0x2D, 0x86, 0xFA, 0xE5, 0x2D, 0x2D, 0xD3, 0x64, 0x51, 0x99, 0x24, 0xBD, 0x27, 0x00, 0x64, 
        0xE0, 0x60, 0x65, 0x98, 0xE3, 0x93, 0x51, 0x7F, 0xC3, 0x0C, 0xDF, 0xFF, 0x00, 0xCF, 0x6F, 0x83, 
        0x7F, 0xF8, 0x67, 0x6D, 0x7F, 0xF9, 0x32, 0xA6, 0xC6, 0x8A, 0xA3, 0x4A, 0xC7, 0xE2, 0x07, 0x99, 
        0x47, 0x99, 0x5F, 0xB7, 0xFF, 0x00, 0xF0, 0xC3, 0x37, 0xFF, 0x00, 0xF3, 0xDB, 0xE0, 0xDF, 0xFE, 
        0x19, 0xDB, 0x5F, 0xFE, 0x4C, 0xA3, 0xFE, 0x18, 0x66, 0xFF, 0x00, 0xFE, 0x7B, 0x7C, 0x1B, 0xFF, 
        0x00, 0xC3, 0x3B, 0x6B, 0xFF, 0x00, 0xC9, 0x94, 0x72, 0x95, 0xED, 0x19, 0xF8, 0x81, 0xE6, 0x51, 
        0xE6, 0x57, 0xED, 0xFF, 0x00, 0xFC, 0x30, 0xCD, 0xFF, 0x00, 0xFC, 0xF6, 0xF8, 0x37, 0xFF, 0x00, 
        0x86, 0x76, 0xD7, 0xFF, 0x00, 0x93, 0x28, 0xFF, 0x00, 0x86, 0x19, 0xBF, 0xFF, 0x00, 0x9E, 0xDF, 
        0x06, 0xFF, 0x00, 0xF0, 0xCE, 0xDA, 0xFF, 0x00, 0xF2, 0x65, 0x1C, 0xA1, 0xED, 0x19, 0xF8, 0x81, 
        0xE6, 0x51, 0xE6, 0x57, 0xED, 0xFF, 0x00, 0xFC, 0x30, 0xCD, 0xFF, 0x00, 0xFC, 0xF6, 0xF8, 0x37, 
        0xFF, 0x00, 0x86, 0x76, 0xD7, 0xFF, 0x00, 0x93, 0x28, 0xFF, 0x00, 0x86, 0x19, 0xBF, 0xFF, 0x00, 
        0x9E, 0xDF, 0x06, 0xFF, 0x00, 0xF0, 0xCE, 0xDA, 0xFF, 0x00, 0xF2, 0x65, 0x1C, 0xA1, 0xED, 0x19, 
        0xF8, 0x81, 0xE6, 0x51, 0xE6, 0x57, 0xED, 0xFF, 0x00, 0xFC, 0x30, 0xCD, 0xFF, 0x00, 0xFC, 0xF6, 
        0xF8, 0x37, 0xFF, 0x00, 0x86, 0x76, 0xD7, 0xFF, 0x00, 0x93, 0x28, 0xFF, 0x00, 0x86, 0x19, 0xBF, 
        0xFF, 0x00, 0x9E, 0xDF, 0x06, 0xFF, 0x00, 0xF0, 0xCE, 0xDA, 0xFF, 0x00, 0xF2, 0x65, 0x1C, 0xA1, 
        0xED, 0x19, 0xF8, 0x81, 0xE6, 0x51, 0xE6, 0x57, 0xED, 0xFF, 0x00, 0xFC, 0x30, 0xCD, 0xFF, 0x00, 
        0xFC, 0xF6, 0xF8, 0x37, 0xFF, 0x00, 0x86, 0x76, 0xD7, 0xFF, 0x00, 0x93, 0x28, 0xFF, 0x00, 0x86, 
        0x19, 0xBF, 0xFF, 0x00, 0x9E, 0xDF, 0x06, 0xFF, 0x00, 0xF0, 0xCE, 0xDA, 0xFF, 0x00, 0xF2, 0x65, 
        0x1C, 0xA1, 0xED, 0x19, 0xF8, 0x81, 0xE6, 0x51, 0xE6, 0x57, 0xED, 0xFF, 0x00, 0xFC, 0x30, 0xCD, 
        0xFF, 0x00, 0xFC, 0xF6, 0xF8, 0x37, 0xFF, 0x00, 0x86, 0x76, 0xD7, 0xFF, 0x00, 0x93, 0x28, 0xFF, 
        0x00, 0x86, 0x19, 0xBF, 0xFF, 0x00, 0x9E, 0xDF, 0x06, 0xFF, 0x00, 0xF0, 0xCE, 0xDA, 0xFF, 0x00, 
        0xF2, 0x65, 0x1C, 0xA1, 0xED, 0x19, 0xF8, 0x81, 0xE6, 0x51, 0xE6, 0x57, 0xED, 0xFF, 0x00, 0xFC, 
        0x30, 0xCD, 0xFF, 0x00, 0xFC, 0xF6, 0xF8, 0x37, 0xFF, 0x00, 0x86, 0x76, 0xD7, 0xFF, 0x00, 0x93, 
        0x28, 0xFF, 0x00, 0x86, 0x19, 0xBF, 0xFF, 0x00, 0x9E, 0xDF, 0x06, 0xFF, 0x00, 0xF0, 0xCE, 0xDA, 
        0xFF, 0x00, 0xF2, 0x65, 0x1C, 0xA1, 0xED, 0x19, 0xF8, 0x81, 0xE6, 0x57, 0xA8, 0x7E, 0xCB, 0x52, 
        0x67, 0xF6, 0x9B, 0xF8, 0x45, 0xFF, 0x00, 0x63, 0x86, 0x91, 0xFF, 0x00, 0xA5, 0xB1, 0x57, 0xEB, 
        0x7F, 0xFC, 0x30, 0xCD, 0xFF, 0x00, 0xFC, 0xF6, 0xF8, 0x37, 0xFF, 0x00, 0x86, 0x76, 0xD7, 0xFF, 
        0x00, 0x93, 0x2A, 0xD6, 0x95, 0xFB, 0x16, 0xEB, 0x9A, 0x16, 0xA9, 0x67, 0xA9, 0x69, 0xBA, 0x97, 
        0xC2, 0x3D, 0x3F, 0x51, 0xB3, 0x99, 0x2E, 0x2D, 0xAE, 0xED, 0x7E, 0x10, 0xDB, 0x45, 0x34, 0x12, 
        0xA3, 0x06, 0x49, 0x11, 0xD6, 0xF4, 0x15, 0x65, 0x60, 0x08, 0x20, 0xE4, 0x10, 0x08, 0xA2, 0xC2, 
        0xF6, 0x8C, 0xF4, 0x6F, 0xD8, 0xEB, 0xFE, 0x48, 0x55, 0xB7, 0xFD, 0x8C, 0x1E, 0x22, 0xFF, 0x00, 
        0xD3, 0xDD, 0xF5, 0x15, 0xD7, 0xFC, 0x0F, 0xF8, 0x69, 0x73, 0xF0, 0x8B, 0xE1, 0xBD, 0x9F, 0x86, 
        0x6F, 0x35, 0x68, 0xB5, 0xCB, 0xB8, 0xAF, 0x2F, 0xEF, 0x66, 0xBE, 0x82, 0xCC, 0xDA, 0x47, 0x23, 
        0xDD, 0x5E, 0x4D, 0x74, 0xC1, 0x62, 0x32, 0x48, 0x54, 0x29, 0x9C, 0xA8, 0xCB, 0xB1, 0xC2, 0xE7, 
        0x3C, 0xD1, 0x54, 0x64, 0x7F, 0xFF, 0xD9, 0x33, 0x33, 0x33, 0x33, 0x33, 0x33, 0x33, 0x33, 0x33, 
        0x33, 0x33, 0x33, 0x33, 0x33, 0x33, 0x33, 0x33, 0x33, 0x33, 0x33, 0x33, 0x33, 0x33, 0x33, 0x33, 
        0x33, 0x33, 0x33, 0x33, 0x33, 0x33, 0x33, 0x33, 0x33, 0x33, 0x33, 0x33, 0x33, 0x33, 0x33, 0x33, 
        0x33, 0x33, 0x33, 0x33, 0x33, 0x33, 0x33, 0x33, 0x33, 0x33, 0x33, 0x33, 0x33, 0x33, 0x33, 0x33, 
        0x33, 0x33, 0x33, 0x33, 0x33, 0x33, 0x33, 0x33, 0x33, 0x33, 0x33, 0x33, 0x33, 0x33, 0x33, 0x33, 
        0x33, 0x33, 0x33, 0x33, 0x33, 0x33, 0x33, 0x33, 0x33, 0x33, 0x33, 0x33, 0x33, 0x33, 0x33, 0x33, 
        0x33, 0x33, 0x33, 0x33, 0x33, 0x33, 0x33, 0x33, 0x33, 0x33, 0x33, 0x33, 0x33, 0x33, 0x33, 0x33, 
        0x33, 0x33, 0x33, 0x33, 0x33, 0x33, 0x33, 0x33, 0x33, 0x33, 0x33, 0x33, 0x33, 0x33, 0x33, 0x33, 
        0x33, 0x33, 0x33, 0x33, 0x33, 0x33, 0x33, 0x33, 0x33, 0x33, 0x33, 0x33, 0x33, 0x33, 0x33, 0x33, 
        0x33, 0x33, 0x33, 0x33, 0x33, 0x33, 0x33, 0x33, 0x33, 0x33, 0x33, 0x33, 0x33, 0x33, 0x33, 0x33, 
        0x33, 0x33, 0x33, 0x33, 0x33, 0x33, 0x33, 0x33, 0x33, 0x33, 0x33, 0x33, 0x33, 0x33, 0x33, 0x33, 
        0x33, 0x33, 0x33, 0x33, 0x33, 0x33, 0x33, 0x33, 0x33, 0x33, 0x33, 0x33, 0x33, 0x33, 0x33, 0x33, 
        0x33, 0x33, 0x33, 0x33, 0x33, 0x33, 0x33, 0x33, 0x33, 0x33, 0x33, 0x33, 0x33, 0x33, 0x33, 0x33, 
        0x33, 0x33, 0x33, 0x33, 0x33, 0x33, 0x33, 0x33, 0x33, 0x33, 0x33, 0x33, 0x33, 0x33, 0x33, 0x33, 
        0x33, 0x33, 0x33, 0x33, 0x33, 0x33, 0x33, 0x33, 0x33, 0x33, 0x33, 0x33, 0x33, 0x33, 0x33, 0x33, 
        0x33, 0x33, 0x33, 0x33, 0x33, 0x33, 0x33, 0x33, 0x33, 0x33, 0x33, 0x33, 0x33, 0x33, 0x33, 0x33, 
        0x33, 0x33, 0x33, 0x33, 0x33, 0x33, 0x33, 0x33, 0x33, 0x33, 0x33, 0x33, 0x33, 0x33, 0x33, 0x33, 
        0x33, 0x33, 0x33, 0x33, 0x33, 0x33, 0x33, 0x33, 0x33, 0x33, 0x33, 0x33, 0x33, 0x33, 0x33, 0x33, 
        0x33, 0x33, 0x33, 0x33, 0x33, 0x33, 0x33, 0x33, 0x33, 0x33, 0x33, 0x33, 0x33, 0x33, 0x33, 0x33, 
        0x33, 0x33, 0x33, 0x33, 0x33, 0x33, 0x33, 0x33, 0x33, 0x33, 0x33, 0x33, 0x33, 0x33, 0x33, 0x33, 
        0x33, 0x33, 0x33, 0x33, 0x33, 0x33, 0x33, 0x33, 0x33, 0x33, 0x33, 0x33, 0x33, 0x33, 0x33, 0x33, 
        0x33, 0x33, 0x33, 0x33, 0x33, 0x33, 0x33, 0x33, 0x33, 0x33, 0x33, 0x33, 0x33, 0x33, 0x33, 0x33, 
        0x33, 0x33, 0x33, 0x33, 0x33, 0x33, 0x33, 0x33, 0x33, 0x33, 0x33, 0x33, 0x33, 0x33, 0x33, 0x33, 
        0x33, 0x33, 0x33, 0x33, 0x33, 0x33, 0x33, 0x33, 0x33, 0x33, 0x33, 0x33, 0x33, 0x33, 0x33, 0x33, 
        0x33, 0x33, 0x33, 0x33, 0x33, 0x33, 0x33, 0x33, 0x33, 0x33, 0x33, 0x33, 0x33, 0x33, 0x33, 0x33, 
        0x33, 0x33, 0x33, 0x33, 0x33, 0x33, 0x33, 0x33, 0x33, 0x33, 0x33, 0x33, 0x33, 0x33, 0x33, 0x33, 
        0x33, 0x33, 0x33, 0x33, 0x33, 0x33, 0x33, 0x33, 0x33, 0x33, 0x33, 0x33, 0x33, 0x33, 0x33, 0x33, 
        0x33, 0x33, 0x33, 0x33, 0x33, 0x33, 0x33, 0x33, 0x33, 0x33, 0x33, 0x33, 0x33, 0x33, 0x33, 0x33, 
        0x33, 0x33, 0x33, 0x33, 0x33, 0x33, 0x33, 0x33, 0x33, 0x33, 0x33, 0x33, 0x33, 0x33, 0x33, 0x33, 
        0x33, 0x33, 0x33, 0x33, 0x33, 0x33, 0x33, 0x33, 0x33, 0x33, 0x33, 0x33, 0x33, 0x33, 0x33, 0x33, 
        0x33, 0x33, 0x33, 0x33, 0x33, 0x33, 0x33, 0x33, 0x33, 0x33, 0x33, 0x33, 0x33, 0x33, 0x33, 0x33, 
        0x33, 0x33, 0x33, 0x33, 0x33, 0x33, 0x33, 0x33, 0x33, 0x33, 0x33, 0x33, 0x33, 0x33, 0x33, 0x33, 
        0xFF, 0xD8, 0xFF, 0xE0, 0x00, 0x10, 0x4A, 0x46, 0x49, 0x46, 0x00, 0x01, 0x01, 0x00, 0x00, 0x01, 
        0x00, 0x01, 0x00, 0x00, 0xFF, 0xDB, 0x00, 0x43, 0x00, 0x03, 0x02, 0x02, 0x03, 0x02, 0x02, 0x03, 
        0x03, 0x03, 0x03, 0x04, 0x03, 0x03, 0x04, 0x05, 0x08, 0x05, 0x05, 0x04, 0x04, 0x05, 0x0A, 0x07, 
        0x07, 0x06, 0x08, 0x0C, 0x0A, 0x0C, 0x0C, 0x0B, 0x0A, 0x0B, 0x0B, 0x0D, 0x0E, 0x12, 0x10, 0x0D, 
        0x0E, 0x11, 0x0E, 0x0B, 0x0B, 0x10, 0x16, 0x10, 0x11, 0x13, 0x14, 0x15, 0x15, 0x15, 0x0C, 0x0F, 
        0x17, 0x18, 0x16, 0x14, 0x18, 0x12, 0x14, 0x15, 0x14, 0xFF, 0xDB, 0x00, 0x43, 0x01, 0x03, 0x04, 
        0x04, 0x05, 0x04, 0x05, 0x09, 0x05, 0x05, 0x09, 0x14, 0x0D, 0x0B, 0x0D, 0x14, 0x14, 0x14, 0x14, 
        0x14, 0x14, 0x14, 0x14, 0x14, 0x14, 0x14, 0x14, 0x14, 0x14, 0x14, 0x14, 0x14, 0x14, 0x14, 0x14, 
        0x14, 0x14, 0x14, 0x14, 0x14, 0x14, 0x14, 0x14, 0x14, 0x14, 0x14, 0x14, 0x14, 0x14, 0x14, 0x14, 
        0x14, 0x14, 0x14, 0x14, 0x14, 0x14, 0x14, 0x14, 0x14, 0x14, 0x14, 0x14, 0x14, 0x14, 0xFF, 0xC0, 
        0x00, 0x11, 0x08, 0x00, 0x40, 0x00, 0x98, 0x03, 0x01, 0x22, 0x00, 0x02, 0x11, 0x01, 0x03, 0x11, 
        0x01, 0xFF, 0xC4, 0x00, 0x1F, 0x00, 0x00, 0x01, 0x05, 0x01, 0x01, 0x01, 0x01, 0x01, 0x01, 0x00, 
        0x00, 0x00, 0x00, 0x00, 0x00, 0x00, 0x00, 0x01, 0x02, 0x03, 0x04, 0x05, 0x06, 0x07, 0x08, 0x09, 
        0x0A, 0x0B, 0xFF, 0xC4, 0x00, 0xB5, 0x10, 0x00, 0x02, 0x01, 0x03, 0x03, 0x02, 0x04, 0x03, 0x05, 
        0x05, 0x04, 0x04, 0x00, 0x00, 0x01, 0x7D, 0x01, 0x02, 0x03, 0x00, 0x04, 0x11, 0x05, 0x12, 0x21, 
        0x31, 0x41, 0x06, 0x13, 0x51, 0x61, 0x07, 0x22, 0x71, 0x14, 0x32, 0x81, 0x91, 0xA1, 0x08, 0x23, 
        0x42, 0xB1, 0xC1, 0x15, 0x52, 0xD1, 0xF0, 0x24, 0x33, 0x62, 0x72, 0x82, 0x09, 0x0A, 0x16, 0x17, 
        0x18, 0x19, 0x1A, 0x25, 0x26, 0x27, 0x28, 0x29, 0x2A, 0x34, 0x35, 0x36, 0x37, 0x38, 0x39, 0x3A, 
        0x43, 0x44, 0x45, 0x46, 0x47, 0x48, 0x49, 0x4A, 0x53, 0x54, 0x55, 0x56, 0x57, 0x58, 0x59, 0x5A, 
        0x63, 0x64, 0x65, 0x66, 0x67, 0x68, 0x69, 0x6A, 0x73, 0x74, 0x75, 0x76, 0x77, 0x78, 0x79, 0x7A, 
        0x83, 0x84, 0x85, 0x86, 0x87, 0x88, 0x89, 0x8A, 0x92, 0x93, 0x94, 0x95, 0x96, 0x97, 0x98, 0x99, 
        0x9A, 0xA2, 0xA3, 0xA4, 0xA5, 0xA6, 0xA7, 0xA8, 0xA9, 0xAA, 0xB2, 0xB3, 0xB4, 0xB5, 0xB6, 0xB7, 
        0xB8, 0xB9, 0xBA, 0xC2, 0xC3, 0xC4, 0xC5, 0xC6, 0xC7, 0xC8, 0xC9, 0xCA, 0xD2, 0xD3, 0xD4, 0xD5, 
        0xD6, 0xD7, 0xD8, 0xD9, 0xDA, 0xE1, 0xE2, 0xE3, 0xE4, 0xE5, 0xE6, 0xE7, 0xE8, 0xE9, 0xEA, 0xF1, 
        0xF2, 0xF3, 0xF4, 0xF5, 0xF6, 0xF7, 0xF8, 0xF9, 0xFA, 0xFF, 0xC4, 0x00, 0x1F, 0x01, 0x00, 0x03, 
        0x01, 0x01, 0x01, 0x01, 0x01, 0x01, 0x01, 0x01, 0x01, 0x00, 0x00, 0x00, 0x00, 0x00, 0x00, 0x01, 
        0x02, 0x03, 0x04, 0x05, 0x06, 0x07, 0x08, 0x09, 0x0A, 0x0B, 0xFF, 0xC4, 0x00, 0xB5, 0x11, 0x00, 
        0x02, 0x01, 0x02, 0x04, 0x04, 0x03, 0x04, 0x07, 0x05, 0x04, 0x04, 0x00, 0x01, 0x02, 0x77, 0x00, 
        0x01, 0x02, 0x03, 0x11, 0x04, 0x05, 0x21, 0x31, 0x06, 0x12, 0x41, 0x51, 0x07, 0x61, 0x71, 0x13, 
        0x22, 0x32, 0x81, 0x08, 0x14, 0x42, 0x91, 0xA1, 0xB1, 0xC1, 0x09, 0x23, 0x33, 0x52, 0xF0, 0x15, 
        0x62, 0x72, 0xD1, 0x0A, 0x16, 0x24, 0x34, 0xE1, 0x25, 0xF1, 0x17, 0x18, 0x19, 0x1A, 0x26, 0x27, 
        0x28, 0x29, 0x2A, 0x35, 0x36, 0x37, 0x38, 0x39, 0x3A, 0x43, 0x44, 0x45, 0x46, 0x47, 0x48, 0x49, 
        0x4A, 0x53, 0x54, 0x55, 0x56, 0x57, 0x58, 0x59, 0x5A, 0x63, 0x64, 0x65, 0x66, 0x67, 0x68, 0x69, 
        0x6A, 0x73, 0x74, 0x75, 0x76, 0x77, 0x78, 0x79, 0x7A, 0x82, 0x83, 0x84, 0x85, 0x86, 0x87, 0x88, 
        0x89, 0x8A, 0x92, 0x93, 0x94, 0x95, 0x96, 0x97, 0x98, 0x99, 0x9A, 0xA2, 0xA3, 0xA4, 0xA5, 0xA6, 
        0xA7, 0xA8, 0xA9, 0xAA, 0xB2, 0xB3, 0xB4, 0xB5, 0xB6, 0xB7, 0xB8, 0xB9, 0xBA, 0xC2, 0xC3, 0xC4, 
        0xC5, 0xC6, 0xC7, 0xC8, 0xC9, 0xCA, 0xD2, 0xD3, 0xD4, 0xD5, 0xD6, 0xD7, 0xD8, 0xD9, 0xDA, 0xE2, 
        0xE3, 0xE4, 0xE5, 0xE6, 0xE7, 0xE8, 0xE9, 0xEA, 0xF2, 0xF3, 0xF4, 0xF5, 0xF6, 0xF7, 0xF8, 0xF9, 
        0xFA, 0xFF, 0xDA, 0x00, 0x0C, 0x03, 0x01, 0x00, 0x02, 0x11, 0x03, 0x11, 0x00, 0x3F, 0x00, 0xCE, 
        0xF1, 0x17, 0x89, 0x3C, 0x21, 0xF0, 0x8B, 0xE1, 0xE7, 0xC1, 0xAB, 0x1B, 0x2F, 0x83, 0x7F, 0x0B, 
        0xB5, 0xB9, 0x75, 0x4F, 0x87, 0xDA, 0x26, 0xAF, 0x79, 0x7F, 0xAE, 0x78, 0x52, 0x0B, 0x9B, 0xA9, 
        0xAE, 0x25, 0x83, 0x12, 0x3B, 0x48, 0x36, 0x96, 0x2C, 0x53, 0x71, 0x2D, 0x92, 0x49, 0x24, 0x93, 
        0x9A, 0xE6, 0xBF, 0xE1, 0x7E, 0x78, 0x7F, 0xFE, 0x88, 0x2F, 0xC1, 0x6F, 0xFC, 0x22, 0xA1, 0xFF, 
        0x00, 0xE2, 0xAA, 0x87, 0xED, 0x11, 0x71, 0xE5, 0x78, 0x67, 0xE0, 0x18, 0xFF, 0x00, 0xAA, 0x53, 
        0xE1, 0xE3, 0xFF, 0x00, 0x90, 0x9E, 0xBC, 0x6B, 0xED, 0x9E, 0xF5, 0xF9, 0xE6, 0x3F, 0x19, 0x8B, 
        0xA7, 0x8A, 0xA9, 0x1A, 0x75, 0x1A, 0x49, 0x9F, 0xD9, 0x1C, 0x25, 0xC3, 0x7C, 0x3B, 0x8B, 0xC8, 
        0xB0, 0x95, 0xF1, 0x58, 0x38, 0x4A, 0xA4, 0xA3, 0x76, 0xDD, 0xEE, 0xDD, 0xFD, 0x4F, 0x74, 0xFF, 
        0x00, 0x85, 0xF9, 0xE1, 0xFF, 0x00, 0xFA, 0x20, 0xBF, 0x05, 0xBF, 0xF0, 0x8A, 0x87, 0xFF, 0x00, 
        0x8A, 0xA3, 0xFE, 0x17, 0xE7, 0x87, 0xFF, 0x00, 0xE8, 0x82, 0xFC, 0x16, 0xFF, 0x00, 0xC2, 0x2A, 
        0x1F, 0xFE, 0x2A, 0xBC, 0x2F, 0xED, 0x9E, 0xF4, 0x7D, 0xB3, 0xDE, 0xBC, 0xFF, 0x00, 0xAF, 0xE3, 
        0xBF, 0xE7, 0xEB, 0x3E, 0xBB, 0xFD, 0x53, 0xE1, 0x5F, 0xFA, 0x01, 0x87, 0xDC, 0xFF, 0x00, 0xCC, 
        0xF7, 0x4F, 0xF8, 0x5F, 0x9E, 0x1F, 0xFF, 0x00, 0xA2, 0x0B, 0xF0, 0x5B, 0xFF, 0x00, 0x08, 0xA8, 
        0x7F, 0xF8, 0xAA, 0x3F, 0xE1, 0x7E, 0x78, 0x7F, 0xFE, 0x88, 0x2F, 0xC1, 0x6F, 0xFC, 0x22, 0xA1, 
        0xFF, 0x00, 0xE2, 0xAB, 0xC2, 0xFE, 0xD9, 0xEF, 0x47, 0xDB, 0x3D, 0xE8, 0xFA, 0xFE, 0x3B, 0xFE, 
        0x7E, 0xB0, 0xFF, 0x00, 0x54, 0xF8, 0x57, 0xFE, 0x80, 0x61, 0xF7, 0x3F, 0xF3, 0x3D, 0xD3, 0xFE, 
        0x17, 0xE7, 0x87, 0xFF, 0x00, 0xE8, 0x82, 0xFC, 0x16, 0xFF, 0x00, 0xC2, 0x2A, 0x1F, 0xFE, 0x2A, 
        0x8F, 0xF8, 0x5F, 0x9E, 0x1F, 0xFF, 0x00, 0xA2, 0x0B, 0xF0, 0x5B, 0xFF, 0x00, 0x08, 0xA8, 0x7F, 
        0xF8, 0xAA, 0xF0, 0xBF, 0xB6, 0x7B, 0xD1, 0xF6, 0xCF, 0x7A, 0x3E, 0xBF, 0x8E, 0xFF, 0x00, 0x9F, 
        0xAC, 0x3F, 0xD5, 0x3E, 0x15, 0xFF, 0x00, 0xA0, 0x18, 0x7D, 0xCF, 0xFC, 0xCF, 0x74, 0xFF, 0x00, 
        0x85, 0xF9, 0xE1, 0xFF, 0x00, 0xFA, 0x20, 0xBF, 0x05, 0xBF, 0xF0, 0x8A, 0x87, 0xFF, 0x00, 0x8A, 
        0xA3, 0xFE, 0x17, 0xE7, 0x87, 0xFF, 0x00, 0xE8, 0x82, 0xFC, 0x16, 0xFF, 0x00, 0xC2, 0x2A, 0x1F, 
        0xFE, 0x2A, 0xBC, 0x2F, 0xED, 0x9E, 0xF4, 0x7D, 0xB3, 0xDE, 0x8F, 0xAF, 0xE3, 0xBF, 0xE7, 0xEB, 
        0x0F, 0xF5, 0x4F, 0x85, 0x7F, 0xE8, 0x06, 0x1F, 0x73, 0xFF, 0x00, 0x33, 0xDD, 0x3F, 0xE1, 0x7E, 
        0x78, 0x7F, 0xFE, 0x88, 0x2F, 0xC1, 0x6F, 0xFC, 0x22, 0xA1, 0xFF, 0x00, 0xE2, 0xA8, 0xFF, 0x00, 
        0x85, 0xF9, 0xE1, 0xFF, 0x00, 0xFA, 0x20, 0xBF, 0x05, 0xBF, 0xF0, 0x8A, 0x87, 0xFF, 0x00, 0x8A, 
        0xAF, 0x0B, 0xFB, 0x67, 0xBD, 0x1F, 0x6C, 0xF7, 0xA3, 0xEB, 0xF8, 0xEF, 0xF9, 0xFA, 0xC3, 0xFD, 
        0x53, 0xE1, 0x5F, 0xFA, 0x01, 0x87, 0xDC, 0xFF, 0x00, 0xCC, 0xF7, 0x4F, 0xF8, 0x5F, 0x9E, 0x1F, 
        0xFF, 0x00, 0xA2, 0x0B, 0xF0, 0x5B, 0xFF, 0x00, 0x08, 0xA8, 0x7F, 0xF8, 0xAA, 0x3F, 0xE1, 0x7E, 
        0x78, 0x7F, 0xFE, 0x88, 0x2F, 0xC1, 0x6F, 0xFC, 0x22, 0xA1, 0xFF, 0x00, 0xE2, 0xAB, 0xC2, 0xFE, 
        0xD9, 0xEF, 0x47, 0xDB, 0x3D, 0xE8, 0xFA, 0xFE, 0x3B, 0xFE, 0x7E, 0xB0, 0xFF, 0x00, 0x54, 0xF8, 
        0x57, 0xFE, 0x80, 0x61, 0xF7, 0x3F, 0xF3, 0x3D, 0xD3, 0xFE, 0x17, 0xE7, 0x87, 0xFF, 0x00, 0xE8, 
        0x82, 0xFC, 0x16, 0xFF, 0x00, 0xC2, 0x2A, 0x1F, 0xFE, 0x2A, 0x8F, 0xF8, 0x5F, 0x9E, 0x1F, 0xFF, 
        0x00, 0xA2, 0x0B, 0xF0, 0x5B, 0xFF, 0x00, 0x08, 0xA8, 0x7F, 0xF8, 0xAA, 0xF0, 0xBF, 0xB6, 0x7B, 
        0xD1, 0xF6, 0xCF, 0x7A, 0x3E, 0xBF, 0x8E, 0xFF, 0x00, 0x9F, 0xAC, 0x3F, 0xD5, 0x3E, 0x15, 0xFF, 
        0x00, 0xA0, 0x18, 0x7D, 0xCF, 0xFC, 0xCF, 0x74, 0xFF, 0x00, 0x85, 0xF9, 0xE1, 0xFF, 0x00, 0xFA, 
        0x20, 0xBF, 0x05, 0xBF, 0xF0, 0x8A, 0x87, 0xFF, 0x00, 0x8A, 0xAE, 0x8F, 0xE1, 0xBF, 0xC5, 0x9F, 
        0x0B, 0x78, 0xC7, 0xE2, 0x27, 0x85, 0xB4, 0x0B, 0xCF, 0x81, 0x3F, 0x06, 0xE2, 0xB4, 0xD5, 0x75, 
        0x5B, 0x5B, 0x19, 0x9E, 0x0F, 0x06, 0x40, 0x24, 0x54, 0x96, 0x65, 0x46, 0x2A, 0x49, 0x20, 0x1C, 
        0x31, 0xC6, 0x41, 0x19, 0xEC, 0x6B, 0xE6, 0x8F, 0xB6, 0x7B, 0xD7, 0x77, 0xF0, 0x16, 0xEF, 0x77, 
        0xC7, 0x3F, 0x87, 0x43, 0x3D, 0x7C, 0x47, 0xA7, 0x0F, 0xFC, 0x9A, 0x8E, 0xB5, 0xA5, 0x8E, 0xC6, 
        0xBA, 0x91, 0x4E, 0xAB, 0xB5, 0xD1, 0xE7, 0xE6, 0x1C, 0x2D, 0xC3, 0x14, 0xF0, 0x75, 0xA7, 0x4F, 
        0x03, 0x05, 0x25, 0x19, 0x34, 0xEC, 0xF7, 0xB3, 0xB7, 0x53, 0xF4, 0xA3, 0xF6, 0x2D, 0xB1, 0xB6, 
        0xD3, 0x3F, 0x67, 0xDD, 0x3A, 0xCE, 0xCE, 0xDE, 0x2B, 0x4B, 0x4B, 0x7D, 0x73, 0xC4, 0x10, 0xC3, 
        0x6F, 0x02, 0x04, 0x8E, 0x24, 0x5D, 0x6A, 0xF4, 0x2A, 0xAA, 0x8E, 0x00, 0x00, 0x00, 0x00, 0xE0, 
        0x01, 0x45, 0x4F, 0xFB, 0x1D, 0x7F, 0xC9, 0x0A, 0xB6, 0xFF, 0x00, 0xB1, 0x83, 0xC4, 0x5F, 0xFA, 
        0x7B, 0xBE, 0xA2, 0xBF, 0x4E, 0x3F, 0x86, 0x4F, 0xCE, 0x7F, 0xDA, 0x6E, 0xE3, 0xCA, 0xD0, 0x3E, 
        0x00, 0x8C, 0xFF, 0x00, 0xCD, 0x27, 0xF0, 0xE9, 0xFF, 0x00, 0xC8, 0x52, 0x57, 0x87, 0xFD, 0xB7, 
        0xDE, 0xBD, 0x77, 0xF6, 0xAE, 0xB8, 0xF2, 0xB4, 0x8F, 0xD9, 0xFC, 0x67, 0xFE, 0x69, 0x27, 0x87, 
        0x4F, 0xFE, 0x43, 0x96, 0xBC, 0x13, 0xED, 0xBE, 0xF5, 0xF0, 0xB8, 0xDA, 0x3C, 0xD8, 0x99, 0xBF, 
        0x33, 0xFA, 0xAF, 0x86, 0x33, 0x2F, 0x65, 0x93, 0x61, 0xA1, 0x7D, 0xA2, 0x6F, 0x7D, 0xB7, 0xDE, 
        0x8F, 0xB6, 0xFB, 0xD6, 0x0F, 0xDB, 0x7D, 0xE8, 0xFB, 0x6F, 0xBD, 0x71, 0x7B, 0x03, 0xEA, 0x3F, 
        0xB5, 0xBC, 0xCD, 0xEF, 0xB6, 0xFB, 0xD1, 0xF6, 0xDF, 0x7A, 0xC1, 0xFB, 0x6F, 0xBD, 0x1F, 0x6D, 
        0xF7, 0xA3, 0xD8, 0x07, 0xF6, 0xB7, 0x99, 0xBD, 0xF6, 0xDF, 0x7A, 0x3E, 0xDB, 0xEF, 0x58, 0x3F, 
        0x6D, 0xF7, 0xA3, 0xED, 0xBE, 0xF4, 0x7B, 0x00, 0xFE, 0xD6, 0xF3, 0x37, 0xBE, 0xDB, 0xEF, 0x47, 
        0xDB, 0x7D, 0xEB, 0x07, 0xED, 0xBE, 0xF4, 0x7D, 0xB7, 0xDE, 0x8F, 0x60, 0x1F, 0xDA, 0xDE, 0x66, 
        0xF7, 0xDB, 0x7D, 0xE8, 0xFB, 0x6F, 0xBD, 0x60, 0xFD, 0xB7, 0xDE, 0x8F, 0xB6, 0xFB, 0xD1, 0xEC, 
        0x03, 0xFB, 0x5B, 0xCC, 0xDE, 0xFB, 0x6F, 0xBD, 0x1F, 0x6D, 0xF7, 0xAC, 0x1F, 0xB6, 0xFB, 0xD1, 
        0xF6, 0xDF, 0x7A, 0x3D, 0x80, 0x7F, 0x6B, 0x79, 0x9B, 0xDF, 0x6D, 0xF7, 0xA3, 0xED, 0xBE, 0xF5, 
        0x83, 0xF6, 0xDF, 0x7A, 0x3E, 0xDB, 0xEF, 0x47, 0xB0, 0x0F, 0xED, 0x6F, 0x33, 0x7B, 0xED, 0xBE, 
        0xF5, 0xDF, 0xFE, 0xCF, 0xB7, 0x7B, 0xBE, 0x3D, 0x7C, 0x36, 0x19, 0xEB, 0xE2, 0x5D, 0x34, 0x7F, 
        0xE4, 0xD4, 0x75, 0xE4, 0x5F, 0x6D, 0xF7, 0xAF, 0x42, 0xFD, 0x9D, 0xAE, 0xF7, 0x7E, 0xD0, 0x5F, 
        0x0C, 0x46, 0x7A, 0xF8, 0xA3, 0x4C, 0x1F, 0xF9, 0x37, 0x15, 0x69, 0x4A, 0x85, 0xA7, 0x1F, 0x54, 
        0x71, 0x63, 0xB3, 0x4E, 0x6C, 0x2D, 0x55, 0x7F, 0xB3, 0x2F, 0xC8, 0xFD, 0x64, 0xFD, 0x8E, 0xBF, 
        0xE4, 0x85, 0x5B, 0x7F, 0xD8, 0xC1, 0xE2, 0x2F, 0xFD, 0x3D, 0xDF, 0x51, 0x47, 0xEC, 0x75, 0xFF, 
        0x00, 0x24, 0x2A, 0xDB, 0xFE, 0xC6, 0x0F, 0x11, 0x7F, 0xE9, 0xEE, 0xFA, 0x8A, 0xFD, 0x0C, 0xFE, 
        0x39, 0x3F, 0x30, 0xBF, 0x6C, 0x1B, 0x9F, 0x27, 0x4F, 0xFD, 0x9F, 0x97, 0x3F, 0xF3, 0x48, 0xBC, 
        0x38, 0x7F, 0xF2, 0x1C, 0xB5, 0xF3, 0xC7, 0xDB, 0xBD, 0xEB, 0xDD, 0x3F, 0x6D, 0x4B, 0x8F, 0x2A, 
        0xDB, 0xF6, 0x7C, 0x19, 0xFF, 0x00, 0x9A, 0x41, 0xE1, 0xC3, 0xFF, 0x00, 0x8E, 0x4D, 0x5F, 0x36, 
        0xFD, 0xB7, 0xDE, 0xBC, 0x1A, 0xF4, 0x79, 0xAA, 0x49, 0x9F, 0xAD, 0x65, 0x79, 0x8F, 0xB2, 0xC1, 
        0x52, 0x85, 0xF6, 0x46, 0xF7, 0xDB, 0xBD, 0xE8, 0xFB, 0x77, 0xBD, 0x60, 0xFD, 0xB7, 0xDE, 0x8F, 
        0xB6, 0xFB, 0xD6, 0x1E, 0xC0, 0xF5, 0x3F, 0xB5, 0xBC, 0xCD, 0xEF, 0xB7, 0x7B, 0xD1, 0xF6, 0xEF, 
        0x7A, 0xC1, 0xFB, 0x6F, 0xBD, 0x1F, 0x6D, 0xF7, 0xA3, 0xD8, 0x07, 0xF6, 0xB7, 0x99, 0xBD, 0xF6, 
        0xEF, 0x7A, 0x3E, 0xDD, 0xEF, 0x58, 0x3F, 0x6D, 0xF7, 0xA3, 0xED, 0xBE, 0xF4, 0x7B, 0x00, 0xFE, 
        0xD6, 0xF3, 0x37, 0xBE, 0xDD, 0xEF, 0x47, 0xDB, 0xBD, 0xEB, 0x07, 0xED, 0xBE, 0xF4, 0x7D, 0xB7, 
        0xDE, 0x8F, 0x60, 0x1F, 0xDA, 0xDE, 0x66, 0xF7, 0xDB, 0xBD, 0xE8, 0xFB, 0x77, 0xBD, 0x60, 0xFD, 
        0xB7, 0xDE, 0x8F, 0xB6, 0xFB, 0xD1, 0xEC, 0x03, 0xFB, 0x5B, 0xCC, 0xDE, 0xFB, 0x77, 0xBD, 0x1F, 
        0x6E, 0xF7, 0xAC, 0x1F, 0xB6, 0xFB, 0xD1, 0xF6, 0xDF, 0x7A, 0x3D, 0x80, 0x7F, 0x6B, 0x79, 0x9B, 
        0xDF, 0x6E, 0xF7, 0xA3, 0xED, 0xDE, 0xF5, 0x83, 0xF6, 0xDF, 0x7A, 0x3E, 0xDB, 0xEF, 0x47, 0xB0, 
        0x0F, 0xED, 0x6F, 0x33, 0x7B, 0xED, 0xDE, 0xF5, 0xE8, 0xDF, 0xB3, 0x75, 0xE6, 0xEF, 0xDA, 0x27, 
        0xE1, 0x6A, 0xE7, 0xAF, 0x8A, 0xB4, 0xA1, 0xFF, 0x00, 0x93, 0x71, 0x57, 0x8D, 0xFD, 0xB7, 0xDE, 
        0xBD, 0x2B, 0xF6, 0x66, 0xBB, 0xDD, 0xFB, 0x48, 0x7C, 0x28, 0x19, 0xEB, 0xE2, 0xCD, 0x24, 0x7F, 
        0xE4, 0xE4, 0x55, 0x51, 0xA1, 0x69, 0x23, 0x0A, 0xF9, 0xA7, 0x35, 0x29, 0xAB, 0xF4, 0x7F, 0x91, 
        0xFB, 0x31, 0xFB, 0x1D, 0x7F, 0xC9, 0x0A, 0xB6, 0xFF, 0x00, 0xB1, 0x83, 0xC4, 0x5F, 0xFA, 0x7B, 
        0xBE, 0xA2, 0x8F, 0xD8, 0xEB, 0xFE, 0x48, 0x55, 0xB7, 0xFD, 0x8C, 0x1E, 0x22, 0xFF, 0x00, 0xD3, 
        0xDD, 0xF5, 0x15, 0xF4, 0x67, 0xE3, 0x07, 0xE4, 0xE7, 0xED, 0xCF, 0x71, 0xE5, 0x0F, 0xD9, 0xE8, 
        0x67, 0xFE, 0x68, 0xF7, 0x86, 0xCF, 0xFE, 0x3B, 0x35, 0x7C, 0xC5, 0xF6, 0xDF, 0x7A, 0xFD, 0xB5, 
        0x4F, 0xD8, 0xAF, 0xC5, 0x17, 0x1E, 0x1F, 0xF0, 0xD6, 0x95, 0xAC, 0x78, 0xAB, 0xE1, 0xBF, 0x8A, 
        0x17, 0xC3, 0xDA, 0x45, 0xAE, 0x87, 0x63, 0x79, 0xE2, 0x0F, 0x85, 0xB0, 0xDF, 0x5C, 0xA5, 0xA5, 
        0xBA, 0x6C, 0x8A, 0x33, 0x24, 0x97, 0xA4, 0xE0, 0x0C, 0x9C, 0x0C, 0x0C, 0xB3, 0x1C, 0x72, 0x6A, 
        0x2F, 0xF8, 0x61, 0x9B, 0xFF, 0x00, 0xF9, 0xED, 0xF0, 0x6F, 0xFF, 0x00, 0x0C, 0xED, 0xAF, 0xFF, 
        0x00, 0x26, 0x56, 0x4E, 0x9A, 0x6E, 0xE7, 0x74, 0x31, 0x73, 0x84, 0x54, 0x57, 0x43, 0xF1, 0x3F, 
        0xED, 0xBE, 0xF4, 0x7D, 0xB7, 0xDE, 0xBF, 0x6C, 0x3F, 0xE1, 0x86, 0x6F, 0xFF, 0x00, 0xE7, 0xB7, 
        0xC1, 0xBF, 0xFC, 0x33, 0xB6, 0xBF, 0xFC, 0x99, 0x47, 0xFC, 0x30, 0xCD, 0xFF, 0x00, 0xFC, 0xF6, 
        0xF8, 0x37, 0xFF, 0x00, 0x86, 0x76, 0xD7, 0xFF, 0x00, 0x93, 0x29, 0x7B, 0x24, 0x69, 0xF5, 0xEA, 
        0x87, 0xE2, 0x7F, 0xDB, 0x7D, 0xE8, 0xFB, 0x6F, 0xBD, 0x7E, 0xD8, 0x7F, 0xC3, 0x0C, 0xDF, 0xFF, 
        0x00, 0xCF, 0x6F, 0x83, 0x7F, 0xF8, 0x67, 0x6D, 0x7F, 0xF9, 0x32, 0x8F, 0xF8, 0x61, 0x9B, 0xFF, 
        0x00, 0xF9, 0xED, 0xF0, 0x6F, 0xFF, 0x00, 0x0C, 0xED, 0xAF, 0xFF, 0x00, 0x26, 0x51, 0xEC, 0x90, 
        0x7D, 0x7A, 0xA1, 0xF8, 0x9F, 0xF6, 0xDF, 0x7A, 0x3E, 0xDB, 0xEF, 0x5F, 0xB6, 0x1F, 0xF0, 0xC3, 
        0x37, 0xFF, 0x00, 0xF3, 0xDB, 0xE0, 0xDF, 0xFE, 0x19, 0xDB, 0x5F, 0xFE, 0x4C, 0xA3, 0xFE, 0x18, 
        0x66, 0xFF, 0x00, 0xFE, 0x7B, 0x7C, 0x1B, 0xFF, 0x00, 0xC3, 0x3B, 0x6B, 0xFF, 0x00, 0xC9, 0x94, 
        0x7B, 0x24, 0x1F, 0x5E, 0xA8, 0x7E, 0x27, 0xFD, 0xB7, 0xDE, 0x8F, 0xB6, 0xFB, 0xD7, 0xED, 0x87, 
        0xFC, 0x30, 0xCD, 0xFF, 0x00, 0xFC, 0xF6, 0xF8, 0x37, 0xFF, 0x00, 0x86, 0x76, 0xD7, 0xFF, 0x00, 
        0x93, 0x28, 0xFF, 0x00, 0x86, 0x19, 0xBF, 0xFF, 0x00, 0x9E, 0xDF, 0x06, 0xFF, 0x00, 0xF0, 0xCE, 
        0xDA, 0xFF, 0x00, 0xF2, 0x65, 0x1E, 0xC9, 0x07, 0xD7, 0xAA, 0x1F, 0x89, 0xFF, 0x00, 0x6D, 0xF7, 
        0xA3, 0xED, 0xBE, 0xF5, 0xFB, 0x61, 0xFF, 0x00, 0x0C, 0x33, 0x7F, 0xFF, 0x00, 0x3D, 0xBE, 0x0D, 
        0xFF, 0x00, 0xE1, 0x9D, 0xB5, 0xFF, 0x00, 0xE4, 0xCA, 0x3F, 0xE1, 0x86, 0x6F, 0xFF, 0x00, 0xE7, 
        0xB7, 0xC1, 0xBF, 0xFC, 0x33, 0xB6, 0xBF, 0xFC, 0x99, 0x47, 0xB2, 0x41, 0xF5, 0xEA, 0x87, 0xE2, 
        0x7F, 0xDB, 0x7D, 0xE8, 0xFB, 0x6F, 0xBD, 0x7E, 0xD8, 0x7F, 0xC3, 0x0C, 0xDF, 0xFF, 0x00, 0xCF, 
        0x6F, 0x83, 0x7F, 0xF8, 0x67, 0x6D, 0x7F, 0xF9, 0x32, 0x8F, 0xF8, 0x61, 0x9B, 0xFF, 0x00, 0xF9, 
        0xED, 0xF0, 0x6F, 0xFF, 0x00, 0x0C, 0xED, 0xAF, 0xFF, 0x00, 0x26, 0x51, 0xEC, 0x90, 0x7D, 0x7A, 
        0xA1, 0xF8, 0x9F, 0xF6, 0xDF, 0x7A, 0x3E, 0xDB, 0xEF, 0x5F, 0xB6, 0x1F, 0xF0, 0xC3, 0x37, 0xFF, 
        0x00, 0xF3, 0xDB, 0xE0, 0xDF, 0xFE, 0x19, 0xDB, 0x5F, 0xFE, 0x4C, 0xA3, 0xFE, 0x18, 0x66, 0xFF, 
        0x00, 0xFE, 0x7B, 0x7C, 0x1B, 0xFF, 0x00, 0xC3, 0x3B, 0x6B, 0xFF, 0x00, 0xC9, 0x94, 0x7B, 0x24, 
        0x1F, 0x5E, 0xA8, 0x7E, 0x27, 0xFD, 0xB7, 0xDE, 0xBD, 0x37, 0xF6, 0x5E, 0xBB, 0xDD, 0xFB, 0x4C, 
        0x7C, 0x24, 0x19, 0xEB, 0xE2, 0xED, 0x20, 0x7F, 0xE4, 0xEC, 0x55, 0xFA, 0xC7, 0xFF, 0x00, 0x0C, 
        0x33, 0x7F, 0xFF, 0x00, 0x3D, 0xBE, 0x0D, 0xFF, 0x00, 0xE1, 0x9D, 0xB5, 0xFF, 0x00, 0xE4, 0xCA, 
        0xB5, 0xA5, 0x7E, 0xC5, 0xBA, 0xE6, 0x85, 0xAA, 0x59, 0xEA, 0x5A, 0x6E, 0xA5, 0xF0, 0x8F, 0x4F, 
        0xD4, 0x6C, 0xE6, 0x4B, 0x8B, 0x6B, 0xBB, 0x5F, 0x84, 0x36, 0xD1, 0x4D, 0x04, 0xA8, 0xC1, 0x92, 
        0x44, 0x75, 0xBD, 0x05, 0x59, 0x58, 0x02, 0x08, 0x39, 0x04, 0x02, 0x28, 0xF6, 0x68, 0x4F, 0x1B, 
        0x51, 0xAB, 0x1E, 0x8D, 0xFB, 0x1D, 0x7F, 0xC9, 0x0A, 0xB6, 0xFF, 0x00, 0xB1, 0x83, 0xC4, 0x5F, 
        0xFA, 0x7B, 0xBE, 0xA2, 0xBA, 0xFF, 0x00, 0x81, 0xFF, 0x00, 0x0D, 0x2E, 0x7E, 0x11, 0x7C, 0x37, 
        0xB3, 0xF0, 0xCD, 0xE6, 0xAD, 0x16, 0xB9, 0x77, 0x15, 0xE5, 0xFD, 0xEC, 0xD7, 0xD0, 0x59, 0x9B, 
        0x48, 0xE4, 0x7B, 0xAB, 0xC9, 0xAE, 0x98, 0x2C, 0x46, 0x49, 0x0A, 0x85, 0x33, 0x95, 0x19, 0x76, 
        0x38, 0x5C, 0xE7, 0x9A, 0x2B, 0x63, 0xCE, 0x3F, 0xFF, 0xD9, 0x33, 0x33, 0x33, 0x33, 0x33, 0x33, 
        0x33, 0x33, 0x33, 0x33, 0x33, 0x33, 0x33, 0x33, 0x33, 0x33, 0x33, 0x33, 0x33, 0x33, 0x33, 0x33, 
        0x33, 0x33, 0x33, 0x33, 0x33, 0x33, 0x33, 0x33, 0x33, 0x33, 0x33, 0x33, 0x33, 0x33, 0x33, 0x33, 
        0x33, 0x33, 0x33, 0x33, 0x33, 0x33, 0x33, 0x33, 0x33, 0x33, 0x33, 0x33, 0x33, 0x33, 0x33, 0x33, 
        0x33, 0x33, 0x33, 0x33, 0x33, 0x33, 0x33, 0x33, 0x33, 0x33, 0x33, 0x33, 0x33, 0x33, 0x33, 0x33, 
        0x33, 0x33, 0x33, 0x33, 0x33, 0x33, 0x33, 0x33, 0x33, 0x33, 0x33, 0x33, 0x33, 0x33, 0x33, 0x33, 
        0x33, 0x33, 0x33, 0x33, 0x33, 0x33, 0x33, 0x33, 0x33, 0x33, 0x33, 0x33, 0x33, 0x33, 0x33, 0x33, 
        0x33, 0x33, 0x33, 0x33, 0x33, 0x33, 0x33, 0x33, 0x33, 0x33, 0x33, 0x33, 0x33, 0x33, 0x33, 0x33, 
        0x33, 0x33, 0x33, 0x33, 0x33, 0x33, 0x33, 0x33, 0x33, 0x33, 0x33, 0x33, 0x33, 0x33, 0x33, 0x33, 
        0x33, 0x33, 0x33, 0x33, 0x33, 0x33, 0x33, 0x33, 0x33, 0x33, 0x33, 0x33, 0x33, 0x33, 0x33, 0x33, 
        0x33, 0x33, 0x33, 0x33, 0x33, 0x33, 0x33, 0x33, 0x33, 0x33, 0x33, 0x33, 0x33, 0x33, 0x33, 0x33, 
        0x33, 0x33, 0x33, 0x33, 0x33, 0x33, 0x33, 0x33, 0x33, 0x33, 0x33, 0x33, 0x33, 0x33, 0x33, 0x33, 
        0x33, 0x33, 0x33, 0x33, 0x33, 0x33, 0x33, 0x33, 0x33, 0x33, 0x33, 0x33, 0x33, 0x33, 0x33, 0x33, 
        0x33, 0x33, 0x33, 0x33, 0x33, 0x33, 0x33, 0x33, 0x33, 0x33, 0x33, 0x33, 0x33, 0x33, 0x33, 0x33, 
        0x33, 0x33, 0x33, 0x33, 0x33, 0x33, 0x33, 0x33, 0x33, 0x33, 0x33, 0x33, 0x33, 0x33, 0x33, 0x33, 
        0x33, 0x33, 0x33, 0x33, 0x33, 0x33, 0x33, 0x33, 0x33, 0x33, 0x33, 0x33, 0x33, 0x33, 0x33, 0x33, 
        0x33, 0x33, 0x33, 0x33, 0x33, 0x33, 0x33, 0x33, 0x33, 0x33, 0x33, 0x33, 0x33, 0x33, 0x33, 0x33, 
        0x33, 0x33, 0x33, 0x33, 0x33, 0x33, 0x33, 0x33, 0x33, 0x33, 0x33, 0x33, 0x33, 0x33, 0x33, 0x33, 
        0x33, 0x33, 0x33, 0x33, 0x33, 0x33, 0x33, 0x33, 0x33, 0x33, 0x33, 0x33, 0x33, 0x33, 0x33, 0x33, 
        0x33, 0x33, 0x33, 0x33, 0x33, 0x33, 0x33, 0x33, 0x33, 0x33, 0x33, 0x33, 0x33, 0x33, 0x33, 0x33, 
        0x33, 0x33, 0x33, 0x33, 0x33, 0x33, 0x33, 0x33, 0x33, 0x33, 0x33, 0x33, 0x33, 0x33, 0x33, 0x33, 
        0x33, 0x33, 0x33, 0x33, 0x33, 0x33, 0x33, 0x33, 0x33, 0x33, 0x33, 0x33, 0x33, 0x33, 0x33, 0x33, 
        0x33, 0x33, 0x33, 0x33, 0x33, 0x33, 0x33, 0x33, 0x33, 0x33, 0x33, 0x33, 0x33, 0x33, 0x33, 0x33, 
        0x33, 0x33, 0x33, 0x33, 0x33, 0x33, 0x33, 0x33, 0x33, 0x33, 0x33, 0x33, 0x33, 0x33, 0x33, 0x33, 
        0x33, 0x33, 0x33, 0x33, 0x33, 0x33, 0x33, 0x33, 0x33, 0x33, 0x33, 0x33, 0x33, 0x33, 0x33, 0x33, 
        0x33, 0x33, 0x33, 0x33, 0x33, 0x33, 0x33, 0x33, 0x33, 0x33, 0x33, 0x33, 0x33, 0x33, 0x33, 0x33, 
        0x33, 0x33, 0x33, 0x33, 0x33, 0x33, 0x33, 0x33, 0x33, 0x33, 0x33, 0x33, 0x33, 0x33, 0x33, 0x33, 
        0x33, 0x33, 0x33, 0x33, 0x33, 0x33, 0x33, 0x33, 0x33, 0x33, 0x33, 0x33, 0x33, 0x33, 0x33, 0x33, 
        0x33, 0x33, 0x33, 0x33, 0x33, 0x33, 0x33, 0x33, 0x33, 0x33, 0x33, 0x33, 0x33, 0x33, 0x33, 0x33, 
        0xFF, 0xD8, 0xFF, 0xE0, 0x00, 0x10, 0x4A, 0x46, 0x49, 0x46, 0x00, 0x01, 0x01, 0x00, 0x00, 0x01, 
        0x00, 0x01, 0x00, 0x00, 0xFF, 0xDB, 0x00, 0x43, 0x00, 0x03, 0x02, 0x02, 0x03, 0x02, 0x02, 0x03, 
        0x03, 0x03, 0x03, 0x04, 0x03, 0x03, 0x04, 0x05, 0x08, 0x05, 0x05, 0x04, 0x04, 0x05, 0x0A, 0x07, 
        0x07, 0x06, 0x08, 0x0C, 0x0A, 0x0C, 0x0C, 0x0B, 0x0A, 0x0B, 0x0B, 0x0D, 0x0E, 0x12, 0x10, 0x0D, 
        0x0E, 0x11, 0x0E, 0x0B, 0x0B, 0x10, 0x16, 0x10, 0x11, 0x13, 0x14, 0x15, 0x15, 0x15, 0x0C, 0x0F, 
        0x17, 0x18, 0x16, 0x14, 0x18, 0x12, 0x14, 0x15, 0x14, 0xFF, 0xDB, 0x00, 0x43, 0x01, 0x03, 0x04, 
        0x04, 0x05, 0x04, 0x05, 0x09, 0x05, 0x05, 0x09, 0x14, 0x0D, 0x0B, 0x0D, 0x14, 0x14, 0x14, 0x14, 
        0x14, 0x14, 0x14, 0x14, 0x14, 0x14, 0x14, 0x14, 0x14, 0x14, 0x14, 0x14, 0x14, 0x14, 0x14, 0x14, 
        0x14, 0x14, 0x14, 0x14, 0x14, 0x14, 0x14, 0x14, 0x14, 0x14, 0x14, 0x14, 0x14, 0x14, 0x14, 0x14, 
        0x14, 0x14, 0x14, 0x14, 0x14, 0x14, 0x14, 0x14, 0x14, 0x14, 0x14, 0x14, 0x14, 0x14, 0xFF, 0xC0, 
        0x00, 0x11, 0x08, 0x00, 0x40, 0x00, 0x98, 0x03, 0x01, 0x22, 0x00, 0x02, 0x11, 0x01, 0x03, 0x11, 
        0x01, 0xFF, 0xC4, 0x00, 0x1F, 0x00, 0x00, 0x01, 0x05, 0x01, 0x01, 0x01, 0x01, 0x01, 0x01, 0x00, 
        0x00, 0x00, 0x00, 0x00, 0x00, 0x00, 0x00, 0x01, 0x02, 0x03, 0x04, 0x05, 0x06, 0x07, 0x08, 0x09, 
        0x0A, 0x0B, 0xFF, 0xC4, 0x00, 0xB5, 0x10, 0x00, 0x02, 0x01, 0x03, 0x03, 0x02, 0x04, 0x03, 0x05, 
        0x05, 0x04, 0x04, 0x00, 0x00, 0x01, 0x7D, 0x01, 0x02, 0x03, 0x00, 0x04, 0x11, 0x05, 0x12, 0x21, 
        0x31, 0x41, 0x06, 0x13, 0x51, 0x61, 0x07, 0x22, 0x71, 0x14, 0x32, 0x81, 0x91, 0xA1, 0x08, 0x23, 
        0x42, 0xB1, 0xC1, 0x15, 0x52, 0xD1, 0xF0, 0x24, 0x33, 0x62, 0x72, 0x82, 0x09, 0x0A, 0x16, 0x17, 
        0x18, 0x19, 0x1A, 0x25, 0x26, 0x27, 0x28, 0x29, 0x2A, 0x34, 0x35, 0x36, 0x37, 0x38, 0x39, 0x3A, 
        0x43, 0x44, 0x45, 0x46, 0x47, 0x48, 0x49, 0x4A, 0x53, 0x54, 0x55, 0x56, 0x57, 0x58, 0x59, 0x5A, 
        0x63, 0x64, 0x65, 0x66, 0x67, 0x68, 0x69, 0x6A, 0x73, 0x74, 0x75, 0x76, 0x77, 0x78, 0x79, 0x7A, 
        0x83, 0x84, 0x85, 0x86, 0x87, 0x88, 0x89, 0x8A, 0x92, 0x93, 0x94, 0x95, 0x96, 0x97, 0x98, 0x99, 
        0x9A, 0xA2, 0xA3, 0xA4, 0xA5, 0xA6, 0xA7, 0xA8, 0xA9, 0xAA, 0xB2, 0xB3, 0xB4, 0xB5, 0xB6, 0xB7, 
        0xB8, 0xB9, 0xBA, 0xC2, 0xC3, 0xC4, 0xC5, 0xC6, 0xC7, 0xC8, 0xC9, 0xCA, 0xD2, 0xD3, 0xD4, 0xD5, 
        0xD6, 0xD7, 0xD8, 0xD9, 0xDA, 0xE1, 0xE2, 0xE3, 0xE4, 0xE5, 0xE6, 0xE7, 0xE8, 0xE9, 0xEA, 0xF1, 
        0xF2, 0xF3, 0xF4, 0xF5, 0xF6, 0xF7, 0xF8, 0xF9, 0xFA, 0xFF, 0xC4, 0x00, 0x1F, 0x01, 0x00, 0x03, 
        0x01, 0x01, 0x01, 0x01, 0x01, 0x01, 0x01, 0x01, 0x01, 0x00, 0x00, 0x00, 0x00, 0x00, 0x00, 0x01, 
        0x02, 0x03, 0x04, 0x05, 0x06, 0x07, 0x08, 0x09, 0x0A, 0x0B, 0xFF, 0xC4, 0x00, 0xB5, 0x11, 0x00, 
        0x02, 0x01, 0x02, 0x04, 0x04, 0x03, 0x04, 0x07, 0x05, 0x04, 0x04, 0x00, 0x01, 0x02, 0x77, 0x00, 
        0x01, 0x02, 0x03, 0x11, 0x04, 0x05, 0x21, 0x31, 0x06, 0x12, 0x41, 0x51, 0x07, 0x61, 0x71, 0x13, 
        0x22, 0x32, 0x81, 0x08, 0x14, 0x42, 0x91, 0xA1, 0xB1, 0xC1, 0x09, 0x23, 0x33, 0x52, 0xF0, 0x15, 
        0x62, 0x72, 0xD1, 0x0A, 0x16, 0x24, 0x34, 0xE1, 0x25, 0xF1, 0x17, 0x18, 0x19, 0x1A, 0x26, 0x27, 
        0x28, 0x29, 0x2A, 0x35, 0x36, 0x37, 0x38, 0x39, 0x3A, 0x43, 0x44, 0x45, 0x46, 0x47, 0x48, 0x49, 
        0x4A, 0x53, 0x54, 0x55, 0x56, 0x57, 0x58, 0x59, 0x5A, 0x63, 0x64, 0x65, 0x66, 0x67, 0x68, 0x69, 
        0x6A, 0x73, 0x74, 0x75, 0x76, 0x77, 0x78, 0x79, 0x7A, 0x82, 0x83, 0x84, 0x85, 0x86, 0x87, 0x88, 
        0x89, 0x8A, 0x92, 0x93, 0x94, 0x95, 0x96, 0x97, 0x98, 0x99, 0x9A, 0xA2, 0xA3, 0xA4, 0xA5, 0xA6, 
        0xA7, 0xA8, 0xA9, 0xAA, 0xB2, 0xB3, 0xB4, 0xB5, 0xB6, 0xB7, 0xB8, 0xB9, 0xBA, 0xC2, 0xC3, 0xC4, 
        0xC5, 0xC6, 0xC7, 0xC8, 0xC9, 0xCA, 0xD2, 0xD3, 0xD4, 0xD5, 0xD6, 0xD7, 0xD8, 0xD9, 0xDA, 0xE2, 
        0xE3, 0xE4, 0xE5, 0xE6, 0xE7, 0xE8, 0xE9, 0xEA, 0xF2, 0xF3, 0xF4, 0xF5, 0xF6, 0xF7, 0xF8, 0xF9, 
        0xFA, 0xFF, 0xDA, 0x00, 0x0C, 0x03, 0x01, 0x00, 0x02, 0x11, 0x03, 0x11, 0x00, 0x3F, 0x00, 0xF3, 
        0xAF, 0x8A, 0xFF, 0x00, 0x15, 0xFC, 0x3F, 0xFB, 0x3F, 0xF8, 0x43, 0xE0, 0xAE, 0x91, 0xA4, 0x7C, 
        0x15, 0xF8, 0x4B, 0xAF, 0x1D, 0x5F, 0xE1, 0xBE, 0x87, 0xAD, 0xDE, 0xEA, 0x1E, 0x22, 0xF0, 0x94, 
        0x37, 0x57, 0x73, 0x5D, 0x4D, 0x0B, 0x2C, 0x8C, 0xD2, 0x2B, 0x26, 0xED, 0xDE, 0x58, 0x62, 0x58, 
        0x16, 0x2C, 0xCC, 0x49, 0x39, 0xE3, 0xCE, 0xBF, 0xE1, 0xB3, 0xAD, 0xBF, 0xE8, 0xDF, 0x7E, 0x04, 
        0xFF, 0x00, 0xE1, 0x0E, 0x9F, 0xFC, 0x76, 0xA3, 0xFD, 0xB4, 0x9F, 0x6D, 0xB7, 0xEC, 0xF9, 0xFF, 
        0x00, 0x64, 0x83, 0xC3, 0x9F, 0xFA, 0x04, 0xD5, 0xF3, 0x77, 0x99, 0x5E, 0x55, 0x5A, 0x95, 0x14, 
        0xDA, 0x4C, 0xFB, 0xFC, 0x0E, 0x13, 0x09, 0x3C, 0x34, 0x25, 0x3A, 0x69, 0xB6, 0x8F, 0xA5, 0x7F, 
        0xE1, 0xB3, 0xAD, 0xBF, 0xE8, 0xDF, 0x7E, 0x04, 0xFF, 0x00, 0xE1, 0x0E, 0x9F, 0xFC, 0x76, 0x8F, 
        0xF8, 0x6C, 0xEB, 0x6F, 0xFA, 0x37, 0xDF, 0x81, 0x3F, 0xF8, 0x43, 0xA7, 0xFF, 0x00, 0x1D, 0xAF, 
        0x9A, 0xBC, 0xCA, 0x3C, 0xCA, 0xCB, 0xDA, 0xD4, 0xFE, 0x63, 0xBF, 0xEA, 0x38, 0x2F, 0xF9, 0xF4, 
        0x8F, 0xA5, 0x7F, 0xE1, 0xB3, 0xAD, 0xBF, 0xE8, 0xDF, 0x7E, 0x04, 0xFF, 0x00, 0xE1, 0x0E, 0x9F, 
        0xFC, 0x76, 0x8F, 0xF8, 0x6C, 0xEB, 0x6F, 0xFA, 0x37, 0xDF, 0x81, 0x3F, 0xF8, 0x43, 0xA7, 0xFF, 
        0x00, 0x1D, 0xAF, 0x9A, 0xBC, 0xCA, 0x3C, 0xCA, 0x3D, 0xAD, 0x4F, 0xE6, 0x0F, 0xA8, 0xE0, 0xBF, 
        0xE7, 0xD2, 0x3E, 0x95, 0xFF, 0x00, 0x86, 0xCE, 0xB6, 0xFF, 0x00, 0xA3, 0x7D, 0xF8, 0x13, 0xFF, 
        0x00, 0x84, 0x3A, 0x7F, 0xF1, 0xDA, 0x3F, 0xE1, 0xB3, 0xAD, 0xBF, 0xE8, 0xDF, 0x7E, 0x04, 0xFF, 
        0x00, 0xE1, 0x0E, 0x9F, 0xFC, 0x76, 0xBE, 0x6A, 0xF3, 0x28, 0xF3, 0x28, 0xF6, 0xB5, 0x3F, 0x98, 
        0x3E, 0xA3, 0x82, 0xFF, 0x00, 0x9F, 0x48, 0xFA, 0x57, 0xFE, 0x1B, 0x3A, 0xDB, 0xFE, 0x8D, 0xF7, 
        0xE0, 0x4F, 0xFE, 0x10, 0xE9, 0xFF, 0x00, 0xC7, 0x68, 0xFF, 0x00, 0x86, 0xCE, 0xB6, 0xFF, 0x00, 
        0xA3, 0x7D, 0xF8, 0x13, 0xFF, 0x00, 0x84, 0x3A, 0x7F, 0xF1, 0xDA, 0xF9, 0xAB, 0xCC, 0xA3, 0xCC, 
        0xA3, 0xDA, 0xD4, 0xFE, 0x60, 0xFA, 0x8E, 0x0B, 0xFE, 0x7D, 0x23, 0xE9, 0x5F, 0xF8, 0x6C, 0xEB, 
        0x6F, 0xFA, 0x37, 0xDF, 0x81, 0x3F, 0xF8, 0x43, 0xA7, 0xFF, 0x00, 0x1D, 0xA3, 0xFE, 0x1B, 0x3A, 
        0xDB, 0xFE, 0x8D, 0xF7, 0xE0, 0x4F, 0xFE, 0x10, 0xE9, 0xFF, 0x00, 0xC7, 0x6B, 0xE6, 0xAF, 0x32, 
        0x8F, 0x32, 0x8F, 0x6B, 0x53, 0xF9, 0x83, 0xEA, 0x38, 0x2F, 0xF9, 0xF4, 0x8F, 0xA5, 0x7F, 0xE1, 
        0xB3, 0xAD, 0xBF, 0xE8, 0xDF, 0x7E, 0x04, 0xFF, 0x00, 0xE1, 0x0E, 0x9F, 0xFC, 0x76, 0x8F, 0xF8, 
        0x6C, 0xEB, 0x6F, 0xFA, 0x37, 0xDF, 0x81, 0x3F, 0xF8, 0x43, 0xA7, 0xFF, 0x00, 0x1D, 0xAF, 0x9A, 
        0xBC, 0xCA, 0x3C, 0xCA, 0x3D, 0xAD, 0x4F, 0xE6, 0x0F, 0xA8, 0xE0, 0xBF, 0xE7, 0xD2, 0x3E, 0x95, 
        0xFF, 0x00, 0x86, 0xCE, 0xB6, 0xFF, 0x00, 0xA3, 0x7D, 0xF8, 0x13, 0xFF, 0x00, 0x84, 0x3A, 0x7F, 
        0xF1, 0xDA, 0x3F, 0xE1, 0xB3, 0xAD, 0xBF, 0xE8, 0xDF, 0x7E, 0x04, 0xFF, 0x00, 0xE1, 0x0E, 0x9F, 
        0xFC, 0x76, 0xBE, 0x6A, 0xF3, 0x28, 0xF3, 0x28, 0xF6, 0xB5, 0x3F, 0x98, 0x3E, 0xA3, 0x82, 0xFF, 
        0x00, 0x9F, 0x48, 0xFA, 0x57, 0xFE, 0x1B, 0x3A, 0xDB, 0xFE, 0x8D, 0xF7, 0xE0, 0x4F, 0xFE, 0x10, 
        0xE9, 0xFF, 0x00, 0xC7, 0x6B, 0xAE, 0xF8, 0x43, 0xFB, 0x50, 0xE9, 0x7E, 0x3F, 0xF8, 0xB3, 0xE0, 
        0xAF, 0x0B, 0xEA, 0x1F, 0x00, 0x7E, 0x08, 0x43, 0x61, 0xAD, 0xEB, 0x76, 0x5A, 0x6D, 0xC4, 0x96, 
        0xDE, 0x09, 0x89, 0x65, 0x48, 0xE6, 0x9D, 0x23, 0x62, 0x85, 0x9C, 0x80, 0xC0, 0x31, 0xC1, 0x20, 
        0x8C, 0xF6, 0x35, 0xF1, 0xE7, 0x99, 0x5E, 0x95, 0xFB, 0x33, 0xC9, 0x9F, 0xDA, 0x3F, 0xE1, 0x4F, 
        0xFD, 0x8D, 0x9A, 0x4F, 0xFE, 0x96, 0x45, 0x4E, 0x35, 0x2A, 0x5D, 0x6A, 0x65, 0x57, 0x05, 0x83, 
        0x54, 0xE4, 0xD5, 0x35, 0x7B, 0x33, 0xF6, 0x3B, 0xF6, 0x2D, 0xB1, 0xB6, 0xD3, 0x3F, 0x67, 0xDD, 
        0x3A, 0xCE, 0xCE, 0xDE, 0x2B, 0x4B, 0x4B, 0x7D, 0x73, 0xC4, 0x10, 0xC3, 0x6F, 0x02, 0x04, 0x8E, 
        0x24, 0x5D, 0x6A, 0xF4, 0x2A, 0xAA, 0x8E, 0x00, 0x00, 0x00, 0x00, 0xE0, 0x01, 0x45, 0x4F, 0xFB, 
        0x1D, 0x7F, 0xC9, 0x0A, 0xB6, 0xFF, 0x00, 0xB1, 0x83, 0xC4, 0x5F, 0xFA, 0x7B, 0xBE, 0xA2, 0xBD, 
        0x93, 0xF3, 0x63, 0xF2, 0xAF, 0xF6, 0xD8, 0x7D, 0xB0, 0x7E, 0xCF, 0x63, 0xFE, 0xA8, 0xFF, 0x00, 
        0x87, 0x3F, 0xF4, 0x09, 0xAB, 0xE6, 0xBF, 0x36, 0xBE, 0x8E, 0xFD, 0xB7, 0x9B, 0x6C, 0x5F, 0xB3, 
        0xDF, 0xFD, 0x91, 0xFF, 0x00, 0x0E, 0x7F, 0xE8, 0x13, 0x57, 0xCC, 0xFE, 0x67, 0xBD, 0x79, 0xB5, 
        0x23, 0x79, 0xB3, 0xED, 0xB0, 0x75, 0xB9, 0x70, 0xF0, 0x5E, 0x45, 0xAF, 0x36, 0x8F, 0x36, 0xAA, 
        0xF9, 0x9E, 0xF4, 0x79, 0x9E, 0xF5, 0x97, 0x29, 0xDB, 0xED, 0xCB, 0x5E, 0x6D, 0x1E, 0x6D, 0x55, 
        0xF3, 0x3D, 0xE8, 0xF3, 0x3D, 0xE8, 0xE5, 0x0F, 0x6E, 0x5A, 0xF3, 0x68, 0xF3, 0x6A, 0xAF, 0x99, 
        0xEF, 0x47, 0x99, 0xEF, 0x47, 0x28, 0x7B, 0x72, 0xD7, 0x9B, 0x47, 0x9B, 0x55, 0x7C, 0xCF, 0x7A, 
        0x3C, 0xCF, 0x7A, 0x39, 0x43, 0xDB, 0x96, 0xBC, 0xDA, 0x3C, 0xDA, 0xAB, 0xE6, 0x7B, 0xD1, 0xE6, 
        0x7B, 0xD1, 0xCA, 0x1E, 0xDC, 0xB5, 0xE6, 0xD1, 0xE6, 0xD5, 0x5F, 0x33, 0xDE, 0x8F, 0x33, 0xDE, 
        0x8E, 0x50, 0xF6, 0xE5, 0xAF, 0x36, 0x8F, 0x36, 0xAA, 0xF9, 0x9E, 0xF4, 0x79, 0x9E, 0xF4, 0x72, 
        0x87, 0xB7, 0x2D, 0x79, 0xB5, 0xE9, 0x5F, 0xB3, 0x24, 0x99, 0xFD, 0xA4, 0xBE, 0x14, 0x0F, 0xFA, 
        0x9B, 0x74, 0x9F, 0xFD, 0x2C, 0x8A, 0xBC, 0xAF, 0xCC, 0xF7, 0xAF, 0x4C, 0xFD, 0x98, 0x9F, 0x3F, 
        0xB4, 0xA7, 0xC2, 0x6F, 0xFB, 0x1B, 0x74, 0x9F, 0xFD, 0x2C, 0x8A, 0xAA, 0x31, 0xD5, 0x19, 0x54, 
        0xAD, 0x78, 0x4B, 0xD0, 0xFD, 0xA6, 0xFD, 0x8E, 0xBF, 0xE4, 0x85, 0x5B, 0x7F, 0xD8, 0xC1, 0xE2, 
        0x2F, 0xFD, 0x3D, 0xDF, 0x51, 0x47, 0xEC, 0x75, 0xFF, 0x00, 0x24, 0x2A, 0xDB, 0xFE, 0xC6, 0x0F, 
        0x11, 0x7F, 0xE9, 0xEE, 0xFA, 0x8A, 0xF5, 0x4F, 0x81, 0x3F, 0x27, 0xFF, 0x00, 0x6E, 0x46, 0xDA, 
        0xBF, 0xB3, 0xD7, 0xFD, 0x91, 0xEF, 0x0D, 0xFF, 0x00, 0xE8, 0x33, 0x57, 0xCC, 0x9E, 0x67, 0xBD, 
        0x7D, 0x2B, 0xFB, 0x75, 0x3E, 0xDF, 0xF8, 0x67, 0xA1, 0xFF, 0x00, 0x54, 0x77, 0xC3, 0x7F, 0xFA, 
        0x0C, 0xD5, 0xF3, 0x07, 0x9B, 0x5C, 0xB2, 0x8D, 0xDB, 0x3D, 0xCA, 0x15, 0xB9, 0x69, 0xC5, 0x16, 
        0xBC, 0xCF, 0x7A, 0x3C, 0xCF, 0x7A, 0xAB, 0xE6, 0xD1, 0xE6, 0xD4, 0xF2, 0x9B, 0xFB, 0x72, 0xD7, 
        0x99, 0xEF, 0x47, 0x99, 0xEF, 0x55, 0x7C, 0xDA, 0x3C, 0xDA, 0x39, 0x43, 0xDB, 0x96, 0xBC, 0xCF, 
        0x7A, 0x3C, 0xCF, 0x7A, 0xAB, 0xE6, 0xD1, 0xE6, 0xD1, 0xCA, 0x1E, 0xDC, 0xB5, 0xE6, 0x7B, 0xD1, 
        0xE6, 0x7B, 0xD5, 0x5F, 0x36, 0x8F, 0x36, 0x8E, 0x50, 0xF6, 0xE5, 0xAF, 0x33, 0xDE, 0x8F, 0x33, 
        0xDE, 0xAA, 0xF9, 0xB4, 0x79, 0xB4, 0x72, 0x87, 0xB7, 0x2D, 0x79, 0x9E, 0xF4, 0x79, 0x9E, 0xF5, 
        0x57, 0xCD, 0xA3, 0xCD, 0xA3, 0x94, 0x3D, 0xB9, 0x6B, 0xCC, 0xF7, 0xA3, 0xCC, 0xF7, 0xAA, 0xBE, 
        0x6D, 0x1E, 0x6D, 0x1C, 0xA1, 0xED, 0xCB, 0x5E, 0x67, 0xBD, 0x7A, 0x67, 0xEC, 0xBE, 0xF9, 0xFD, 
        0xA5, 0xBE, 0x12, 0xFF, 0x00, 0xD8, 0xDD, 0xA4, 0x7F, 0xE9, 0x64, 0x55, 0xE5, 0x3E, 0x6D, 0x7A, 
        0x77, 0xEC, 0xBB, 0x26, 0x7F, 0x69, 0x9F, 0x84, 0x63, 0xFE, 0xA6, 0xFD, 0x23, 0xFF, 0x00, 0x4B, 
        0x62, 0xA6, 0xA3, 0xA9, 0x12, 0xAD, 0x78, 0xB3, 0xF6, 0xDF, 0xF6, 0x3A, 0xFF, 0x00, 0x92, 0x15, 
        0x6D, 0xFF, 0x00, 0x63, 0x07, 0x88, 0xBF, 0xF4, 0xF7, 0x7D, 0x45, 0x1F, 0xB1, 0xD7, 0xFC, 0x90, 
        0xAB, 0x6F, 0xFB, 0x18, 0x3C, 0x45, 0xFF, 0x00, 0xA7, 0xBB, 0xEA, 0x2B, 0xAC, 0xF9, 0xF3, 0xF2, 
        0x4F, 0xF6, 0xF0, 0x7D, 0xAD, 0xFB, 0x3C, 0xFF, 0x00, 0xD9, 0x1D, 0xF0, 0xDF, 0xFE, 0x83, 0x3D, 
        0x7C, 0xB9, 0xE6, 0x57, 0xEE, 0x22, 0x7E, 0xC5, 0x7E, 0x28, 0xB8, 0xF0, 0xFF, 0x00, 0x86, 0xB4, 
        0xAD, 0x63, 0xC5, 0x5F, 0x0D, 0xFC, 0x50, 0xBE, 0x1E, 0xD2, 0x2D, 0x74, 0x3B, 0x1B, 0xCF, 0x10, 
        0x7C, 0x2D, 0x86, 0xFA, 0xE5, 0x2D, 0x2D, 0xD3, 0x64, 0x51, 0x99, 0x24, 0xBD, 0x27, 0x00, 0x64, 
        0xE0, 0x60, 0x65, 0x98, 0xE3, 0x93, 0x51, 0x7F, 0xC3, 0x0C, 0xDF, 0xFF, 0x00, 0xCF, 0x6F, 0x83, 
        0x7F, 0xF8, 0x67, 0x6D, 0x7F, 0xF9, 0x32, 0xA6, 0xC6, 0x8A, 0xA3, 0x4A, 0xC7, 0xE2, 0x07, 0x99, 
        0x47, 0x99, 0x5F, 0xB7, 0xFF, 0x00, 0xF0, 0xC3, 0x37, 0xFF, 0x00, 0xF3, 0xDB, 0xE0, 0xDF, 0xFE, 
        0x19, 0xDB, 0x5F, 0xFE, 0x4C, 0xA3, 0xFE, 0x18, 0x66, 0xFF, 0x00, 0xFE, 0x7B, 0x7C, 0x1B, 0xFF, 
        0x00, 0xC3, 0x3B, 0x6B, 0xFF, 0x00, 0xC9, 0x94, 0x72, 0x95, 0xED, 0x19, 0xF8, 0x81, 0xE6, 0x51, 
        0xE6, 0x57, 0xED, 0xFF, 0x00, 0xFC, 0x30, 0xCD, 0xFF, 0x00, 0xFC, 0xF6, 0xF8, 0x37, 0xFF, 0x00, 
        0x86, 0x76, 0xD7, 0xFF, 0x00, 0x93, 0x28, 0xFF, 0x00, 0x86, 0x19, 0xBF, 0xFF, 0x00, 0x9E, 0xDF, 
        0x06, 0xFF, 0x00, 0xF0, 0xCE, 0xDA, 0xFF, 0x00, 0xF2, 0x65, 0x1C, 0xA1, 0xED, 0x19, 0xF8, 0x81, 
        0xE6, 0x51, 0xE6, 0x57, 0xED, 0xFF, 0x00, 0xFC, 0x30, 0xCD, 0xFF, 0x00, 0xFC, 0xF6, 0xF8, 0x37, 
        0xFF, 0x00, 0x86, 0x76, 0xD7, 0xFF, 0x00, 0x93, 0x28, 0xFF, 0x00, 0x86, 0x19, 0xBF, 0xFF, 0x00, 
        0x9E, 0xDF, 0x06, 0xFF, 0x00, 0xF0, 0xCE, 0xDA, 0xFF, 0x00, 0xF2, 0x65, 0x1C, 0xA1, 0xED, 0x19, 
        0xF8, 0x81, 0xE6, 0x51, 0xE6, 0x57, 0xED, 0xFF, 0x00, 0xFC, 0x30, 0xCD, 0xFF, 0x00, 0xFC, 0xF6, 
        0xF8, 0x37, 0xFF, 0x00, 0x86, 0x76, 0xD7, 0xFF, 0x00, 0x93, 0x28, 0xFF, 0x00, 0x86, 0x19, 0xBF, 
        0xFF, 0x00, 0x9E, 0xDF, 0x06, 0xFF, 0x00, 0xF0, 0xCE, 0xDA, 0xFF, 0x00, 0xF2, 0x65, 0x1C, 0xA1, 
        0xED, 0x19, 0xF8, 0x81, 0xE6, 0x51, 0xE6, 0x57, 0xED, 0xFF, 0x00, 0xFC, 0x30, 0xCD, 0xFF, 0x00, 
        0xFC, 0xF6, 0xF8, 0x37, 0xFF, 0x00, 0x86, 0x76, 0xD7, 0xFF, 0x00, 0x93, 0x28, 0xFF, 0x00, 0x86, 
        0x19, 0xBF, 0xFF, 0x00, 0x9E, 0xDF, 0x06, 0xFF, 0x00, 0xF0, 0xCE, 0xDA, 0xFF, 0x00, 0xF2, 0x65, 
        0x1C, 0xA1, 0xED, 0x19, 0xF8, 0x81, 0xE6, 0x51, 0xE6, 0x57, 0xED, 0xFF, 0x00, 0xFC, 0x30, 0xCD, 
        0xFF, 0x00, 0xFC, 0xF6, 0xF8, 0x37, 0xFF, 0x00, 0x86, 0x76, 0xD7, 0xFF, 0x00, 0x93, 0x28, 0xFF, 
        0x00, 0x86, 0x19, 0xBF, 0xFF, 0x00, 0x9E, 0xDF, 0x06, 0xFF, 0x00, 0xF0, 0xCE, 0xDA, 0xFF, 0x00, 
        0xF2, 0x65, 0x1C, 0xA1, 0xED, 0x19, 0xF8, 0x81, 0xE6, 0x51, 0xE6, 0x57, 0xED, 0xFF, 0x00, 0xFC, 
        0x30, 0xCD, 0xFF, 0x00, 0xFC, 0xF6, 0xF8, 0x37, 0xFF, 0x00, 0x86, 0x76, 0xD7, 0xFF, 0x00, 0x93, 
        0x28, 0xFF, 0x00, 0x86, 0x19, 0xBF, 0xFF, 0x00, 0x9E, 0xDF, 0x06, 0xFF, 0x00, 0xF0, 0xCE, 0xDA, 
        0xFF, 0x00, 0xF2, 0x65, 0x1C, 0xA1, 0xED, 0x19, 0xF8, 0x81, 0xE6, 0x57, 0xA8, 0x7E, 0xCB, 0x52, 
        0x67, 0xF6, 0x9B, 0xF8, 0x45, 0xFF, 0x00, 0x63, 0x86, 0x91, 0xFF, 0x00, 0xA5, 0xB1, 0x57, 0xEB, 
        0x7F, 0xFC, 0x30, 0xCD, 0xFF, 0x00, 0xFC, 0xF6, 0xF8, 0x37, 0xFF, 0x00, 0x86, 0x76, 0xD7, 0xFF, 
        0x00, 0x93, 0x2A, 0xD6, 0x95, 0xFB, 0x16, 0xEB, 0x9A, 0x16, 0xA9, 0x67, 0xA9, 0x69, 0xBA, 0x97, 
        0xC2, 0x3D, 0x3F, 0x51, 0xB3, 0x99, 0x2E, 0x2D, 0xAE, 0xED, 0x7E, 0x10, 0xDB, 0x45, 0x34, 0x12, 
        0xA3, 0x06, 0x49, 0x11, 0xD6, 0xF4, 0x15, 0x65, 0x60, 0x08, 0x20, 0xE4, 0x10, 0x08, 0xA2, 0xC2, 
        0xF6, 0x8C, 0xF4, 0x6F, 0xD8, 0xEB, 0xFE, 0x48, 0x55, 0xB7, 0xFD, 0x8C, 0x1E, 0x22, 0xFF, 0x00, 
        0xD3, 0xDD, 0xF5, 0x15, 0xD7, 0xFC, 0x0F, 0xF8, 0x69, 0x73, 0xF0, 0x8B, 0xE1, 0xBD, 0x9F, 0x86, 
        0x6F, 0x35, 0x68, 0xB5, 0xCB, 0xB8, 0xAF, 0x2F, 0xEF, 0x66, 0xBE, 0x82, 0xCC, 0xDA, 0x47, 0x23, 
        0xDD, 0x5E, 0x4D, 0x74, 0xC1, 0x62, 0x32, 0x48, 0x54, 0x29, 0x9C, 0xA8, 0xCB, 0xB1, 0xC2, 0xE7, 
        0x3C, 0xD1, 0x54, 0x64, 0x7F, 0xFF, 0xD9, 0x33, 0x33, 0x33, 0x33, 0x33, 0x33, 0x33, 0x33, 0x33, 
        0x33, 0x33, 0x33, 0x33, 0x33, 0x33, 0x33, 0x33, 0x33, 0x33, 0x33, 0x33, 0x33, 0x33, 0x33, 0x33, 
        0x33, 0x33, 0x33, 0x33, 0x33, 0x33, 0x33, 0x33, 0x33, 0x33, 0x33, 0x33, 0x33, 0x33, 0x33, 0x33, 
        0x33, 0x33, 0x33, 0x33, 0x33, 0x33, 0x33, 0x33, 0x33, 0x33, 0x33, 0x33, 0x33, 0x33, 0x33, 0x33, 
        0x33, 0x33, 0x33, 0x33, 0x33, 0x33, 0x33, 0x33, 0x33, 0x33, 0x33, 0x33, 0x33, 0x33, 0x33, 0x33, 
        0x33, 0x33, 0x33, 0x33, 0x33, 0x33, 0x33, 0x33, 0x33, 0x33, 0x33, 0x33, 0x33, 0x33, 0x33, 0x33, 
        0x33, 0x33, 0x33, 0x33, 0x33, 0x33, 0x33, 0x33, 0x33, 0x33, 0x33, 0x33, 0x33, 0x33, 0x33, 0x33, 
        0x33, 0x33, 0x33, 0x33, 0x33, 0x33, 0x33, 0x33, 0x33, 0x33, 0x33, 0x33, 0x33, 0x33, 0x33, 0x33, 
        0x33, 0x33, 0x33, 0x33, 0x33, 0x33, 0x33, 0x33, 0x33, 0x33, 0x33, 0x33, 0x33, 0x33, 0x33, 0x33, 
        0x33, 0x33, 0x33, 0x33, 0x33, 0x33, 0x33, 0x33, 0x33, 0x33, 0x33, 0x33, 0x33, 0x33, 0x33, 0x33, 
        0x33, 0x33, 0x33, 0x33, 0x33, 0x33, 0x33, 0x33, 0x33, 0x33, 0x33, 0x33, 0x33, 0x33, 0x33, 0x33, 
        0x33, 0x33, 0x33, 0x33, 0x33, 0x33, 0x33, 0x33, 0x33, 0x33, 0x33, 0x33, 0x33, 0x33, 0x33, 0x33, 
        0x33, 0x33, 0x33, 0x33, 0x33, 0x33, 0x33, 0x33, 0x33, 0x33, 0x33, 0x33, 0x33, 0x33, 0x33, 0x33, 
        0x33, 0x33, 0x33, 0x33, 0x33, 0x33, 0x33, 0x33, 0x33, 0x33, 0x33, 0x33, 0x33, 0x33, 0x33, 0x33, 
        0xFF, 0xD8, 0xFF, 0xE0, 0x00, 0x10, 0x4A, 0x46, 0x49, 0x46, 0x00, 0x01, 0x01, 0x00, 0x00, 0x01, 
        0x00, 0x01, 0x00, 0x00, 0xFF, 0xDB, 0x00, 0x43, 0x00, 0x03, 0x02, 0x02, 0x03, 0x02, 0x02, 0x03, 
        0x03, 0x03, 0x03, 0x04, 0x03, 0x03, 0x04, 0x05, 0x08, 0x05, 0x05, 0x04, 0x04, 0x05, 0x0A, 0x07, 
        0x07, 0x06, 0x08, 0x0C, 0x0A, 0x0C, 0x0C, 0x0B, 0x0A, 0x0B, 0x0B, 0x0D, 0x0E, 0x12, 0x10, 0x0D, 
        0x0E, 0x11, 0x0E, 0x0B, 0x0B, 0x10, 0x16, 0x10, 0x11, 0x13, 0x14, 0x15, 0x15, 0x15, 0x0C, 0x0F, 
        0x17, 0x18, 0x16, 0x14, 0x18, 0x12, 0x14, 0x15, 0x14, 0xFF, 0xDB, 0x00, 0x43, 0x01, 0x03, 0x04, 
        0x04, 0x05, 0x04, 0x05, 0x09, 0x05, 0x05, 0x09, 0x14, 0x0D, 0x0B, 0x0D, 0x14, 0x14, 0x14, 0x14, 
        0x14, 0x14, 0x14, 0x14, 0x14, 0x14, 0x14, 0x14, 0x14, 0x14, 0x14, 0x14, 0x14, 0x14, 0x14, 0x14, 
        0x14, 0x14, 0x14, 0x14, 0x14, 0x14, 0x14, 0x14, 0x14, 0x14, 0x14, 0x14, 0x14, 0x14, 0x14, 0x14, 
        0x14, 0x14, 0x14, 0x14, 0x14, 0x14, 0x14, 0x14, 0x14, 0x14, 0x14, 0x14, 0x14, 0x14, 0xFF, 0xC0, 
        0x00, 0x11, 0x08, 0x00, 0x40, 0x00, 0x98, 0x03, 0x01, 0x22, 0x00, 0x02, 0x11, 0x01, 0x03, 0x11, 
        0x01, 0xFF, 0xC4, 0x00, 0x1F, 0x00, 0x00, 0x01, 0x05, 0x01, 0x01, 0x01, 0x01, 0x01, 0x01, 0x00, 
        0x00, 0x00, 0x00, 0x00, 0x00, 0x00, 0x00, 0x01, 0x02, 0x03, 0x04, 0x05, 0x06, 0x07, 0x08, 0x09, 
        0x0A, 0x0B, 0xFF, 0xC4, 0x00, 0xB5, 0x10, 0x00, 0x02, 0x01, 0x03, 0x03, 0x02, 0x04, 0x03, 0x05, 
        0x05, 0x04, 0x04, 0x00, 0x00, 0x01, 0x7D, 0x01, 0x02, 0x03, 0x00, 0x04, 0x11, 0x05, 0x12, 0x21, 
        0x31, 0x41, 0x06, 0x13, 0x51, 0x61, 0x07, 0x22, 0x71, 0x14, 0x32, 0x81, 0x91, 0xA1, 0x08, 0x23, 
        0x42, 0xB1, 0xC1, 0x15, 0x52, 0xD1, 0xF0, 0x24, 0x33, 0x62, 0x72, 0x82, 0x09, 0x0A, 0x16, 0x17, 
        0x18, 0x19, 0x1A, 0x25, 0x26, 0x27, 0x28, 0x29, 0x2A, 0x34, 0x35, 0x36, 0x37, 0x38, 0x39, 0x3A, 
        0x43, 0x44, 0x45, 0x46, 0x47, 0x48, 0x49, 0x4A, 0x53, 0x54, 0x55, 0x56, 0x57, 0x58, 0x59, 0x5A, 
        0x63, 0x64, 0x65, 0x66, 0x67, 0x68, 0x69, 0x6A, 0x73, 0x74, 0x75, 0x76, 0x77, 0x78, 0x79, 0x7A, 
        0x83, 0x84, 0x85, 0x86, 0x87, 0x88, 0x89, 0x8A, 0x92, 0x93, 0x94, 0x95, 0x96, 0x97, 0x98, 0x99, 
        0x9A, 0xA2, 0xA3, 0xA4, 0xA5, 0xA6, 0xA7, 0xA8, 0xA9, 0xAA, 0xB2, 0xB3, 0xB4, 0xB5, 0xB6, 0xB7, 
        0xB8, 0xB9, 0xBA, 0xC2, 0xC3, 0xC4, 0xC5, 0xC6, 0xC7, 0xC8, 0xC9, 0xCA, 0xD2, 0xD3, 0xD4, 0xD5, 
        0xD6, 0xD7, 0xD8, 0xD9, 0xDA, 0xE1, 0xE2, 0xE3, 0xE4, 0xE5, 0xE6, 0xE7, 0xE8, 0xE9, 0xEA, 0xF1, 
        0xF2, 0xF3, 0xF4, 0xF5, 0xF6, 0xF7, 0xF8, 0xF9, 0xFA, 0xFF, 0xC4, 0x00, 0x1F, 0x01, 0x00, 0x03, 
        0x01, 0x01, 0x01, 0x01, 0x01, 0x01, 0x01, 0x01, 0x01, 0x00, 0x00, 0x00, 0x00, 0x00, 0x00, 0x01, 
        0x02, 0x03, 0x04, 0x05, 0x06, 0x07, 0x08, 0x09, 0x0A, 0x0B, 0xFF, 0xC4, 0x00, 0xB5, 0x11, 0x00, 
        0x02, 0x01, 0x02, 0x04, 0x04, 0x03, 0x04, 0x07, 0x05, 0x04, 0x04, 0x00, 0x01, 0x02, 0x77, 0x00, 
        0x01, 0x02, 0x03, 0x11, 0x04, 0x05, 0x21, 0x31, 0x06, 0x12, 0x41, 0x51, 0x07, 0x61, 0x71, 0x13, 
        0x22, 0x32, 0x81, 0x08, 0x14, 0x42, 0x91, 0xA1, 0xB1, 0xC1, 0x09, 0x23, 0x33, 0x52, 0xF0, 0x15, 
        0x62, 0x72, 0xD1, 0x0A, 0x16, 0x24, 0x34, 0xE1, 0x25, 0xF1, 0x17, 0x18, 0x19, 0x1A, 0x26, 0x27, 
        0x28, 0x29, 0x2A, 0x35, 0x36, 0x37, 0x38, 0x39, 0x3A, 0x43, 0x44, 0x45, 0x46, 0x47, 0x48, 0x49, 
        0x4A, 0x53, 0x54, 0x55, 0x56, 0x57, 0x58, 0x59, 0x5A, 0x63, 0x64, 0x65, 0x66, 0x67, 0x68, 0x69, 
        0x6A, 0x73, 0x74, 0x75, 0x76, 0x77, 0x78, 0x79, 0x7A, 0x82, 0x83, 0x84, 0x85, 0x86, 0x87, 0x88, 
        0x89, 0x8A, 0x92, 0x93, 0x94, 0x95, 0x96, 0x97, 0x98, 0x99, 0x9A, 0xA2, 0xA3, 0xA4, 0xA5, 0xA6, 
        0xA7, 0xA8, 0xA9, 0xAA, 0xB2, 0xB3, 0xB4, 0xB5, 0xB6, 0xB7, 0xB8, 0xB9, 0xBA, 0xC2, 0xC3, 0xC4, 
        0xC5, 0xC6, 0xC7, 0xC8, 0xC9, 0xCA, 0xD2, 0xD3, 0xD4, 0xD5, 0xD6, 0xD7, 0xD8, 0xD9, 0xDA, 0xE2, 
        0xE3, 0xE4, 0xE5, 0xE6, 0xE7, 0xE8, 0xE9, 0xEA, 0xF2, 0xF3, 0xF4, 0xF5, 0xF6, 0xF7, 0xF8, 0xF9, 
        0xFA, 0xFF, 0xDA, 0x00, 0x0C, 0x03, 0x01, 0x00, 0x02, 0x11, 0x03, 0x11, 0x00, 0x3F, 0x00, 0xCE, 
        0xF1, 0x17, 0x89, 0x3C, 0x21, 0xF0, 0x8B, 0xE1, 0xE7, 0xC1, 0xAB, 0x1B, 0x2F, 0x83, 0x7F, 0x0B, 
        0xB5, 0xB9, 0x75, 0x4F, 0x87, 0xDA, 0x26, 0xAF, 0x79, 0x7F, 0xAE, 0x78, 0x52, 0x0B, 0x9B, 0xA9, 
        0xAE, 0x25, 0x83, 0x12, 0x3B, 0x48, 0x36, 0x96, 0x2C, 0x53, 0x71, 0x2D, 0x92, 0x49, 0x24, 0x93, 
        0x9A, 0xE6, 0xBF, 0xE1, 0x7E, 0x78, 0x7F, 0xFE, 0x88, 0x2F, 0xC1, 0x6F, 0xFC, 0x22, 0xA1, 0xFF, 
        0x00, 0xE2, 0xAA, 0x87, 0xED, 0x11, 0x71, 0xE5, 0x78, 0x67, 0xE0, 0x18, 0xFF, 0x00, 0xAA, 0x53, 
        0xE1, 0xE3, 0xFF, 0x00, 0x90, 0x9E, 0xBC, 0x6B, 0xED, 0x9E, 0xF5, 0xF9, 0xE6, 0x3F, 0x19, 0x8B, 
        0xA7, 0x8A, 0xA9, 0x1A, 0x75, 0x1A, 0x49, 0x9F, 0xD9, 0x1C, 0x25, 0xC3, 0x7C, 0x3B, 0x8B, 0xC8, 
        0xB0, 0x95, 0xF1, 0x58, 0x38, 0x4A, 0xA4, 0xA3, 0x76, 0xDD, 0xEE, 0xDD, 0xFD, 0x4F, 0x74, 0xFF, 
        0x00, 0x85, 0xF9, 0xE1, 0xFF, 0x00, 0xFA, 0x20, 0xBF, 0x05, 0xBF, 0xF0, 0x8A, 0x87, 0xFF, 0x00, 
        0x8A, 0xA3, 0xFE, 0x17, 0xE7, 0x87, 0xFF, 0x00, 0xE8, 0x82, 0xFC, 0x16, 0xFF, 0x00, 0xC2, 0x2A, 
        0x1F, 0xFE, 0x2A, 0xBC, 0x2F, 0xED, 0x9E, 0xF4, 0x7D, 0xB3, 0xDE, 0xBC, 0xFF, 0x00, 0xAF, 0xE3, 
        0xBF, 0xE7, 0xEB, 0x3E, 0xBB, 0xFD, 0x53, 0xE1, 0x5F, 0xFA, 0x01, 0x87, 0xDC, 0xFF, 0x00, 0xCC, 
        0xF7, 0x4F, 0xF8, 0x5F, 0x9E, 0x1F, 0xFF, 0x00, 0xA2, 0x0B, 0xF0, 0x5B, 0xFF, 0x00, 0x08, 0xA8, 
        0x7F, 0xF8, 0xAA, 0x3F, 0xE1, 0x7E, 0x78, 0x7F, 0xFE, 0x88, 0x2F, 0xC1, 0x6F, 0xFC, 0x22, 0xA1, 
        0xFF, 0x00, 0xE2, 0xAB, 0xC2, 0xFE, 0xD9, 0xEF, 0x47, 0xDB, 0x3D, 0xE8, 0xFA, 0xFE, 0x3B, 0xFE, 
        0x7E, 0xB0, 0xFF, 0x00, 0x54, 0xF8, 0x57, 0xFE, 0x80, 0x61, 0xF7, 0x3F, 0xF3, 0x3D, 0xD3, 0xFE, 
        0x17, 0xE7, 0x87, 0xFF, 0x00, 0xE8, 0x82, 0xFC, 0x16, 0xFF, 0x00, 0xC2, 0x2A, 0x1F, 0xFE, 0x2A, 
        0x8F, 0xF8, 0x5F, 0x9E, 0x1F, 0xFF, 0x00, 0xA2, 0x0B, 0xF0, 0x5B, 0xFF, 0x00, 0x08, 0xA8, 0x7F, 
        0xF8, 0xAA, 0xF0, 0xBF, 0xB6, 0x7B, 0xD1, 0xF6, 0xCF, 0x7A, 0x3E, 0xBF, 0x8E, 0xFF, 0x00, 0x9F, 
        0xAC, 0x3F, 0xD5, 0x3E, 0x15, 0xFF, 0x00, 0xA0, 0x18, 0x7D, 0xCF, 0xFC, 0xCF, 0x74, 0xFF, 0x00, 
        0x85, 0xF9, 0xE1, 0xFF, 0x00, 0xFA, 0x20, 0xBF, 0x05, 0xBF, 0xF0, 0x8A, 0x87, 0xFF, 0x00, 0x8A, 
        0xA3, 0xFE, 0x17, 0xE7, 0x87, 0xFF, 0x00, 0xE8, 0x82, 0xFC, 0x16, 0xFF, 0x00, 0xC2, 0x2A, 0x1F, 
        0xFE, 0x2A, 0xBC, 0x2F, 0xED, 0x9E, 0xF4, 0x7D, 0xB3, 0xDE, 0x8F, 0xAF, 0xE3, 0xBF, 0xE7, 0xEB, 
        0x0F, 0xF5, 0x4F, 0x85, 0x7F, 0xE8, 0x06, 0x1F, 0x73, 0xFF, 0x00, 0x33, 0xDD, 0x3F, 0xE1, 0x7E, 
        0x78, 0x7F, 0xFE, 0x88, 0x2F, 0xC1, 0x6F, 0xFC, 0x22, 0xA1, 0xFF, 0x00, 0xE2, 0xA8, 0xFF, 0x00, 
        0x85, 0xF9, 0xE1, 0xFF, 0x00, 0xFA, 0x20, 0xBF, 0x05, 0xBF, 0xF0, 0x8A, 0x87, 0xFF, 0x00, 0x8A, 
        0xAF, 0x0B, 0xFB, 0x67, 0xBD, 0x1F, 0x6C, 0xF7, 0xA3, 0xEB, 0xF8, 0xEF, 0xF9, 0xFA, 0xC3, 0xFD, 
        0x53, 0xE1, 0x5F, 0xFA, 0x01, 0x87, 0xDC, 0xFF, 0x00, 0xCC, 0xF7, 0x4F, 0xF8, 0x5F, 0x9E, 0x1F, 
        0xFF, 0x00, 0xA2, 0x0B, 0xF0, 0x5B, 0xFF, 0x00, 0x08, 0xA8, 0x7F, 0xF8, 0xAA, 0x3F, 0xE1, 0x7E, 
        0x78, 0x7F, 0xFE, 0x88, 0x2F, 0xC1, 0x6F, 0xFC, 0x22, 0xA1, 0xFF, 0x00, 0xE2, 0xAB, 0xC2, 0xFE, 
        0xD9, 0xEF, 0x47, 0xDB, 0x3D, 0xE8, 0xFA, 0xFE, 0x3B, 0xFE, 0x7E, 0xB0, 0xFF, 0x00, 0x54, 0xF8, 
        0x57, 0xFE, 0x80, 0x61, 0xF7, 0x3F, 0xF3, 0x3D, 0xD3, 0xFE, 0x17, 0xE7, 0x87, 0xFF, 0x00, 0xE8, 
        0x82, 0xFC, 0x16, 0xFF, 0x00, 0xC2, 0x2A, 0x1F, 0xFE, 0x2A, 0x8F, 0xF8, 0x5F, 0x9E, 0x1F, 0xFF, 
        0x00, 0xA2, 0x0B, 0xF0, 0x5B, 0xFF, 0x00, 0x08, 0xA8, 0x7F, 0xF8, 0xAA, 0xF0, 0xBF, 0xB6, 0x7B, 
        0xD1, 0xF6, 0xCF, 0x7A, 0x3E, 0xBF, 0x8E, 0xFF, 0x00, 0x9F, 0xAC, 0x3F, 0xD5, 0x3E, 0x15, 0xFF, 
        0x00, 0xA0, 0x18, 0x7D, 0xCF, 0xFC, 0xCF, 0x74, 0xFF, 0x00, 0x85, 0xF9, 0xE1, 0xFF, 0x00, 0xFA, 
        0x20, 0xBF, 0x05, 0xBF, 0xF0, 0x8A, 0x87, 0xFF, 0x00, 0x8A, 0xAE, 0x8F, 0xE1, 0xBF, 0xC5, 0x9F, 
        0x0B, 0x78, 0xC7, 0xE2, 0x27, 0x85, 0xB4, 0x0B, 0xCF, 0x81, 0x3F, 0x06, 0xE2, 0xB4, 0xD5, 0x75, 
        0x5B, 0x5B, 0x19, 0x9E, 0x0F, 0x06, 0x40, 0x24, 0x54, 0x96, 0x65, 0x46, 0x2A, 0x49, 0x20, 0x1C, 
        0x31, 0xC6, 0x41, 0x19, 0xEC, 0x6B, 0xE6, 0x8F, 0xB6, 0x7B, 0xD7, 0x77, 0xF0, 0x16, 0xEF, 0x77, 
        0xC7, 0x3F, 0x87, 0x43, 0x3D, 0x7C, 0x47, 0xA7, 0x0F, 0xFC, 0x9A, 0x8E, 0xB5, 0xA5, 0x8E, 0xC6, 
        0xBA, 0x91, 0x4E, 0xAB, 0xB5, 0xD1, 0xE7, 0xE6, 0x1C, 0x2D, 0xC3, 0x14, 0xF0, 0x75, 0xA7, 0x4F, 
        0x03, 0x05, 0x25, 0x19, 0x34, 0xEC, 0xF7, 0xB3, 0xB7, 0x53, 0xF4, 0xA3, 0xF6, 0x2D, 0xB1, 0xB6, 
        0xD3, 0x3F, 0x67, 0xDD, 0x3A, 0xCE, 0xCE, 0xDE, 0x2B, 0x4B, 0x4B, 0x7D, 0x73, 0xC4, 0x10, 0xC3, 
        0x6F, 0x02, 0x04, 0x8E, 0x24, 0x5D, 0x6A, 0xF4, 0x2A, 0xAA, 0x8E, 0x00, 0x00, 0x00, 0x00, 0xE0, 
        0x01, 0x45, 0x4F, 0xFB, 0x1D, 0x7F, 0xC9, 0x0A, 0xB6, 0xFF, 0x00, 0xB1, 0x83, 0xC4, 0x5F, 0xFA, 
        0x7B, 0xBE, 0xA2, 0xBF, 0x4E, 0x3F, 0x86, 0x4F, 0xCE, 0x7F, 0xDA, 0x6E, 0xE3, 0xCA, 0xD0, 0x3E, 
        0x00, 0x8C, 0xFF, 0x00, 0xCD, 0x27, 0xF0, 0xE9, 0xFF, 0x00, 0xC8, 0x52, 0x57, 0x87, 0xFD, 0xB7, 
        0xDE, 0xBD, 0x77, 0xF6, 0xAE, 0xB8, 0xF2, 0xB4, 0x8F, 0xD9, 0xFC, 0x67, 0xFE, 0x69, 0x27, 0x87, 
        0x4F, 0xFE, 0x43, 0x96, 0xBC, 0x13, 0xED, 0xBE, 0xF5, 0xF0, 0xB8, 0xDA, 0x3C, 0xD8, 0x99, 0xBF, 
        0x33, 0xFA, 0xAF, 0x86, 0x33, 0x2F, 0x65, 0x93, 0x61, 0xA1, 0x7D, 0xA2, 0x6F, 0x7D, 0xB7, 0xDE, 
        0x8F, 0xB6, 0xFB, 0xD6, 0x0F, 0xDB, 0x7D, 0xE8, 0xFB, 0x6F, 0xBD, 0x71, 0x7B, 0x03, 0xEA, 0x3F, 
        0xB5, 0xBC, 0xCD, 0xEF, 0xB6, 0xFB, 0xD1, 0xF6, 0xDF, 0x7A, 0xC1, 0xFB, 0x6F, 0xBD, 0x1F, 0x6D, 
        0xF7, 0xA3, 0xD8, 0x07, 0xF6, 0xB7, 0x99, 0xBD, 0xF6, 0xDF, 0x7A, 0x3E, 0xDB, 0xEF, 0x58, 0x3F, 
        0x6D, 0xF7, 0xA3, 0xED, 0xBE, 0xF4, 0x7B, 0x00, 0xFE, 0xD6, 0xF3, 0x37, 0xBE, 0xDB, 0xEF, 0x47, 
        0xDB, 0x7D, 0xEB, 0x07, 0xED, 0xBE, 0xF4, 0x7D, 0xB7, 0xDE, 0x8F, 0x60, 0x1F, 0xDA, 0xDE, 0x66, 
        0xF7, 0xDB, 0x7D, 0xE8, 0xFB, 0x6F, 0xBD, 0x60, 0xFD, 0xB7, 0xDE, 0x8F, 0xB6, 0xFB, 0xD1, 0xEC, 
        0x03, 0xFB, 0x5B, 0xCC, 0xDE, 0xFB, 0x6F, 0xBD, 0x1F, 0x6D, 0xF7, 0xAC, 0x1F, 0xB6, 0xFB, 0xD1, 
        0xF6, 0xDF, 0x7A, 0x3D, 0x80, 0x7F, 0x6B, 0x79, 0x9B, 0xDF, 0x6D, 0xF7, 0xA3, 0xED, 0xBE, 0xF5, 
        0x83, 0xF6, 0xDF, 0x7A, 0x3E, 0xDB, 0xEF, 0x47, 0xB0, 0x0F, 0xED, 0x6F, 0x33, 0x7B, 0xED, 0xBE, 
        0xF5, 0xDF, 0xFE, 0xCF, 0xB7, 0x7B, 0xBE, 0x3D, 0x7C, 0x36, 0x19, 0xEB, 0xE2, 0x5D, 0x34, 0x7F, 
        0xE4, 0xD4, 0x75, 0xE4, 0x5F, 0x6D, 0xF7, 0xAF, 0x42, 0xFD, 0x9D, 0xAE, 0xF7, 0x7E, 0xD0, 0x5F, 
        0x0C, 0x46, 0x7A, 0xF8, 0xA3, 0x4C, 0x1F, 0xF9, 0x37, 0x15, 0x69, 0x4A, 0x85, 0xA7, 0x1F, 0x54, 
        0x71, 0x63, 0xB3, 0x4E, 0x6C, 0x2D, 0x55, 0x7F, 0xB3, 0x2F, 0xC8, 0xFD, 0x64, 0xFD, 0x8E, 0xBF, 
        0xE4, 0x85, 0x5B, 0x7F, 0xD8, 0xC1, 0xE2, 0x2F, 0xFD, 0x3D, 0xDF, 0x51, 0x47, 0xEC, 0x75, 0xFF, 
        0x00, 0x24, 0x2A, 0xDB, 0xFE, 0xC6, 0x0F, 0x11, 0x7F, 0xE9, 0xEE, 0xFA, 0x8A, 0xFD, 0x0C, 0xFE, 
        0x39, 0x3F, 0x30, 0xBF, 0x6C, 0x1B, 0x9F, 0x27, 0x4F, 0xFD, 0x9F, 0x97, 0x3F, 0xF3, 0x48, 0xBC, 
        0x38, 0x7F, 0xF2, 0x1C, 0xB5, 0xF3, 0xC7, 0xDB, 0xBD, 0xEB, 0xDD, 0x3F, 0x6D, 0x4B, 0x8F, 0x2A, 
        0xDB, 0xF6, 0x7C, 0x19, 0xFF, 0x00, 0x9A, 0x41, 0xE1, 0xC3, 0xFF, 0x00, 0x8E, 0x4D, 0x5F, 0x36, 
        0xFD, 0xB7, 0xDE, 0xBC, 0x1A, 0xF4, 0x79, 0xAA, 0x49, 0x9F, 0xAD, 0x65, 0x79, 0x8F, 0xB2, 0xC1, 
        0x52, 0x85, 0xF6, 0x46, 0xF7, 0xDB, 0xBD, 0xE8, 0xFB, 0x77, 0xBD, 0x60, 0xFD, 0xB7, 0xDE, 0x8F, 
        0xB6, 0xFB, 0xD6, 0x1E, 0xC0, 0xF5, 0x3F, 0xB5, 0xBC, 0xCD, 0xEF, 0xB7, 0x7B, 0xD1, 0xF6, 0xEF, 
        0x7A, 0xC1, 0xFB, 0x6F, 0xBD, 0x1F, 0x6D, 0xF7, 0xA3, 0xD8, 0x07, 0xF6, 0xB7, 0x99, 0xBD, 0xF6, 
        0xEF, 0x7A, 0x3E, 0xDD, 0xEF, 0x58, 0x3F, 0x6D, 0xF7, 0xA3, 0xED, 0xBE, 0xF4, 0x7B, 0x00, 0xFE, 
        0xD6, 0xF3, 0x37, 0xBE, 0xDD, 0xEF, 0x47, 0xDB, 0xBD, 0xEB, 0x07, 0xED, 0xBE, 0xF4, 0x7D, 0xB7, 
        0xDE, 0x8F, 0x60, 0x1F, 0xDA, 0xDE, 0x66, 0xF7, 0xDB, 0xBD, 0xE8, 0xFB, 0x77, 0xBD, 0x60, 0xFD, 
        0xB7, 0xDE, 0x8F, 0xB6, 0xFB, 0xD1, 0xEC, 0x03, 0xFB, 0x5B, 0xCC, 0xDE, 0xFB, 0x77, 0xBD, 0x1F, 
        0x6E, 0xF7, 0xAC, 0x1F, 0xB6, 0xFB, 0xD1, 0xF6, 0xDF, 0x7A, 0x3D, 0x80, 0x7F, 0x6B, 0x79, 0x9B, 
        0xDF, 0x6E, 0xF7, 0xA3, 0xED, 0xDE, 0xF5, 0x83, 0xF6, 0xDF, 0x7A, 0x3E, 0xDB, 0xEF, 0x47, 0xB0, 
        0x0F, 0xED, 0x6F, 0x33, 0x7B, 0xED, 0xDE, 0xF5, 0xE8, 0xDF, 0xB3, 0x75, 0xE6, 0xEF, 0xDA, 0x27, 
        0xE1, 0x6A, 0xE7, 0xAF, 0x8A, 0xB4, 0xA1, 0xFF, 0x00, 0x93, 0x71, 0x57, 0x8D, 0xFD, 0xB7, 0xDE, 
        0xBD, 0x2B, 0xF6, 0x66, 0xBB, 0xDD, 0xFB, 0x48, 0x7C, 0x28, 0x19, 0xEB, 0xE2, 0xCD, 0x24, 0x7F, 
        0xE4, 0xE4, 0x55, 0x51, 0xA1, 0x69, 0x23, 0x0A, 0xF9, 0xA7, 0x35, 0x29, 0xAB, 0xF4, 0x7F, 0x91, 
        0xFB, 0x31, 0xFB, 0x1D, 0x7F, 0xC9, 0x0A, 0xB6, 0xFF, 0x00, 0xB1, 0x83, 0xC4, 0x5F, 0xFA, 0x7B, 
        0xBE, 0xA2, 0x8F, 0xD8, 0xEB, 0xFE, 0x48, 0x55, 0xB7, 0xFD, 0x8C, 0x1E, 0x22, 0xFF, 0x00, 0xD3, 
        0xDD, 0xF5, 0x15, 0xF4, 0x67, 0xE3, 0x07, 0xE4, 0xE7, 0xED, 0xCF, 0x71, 0xE5, 0x0F, 0xD9, 0xE8, 
        0x67, 0xFE, 0x68, 0xF7, 0x86, 0xCF, 0xFE, 0x3B, 0x35, 0x7C, 0xC5, 0xF6, 0xDF, 0x7A, 0xFD, 0xB5, 
        0x4F, 0xD8, 0xAF, 0xC5, 0x17, 0x1E, 0x1F, 0xF0, 0xD6, 0x95, 0xAC, 0x78, 0xAB, 0xE1, 0xBF, 0x8A, 
        0x17, 0xC3, 0xDA, 0x45, 0xAE, 0x87, 0x63, 0x79, 0xE2, 0x0F, 0x85, 0xB0, 0xDF, 0x5C, 0xA5, 0xA5, 
        0xBA, 0x6C, 0x8A, 0x33, 0x24, 0x97, 0xA4, 0xE0, 0x0C, 0x9C, 0x0C, 0x0C, 0xB3, 0x1C, 0x72, 0x6A, 
        0x2F, 0xF8, 0x61, 0x9B, 0xFF, 0x00, 0xF9, 0xED, 0xF0, 0x6F, 0xFF, 0x00, 0x0C, 0xED, 0xAF, 0xFF, 
        0x00, 0x26, 0x56, 0x4E, 0x9A, 0x6E, 0xE7, 0x74, 0x31, 0x73, 0x84, 0x54, 0x57, 0x43, 0xF1, 0x3F, 
        0xED, 0xBE, 0xF4, 0x7D, 0xB7, 0xDE, 0xBF, 0x6C, 0x3F, 0xE1, 0x86, 0x6F, 0xFF, 0x00, 0xE7, 0xB7, 
        0xC1, 0xBF, 0xFC, 0x33, 0xB6, 0xBF, 0xFC, 0x99, 0x47, 0xFC, 0x30, 0xCD, 0xFF, 0x00, 0xFC, 0xF6, 
        0xF8, 0x37, 0xFF, 0x00, 0x86, 0x76, 0xD7, 0xFF, 0x00, 0x93, 0x29, 0x7B, 0x24, 0x69, 0xF5, 0xEA, 
        0x87, 0xE2, 0x7F, 0xDB, 0x7D, 0xE8, 0xFB, 0x6F, 0xBD, 0x7E, 0xD8, 0x7F, 0xC3, 0x0C, 0xDF, 0xFF, 
        0x00, 0xCF, 0x6F, 0x83, 0x7F, 0xF8, 0x67, 0x6D, 0x7F, 0xF9, 0x32, 0x8F, 0xF8, 0x61, 0x9B, 0xFF, 
        0x00, 0xF9, 0xED, 0xF0, 0x6F, 0xFF, 0x00, 0x0C, 0xED, 0xAF, 0xFF, 0x00, 0x26, 0x51, 0xEC, 0x90, 
        0x7D, 0x7A, 0xA1, 0xF8, 0x9F, 0xF6, 0xDF, 0x7A, 0x3E, 0xDB, 0xEF, 0x5F, 0xB6, 0x1F, 0xF0, 0xC3, 
        0x37, 0xFF, 0x00, 0xF3, 0xDB, 0xE0, 0xDF, 0xFE, 0x19, 0xDB, 0x5F, 0xFE, 0x4C, 0xA3, 0xFE, 0x18, 
        0x66, 0xFF, 0x00, 0xFE, 0x7B, 0x7C, 0x1B, 0xFF, 0x00, 0xC3, 0x3B, 0x6B, 0xFF, 0x00, 0xC9, 0x94, 
        0x7B, 0x24, 0x1F, 0x5E, 0xA8, 0x7E, 0x27, 0xFD, 0xB7, 0xDE, 0x8F, 0xB6, 0xFB, 0xD7, 0xED, 0x87, 
        0xFC, 0x30, 0xCD, 0xFF, 0x00, 0xFC, 0xF6, 0xF8, 0x37, 0xFF, 0x00, 0x86, 0x76, 0xD7, 0xFF, 0x00, 
        0x93, 0x28, 0xFF, 0x00, 0x86, 0x19, 0xBF, 0xFF, 0x00, 0x9E, 0xDF, 0x06, 0xFF, 0x00, 0xF0, 0xCE, 
        0xDA, 0xFF, 0x00, 0xF2, 0x65, 0x1E, 0xC9, 0x07, 0xD7, 0xAA, 0x1F, 0x89, 0xFF, 0x00, 0x6D, 0xF7, 
        0xA3, 0xED, 0xBE, 0xF5, 0xFB, 0x61, 0xFF, 0x00, 0x0C, 0x33, 0x7F, 0xFF, 0x00, 0x3D, 0xBE, 0x0D, 
        0xFF, 0x00, 0xE1, 0x9D, 0xB5, 0xFF, 0x00, 0xE4, 0xCA, 0x3F, 0xE1, 0x86, 0x6F, 0xFF, 0x00, 0xE7, 
        0xB7, 0xC1, 0xBF, 0xFC, 0x33, 0xB6, 0xBF, 0xFC, 0x99, 0x47, 0xB2, 0x41, 0xF5, 0xEA, 0x87, 0xE2, 
        0x7F, 0xDB, 0x7D, 0xE8, 0xFB, 0x6F, 0xBD, 0x7E, 0xD8, 0x7F, 0xC3, 0x0C, 0xDF, 0xFF, 0x00, 0xCF, 
        0x6F, 0x83, 0x7F, 0xF8, 0x67, 0x6D, 0x7F, 0xF9, 0x32, 0x8F, 0xF8, 0x61, 0x9B, 0xFF, 0x00, 0xF9, 
        0xED, 0xF0, 0x6F, 0xFF, 0x00, 0x0C, 0xED, 0xAF, 0xFF, 0x00, 0x26, 0x51, 0xEC, 0x90, 0x7D, 0x7A, 
        0xA1, 0xF8, 0x9F, 0xF6, 0xDF, 0x7A, 0x3E, 0xDB, 0xEF, 0x5F, 0xB6, 0x1F, 0xF0, 0xC3, 0x37, 0xFF, 
        0x00, 0xF3, 0xDB, 0xE0, 0xDF, 0xFE, 0x19, 0xDB, 0x5F, 0xFE, 0x4C, 0xA3, 0xFE, 0x18, 0x66, 0xFF, 
        0x00, 0xFE, 0x7B, 0x7C, 0x1B, 0xFF, 0x00, 0xC3, 0x3B, 0x6B, 0xFF, 0x00, 0xC9, 0x94, 0x7B, 0x24, 
        0x1F, 0x5E, 0xA8, 0x7E, 0x27, 0xFD, 0xB7, 0xDE, 0xBD, 0x37, 0xF6, 0x5E, 0xBB, 0xDD, 0xFB, 0x4C, 
        0x7C, 0x24, 0x19, 0xEB, 0xE2, 0xED, 0x20, 0x7F, 0xE4, 0xEC, 0x55, 0xFA, 0xC7, 0xFF, 0x00, 0x0C, 
        0x33, 0x7F, 0xFF, 0x00, 0x3D, 0xBE, 0x0D, 0xFF, 0x00, 0xE1, 0x9D, 0xB5, 0xFF, 0x00, 0xE4, 0xCA, 
        0xB5, 0xA5, 0x7E, 0xC5, 0xBA, 0xE6, 0x85, 0xAA, 0x59, 0xEA, 0x5A, 0x6E, 0xA5, 0xF0, 0x8F, 0x4F, 
        0xD4, 0x6C, 0xE6, 0x4B, 0x8B, 0x6B, 0xBB, 0x5F, 0x84, 0x36, 0xD1, 0x4D, 0x04, 0xA8, 0xC1, 0x92, 
        0x44, 0x75, 0xBD, 0x05, 0x59, 0x58, 0x02, 0x08, 0x39, 0x04, 0x02, 0x28, 0xF6, 0x68, 0x4F, 0x1B, 
        0x51, 0xAB, 0x1E, 0x8D, 0xFB, 0x1D, 0x7F, 0xC9, 0x0A, 0xB6, 0xFF, 0x00, 0xB1, 0x83, 0xC4, 0x5F, 
        0xFA, 0x7B, 0xBE, 0xA2, 0xBA, 0xFF, 0x00, 0x81, 0xFF, 0x00, 0x0D, 0x2E, 0x7E, 0x11, 0x7C, 0x37, 
        0xB3, 0xF0, 0xCD, 0xE6, 0xAD, 0x16, 0xB9, 0x77, 0x15, 0xE5, 0xFD, 0xEC, 0xD7, 0xD0, 0x59, 0x9B, 
        0x48, 0xE4, 0x7B, 0xAB, 0xC9, 0xAE, 0x98, 0x2C, 0x46, 0x49, 0x0A, 0x85, 0x33, 0x95, 0x19, 0x76, 
        0x38, 0x5C, 0xE7, 0x9A, 0x2B, 0x63, 0xCE, 0x3F, 0xFF, 0xD9, 0x33, 0x33, 0x33, 0x33, 0x33, 0x33, 
        0x33, 0x33, 0x33, 0x33, 0x33, 0x33, 0x33, 0x33, 0x33, 0x33, 0x33, 0x33, 0x33, 0x33, 0x33, 0x33, 
        0x33, 0x33, 0x33, 0x33, 0x33, 0x33, 0x33, 0x33, 0x33, 0x33, 0x33, 0x33, 0x33, 0x33, 0x33, 0x33, 
        0x33, 0x33, 0x33, 0x33, 0x33, 0x33, 0x33, 0x33, 0x33, 0x33, 0x33, 0x33, 0x33, 0x33, 0x33, 0x33, 
        0x33, 0x33, 0x33, 0x33, 0x33, 0x33, 0x33, 0x33, 0x33, 0x33, 0x33, 0x33, 0x33, 0x33, 0x33, 0x33, 
        0x33, 0x33, 0x33, 0x33, 0x33, 0x33, 0x33, 0x33, 0x33, 0x33, 0x33, 0x33, 0x33, 0x33, 0x33, 0x33, 
        0x33, 0x33, 0x33, 0x33, 0x33, 0x33, 0x33, 0x33, 0x33, 0x33, 0x33, 0x33, 0x33, 0x33, 0x33, 0x33, 
        0x33, 0x33, 0x33, 0x33, 0x33, 0x33, 0x33, 0x33, 0x33, 0x33, 0x33, 0x33, 0x33, 0x33, 0x33, 0x33, 
        0x33, 0x33, 0x33, 0x33, 0x33, 0x33, 0x33, 0x33, 0x33, 0x33, 0x33, 0x33, 0x33, 0x33, 0x33, 0x33, 
        0x33, 0x33, 0x33, 0x33, 0x33, 0x33, 0x33, 0x33, 0x33, 0x33, 0x33, 0x33, 0x33, 0x33, 0x33, 0x33, 
        0x33, 0x33, 0x33, 0x33, 0x33, 0x33, 0x33, 0x33, 0x33, 0x33, 0x33, 0x33, 0x33, 0x33, 0x33, 0x33, 
        0x33, 0x33, 0x33, 0x33, 0x33, 0x33, 0x33, 0x33, 0x33, 0x33, 0x33, 0x33, 0x33, 0x33, 0x33, 0x33, 
        0x33, 0x33, 0x33, 0x33, 0x33, 0x33, 0x33, 0x33, 0x33, 0x33, 0x33, 0x33, 0x33, 0x33, 0x33, 0x33, 
        0x33, 0x33, 0x33, 0x33, 0x33, 0x33, 0x33, 0x33, 0x33, 0x33, 0x33, 0x33, 0x33, 0x33, 0x33, 0x33, 
        0x33, 0x33, 0x33, 0x33, 0x33, 0x33, 0x33, 0x33, 0x33, 0x33, 0x33, 0x33, 0x33, 0x33, 0x33, 0x33, 
        0x33, 0x33, 0x33, 0x33, 0x33, 0x33, 0x33, 0x33, 0x33, 0x33, 0x33, 0x33, 0x33, 0x33, 0x33, 0x33, 
        0x33, 0x33, 0x33, 0x33, 0x33, 0x33, 0x33, 0x33, 0x33, 0x33, 0x33, 0x33, 0x33, 0x33, 0x33, 0x33, 
        0x33, 0x33, 0x33, 0x33, 0x33, 0x33, 0x33, 0x33, 0x33, 0x33, 0x33, 0x33, 0x33, 0x33, 0x33, 0x33, 
        0x33, 0x33, 0x33, 0x33, 0x33, 0x33, 0x33, 0x33, 0x33, 0x33, 0x33, 0x33, 0x33, 0x33, 0x33, 0x33, 
        0x33, 0x33, 0x33, 0x33, 0x33, 0x33, 0x33, 0x33, 0x33, 0x33, 0x33, 0x33, 0x33, 0x33, 0x33, 0x33, 
        0x33, 0x33, 0x33, 0x33, 0x33, 0x33, 0x33, 0x33, 0x33, 0x33, 0x33, 0x33, 0x33, 0x33, 0x33, 0x33, 
        0x33, 0x33, 0x33, 0x33, 0x33, 0x33, 0x33, 0x33, 0x33, 0x33, 0x33, 0x33, 0x33, 0x33, 0x33, 0x33, 
        0x33, 0x33, 0x33, 0x33, 0x33, 0x33, 0x33, 0x33, 0x33, 0x33, 0x33, 0x33, 0x33, 0x33, 0x33, 0x33, 
        0x33, 0x33, 0x33, 0x33, 0x33, 0x33, 0x33, 0x33, 0x33, 0x33, 0x33, 0x33, 0x33, 0x33, 0x33, 0x33, 
        0x33, 0x33, 0x33, 0x33, 0x33, 0x33, 0x33, 0x33, 0x33, 0x33, 0x33, 0x33, 0x33, 0x33, 0x33, 0x33, 
        0x33, 0x33, 0x33, 0x33, 0x33, 0x33, 0x33, 0x33, 0x33, 0x33, 0x33, 0x33, 0x33, 0x33, 0x33, 0x33, 
        0x33, 0x33, 0x33, 0x33, 0x33, 0x33, 0x33, 0x33, 0x33, 0x33, 0x33, 0x33, 0x33, 0x33, 0x33, 0x33, 
        0x33, 0x33, 0x33, 0x33, 0x33, 0x33, 0x33, 0x33, 0x33, 0x33, 0x33, 0x33, 0x33, 0x33, 0x33, 0x33, 
        0x33, 0x33, 0x33, 0x33, 0x33, 0x33, 0x33, 0x33, 0x33, 0x33, 0x33, 0x33, 0x33, 0x33, 0x33, 0x33, 
        0xFF, 0xD8, 0xFF, 0xE0, 0x00, 0x10, 0x4A, 0x46, 0x49, 0x46, 0x00, 0x01, 0x01, 0x00, 0x00, 0x01, 
        0x00, 0x01, 0x00, 0x00, 0xFF, 0xDB, 0x00, 0x43, 0x00, 0x03, 0x02, 0x02, 0x03, 0x02, 0x02, 0x03, 
        0x03, 0x03, 0x03, 0x04, 0x03, 0x03, 0x04, 0x05, 0x08, 0x05, 0x05, 0x04, 0x04, 0x05, 0x0A, 0x07, 
        0x07, 0x06, 0x08, 0x0C, 0x0A, 0x0C, 0x0C, 0x0B, 0x0A, 0x0B, 0x0B, 0x0D, 0x0E, 0x12, 0x10, 0x0D, 
        0x0E, 0x11, 0x0E, 0x0B, 0x0B, 0x10, 0x16, 0x10, 0x11, 0x13, 0x14, 0x15, 0x15, 0x15, 0x0C, 0x0F, 
        0x17, 0x18, 0x16, 0x14, 0x18, 0x12, 0x14, 0x15, 0x14, 0xFF, 0xDB, 0x00, 0x43, 0x01, 0x03, 0x04, 
        0x04, 0x05, 0x04, 0x05, 0x09, 0x05, 0x05, 0x09, 0x14, 0x0D, 0x0B, 0x0D, 0x14, 0x14, 0x14, 0x14, 
        0x14, 0x14, 0x14, 0x14, 0x14, 0x14, 0x14, 0x14, 0x14, 0x14, 0x14, 0x14, 0x14, 0x14, 0x14, 0x14, 
        0x14, 0x14, 0x14, 0x14, 0x14, 0x14, 0x14, 0x14, 0x14, 0x14, 0x14, 0x14, 0x14, 0x14, 0x14, 0x14, 
        0x14, 0x14, 0x14, 0x14, 0x14, 0x14, 0x14, 0x14, 0x14, 0x14, 0x14, 0x14, 0x14, 0x14, 0xFF, 0xC0, 
        0x00, 0x11, 0x08, 0x00, 0x40, 0x00, 0x98, 0x03, 0x01, 0x22, 0x00, 0x02, 0x11, 0x01, 0x03, 0x11, 
        0x01, 0xFF, 0xC4, 0x00, 0x1F, 0x00, 0x00, 0x01, 0x05, 0x01, 0x01, 0x01, 0x01, 0x01, 0x01, 0x00, 
        0x00, 0x00, 0x00, 0x00, 0x00, 0x00, 0x00, 0x01, 0x02, 0x03, 0x04, 0x05, 0x06, 0x07, 0x08, 0x09, 
        0x0A, 0x0B, 0xFF, 0xC4, 0x00, 0xB5, 0x10, 0x00, 0x02, 0x01, 0x03, 0x03, 0x02, 0x04, 0x03, 0x05, 
        0x05, 0x04, 0x04, 0x00, 0x00, 0x01, 0x7D, 0x01, 0x02, 0x03, 0x00, 0x04, 0x11, 0x05, 0x12, 0x21, 
        0x31, 0x41, 0x06, 0x13, 0x51, 0x61, 0x07, 0x22, 0x71, 0x14, 0x32, 0x81, 0x91, 0xA1, 0x08, 0x23, 
        0x42, 0xB1, 0xC1, 0x15, 0x52, 0xD1, 0xF0, 0x24, 0x33, 0x62, 0x72, 0x82, 0x09, 0x0A, 0x16, 0x17, 
        0x18, 0x19, 0x1A, 0x25, 0x26, 0x27, 0x28, 0x29, 0x2A, 0x34, 0x35, 0x36, 0x37, 0x38, 0x39, 0x3A, 
        0x43, 0x44, 0x45, 0x46, 0x47, 0x48, 0x49, 0x4A, 0x53, 0x54, 0x55, 0x56, 0x57, 0x58, 0x59, 0x5A, 
        0x63, 0x64, 0x65, 0x66, 0x67, 0x68, 0x69, 0x6A, 0x73, 0x74, 0x75, 0x76, 0x77, 0x78, 0x79, 0x7A, 
        0x83, 0x84, 0x85, 0x86, 0x87, 0x88, 0x89, 0x8A, 0x92, 0x93, 0x94, 0x95, 0x96, 0x97, 0x98, 0x99, 
        0x9A, 0xA2, 0xA3, 0xA4, 0xA5, 0xA6, 0xA7, 0xA8, 0xA9, 0xAA, 0xB2, 0xB3, 0xB4, 0xB5, 0xB6, 0xB7, 
        0xB8, 0xB9, 0xBA, 0xC2, 0xC3, 0xC4, 0xC5, 0xC6, 0xC7, 0xC8, 0xC9, 0xCA, 0xD2, 0xD3, 0xD4, 0xD5, 
        0xD6, 0xD7, 0xD8, 0xD9, 0xDA, 0xE1, 0xE2, 0xE3, 0xE4, 0xE5, 0xE6, 0xE7, 0xE8, 0xE9, 0xEA, 0xF1, 
        0xF2, 0xF3, 0xF4, 0xF5, 0xF6, 0xF7, 0xF8, 0xF9, 0xFA, 0xFF, 0xC4, 0x00, 0x1F, 0x01, 0x00, 0x03, 
        0x01, 0x01, 0x01, 0x01, 0x01, 0x01, 0x01, 0x01, 0x01, 0x00, 0x00, 0x00, 0x00, 0x00, 0x00, 0x01, 
        0x02, 0x03, 0x04, 0x05, 0x06, 0x07, 0x08, 0x09, 0x0A, 0x0B, 0xFF, 0xC4, 0x00, 0xB5, 0x11, 0x00, 
        0x02, 0x01, 0x02, 0x04, 0x04, 0x03, 0x04, 0x07, 0x05, 0x04, 0x04, 0x00, 0x01, 0x02, 0x77, 0x00, 
        0x01, 0x02, 0x03, 0x11, 0x04, 0x05, 0x21, 0x31, 0x06, 0x12, 0x41, 0x51, 0x07, 0x61, 0x71, 0x13, 
        0x22, 0x32, 0x81, 0x08, 0x14, 0x42, 0x91, 0xA1, 0xB1, 0xC1, 0x09, 0x23, 0x33, 0x52, 0xF0, 0x15, 
        0x62, 0x72, 0xD1, 0x0A, 0x16, 0x24, 0x34, 0xE1, 0x25, 0xF1, 0x17, 0x18, 0x19, 0x1A, 0x26, 0x27, 
        0x28, 0x29, 0x2A, 0x35, 0x36, 0x37, 0x38, 0x39, 0x3A, 0x43, 0x44, 0x45, 0x46, 0x47, 0x48, 0x49, 
        0x4A, 0x53, 0x54, 0x55, 0x56, 0x57, 0x58, 0x59, 0x5A, 0x63, 0x64, 0x65, 0x66, 0x67, 0x68, 0x69, 
        0x6A, 0x73, 0x74, 0x75, 0x76, 0x77, 0x78, 0x79, 0x7A, 0x82, 0x83, 0x84, 0x85, 0x86, 0x87, 0x88, 
        0x89, 0x8A, 0x92, 0x93, 0x94, 0x95, 0x96, 0x97, 0x98, 0x99, 0x9A, 0xA2, 0xA3, 0xA4, 0xA5, 0xA6, 
        0xA7, 0xA8, 0xA9, 0xAA, 0xB2, 0xB3, 0xB4, 0xB5, 0xB6, 0xB7, 0xB8, 0xB9, 0xBA, 0xC2, 0xC3, 0xC4, 
        0xC5, 0xC6, 0xC7, 0xC8, 0xC9, 0xCA, 0xD2, 0xD3, 0xD4, 0xD5, 0xD6, 0xD7, 0xD8, 0xD9, 0xDA, 0xE2, 
        0xE3, 0xE4, 0xE5, 0xE6, 0xE7, 0xE8, 0xE9, 0xEA, 0xF2, 0xF3, 0xF4, 0xF5, 0xF6, 0xF7, 0xF8, 0xF9, 
        0xFA, 0xFF, 0xDA, 0x00, 0x0C, 0x03, 0x01, 0x00, 0x02, 0x11, 0x03, 0x11, 0x00, 0x3F, 0x00, 0xF3, 
        0xAF, 0x8A, 0xFF, 0x00, 0x15, 0xFC, 0x3F, 0xFB, 0x3F, 0xF8, 0x43, 0xE0, 0xAE, 0x91, 0xA4, 0x7C, 
        0x15, 0xF8, 0x4B, 0xAF, 0x1D, 0x5F, 0xE1, 0xBE, 0x87, 0xAD, 0xDE, 0xEA, 0x1E, 0x22, 0xF0, 0x94, 
        0x37, 0x57, 0x73, 0x5D, 0x4D, 0x0B, 0x2C, 0x8C, 0xD2, 0x2B, 0x26, 0xED, 0xDE, 0x58, 0x62, 0x58, 
        0x16, 0x2C, 0xCC, 0x49, 0x39, 0xE3, 0xCE, 0xBF, 0xE1, 0xB3, 0xAD, 0xBF, 0xE8, 0xDF, 0x7E, 0x04, 
        0xFF, 0x00, 0xE1, 0x0E, 0x9F, 0xFC, 0x76, 0xA3, 0xFD, 0xB4, 0x9F, 0x6D, 0xB7, 0xEC, 0xF9, 0xFF, 
        0x00, 0x64, 0x83, 0xC3, 0x9F, 0xFA, 0x04, 0xD5, 0xF3, 0x77, 0x99, 0x5E, 0x55, 0x5A, 0x95, 0x14, 
        0xDA, 0x4C, 0xFB, 0xFC, 0x0E, 0x13, 0x09, 0x3C, 0x34, 0x25, 0x3A, 0x69, 0xB6, 0x8F, 0xA5, 0x7F, 
        0xE1, 0xB3, 0xAD, 0xBF, 0xE8, 0xDF, 0x7E, 0x04, 0xFF, 0x00, 0xE1, 0x0E, 0x9F, 0xFC, 0x76, 0x8F, 
        0xF8, 0x6C, 0xEB, 0x6F, 0xFA, 0x37, 0xDF, 0x81, 0x3F, 0xF8, 0x43, 0xA7, 0xFF, 0x00, 0x1D, 0xAF, 
        0x9A, 0xBC, 0xCA, 0x3C, 0xCA, 0xCB, 0xDA, 0xD4, 0xFE, 0x63, 0xBF, 0xEA, 0x38, 0x2F, 0xF9, 0xF4, 
        0x8F, 0xA5, 0x7F, 0xE1, 0xB3, 0xAD, 0xBF, 0xE8, 0xDF, 0x7E, 0x04, 0xFF, 0x00, 0xE1, 0x0E, 0x9F, 
        0xFC, 0x76, 0x8F, 0xF8, 0x6C, 0xEB, 0x6F, 0xFA, 0x37, 0xDF, 0x81, 0x3F, 0xF8, 0x43, 0xA7, 0xFF, 
        0x00, 0x1D, 0xAF, 0x9A, 0xBC, 0xCA, 0x3C, 0xCA, 0x3D, 0xAD, 0x4F, 0xE6, 0x0F, 0xA8, 0xE0, 0xBF, 
        0xE7, 0xD2, 0x3E, 0x95, 0xFF, 0x00, 0x86, 0xCE, 0xB6, 0xFF, 0x00, 0xA3, 0x7D, 0xF8, 0x13, 0xFF, 
        0x00, 0x84, 0x3A, 0x7F, 0xF1, 0xDA, 0x3F, 0xE1, 0xB3, 0xAD, 0xBF, 0xE8, 0xDF, 0x7E, 0x04, 0xFF, 
        0x00, 0xE1, 0x0E, 0x9F, 0xFC, 0x76, 0xBE, 0x6A, 0xF3, 0x28, 0xF3, 0x28, 0xF6, 0xB5, 0x3F, 0x98, 
        0x3E, 0xA3, 0x82, 0xFF, 0x00, 0x9F, 0x48, 0xFA, 0x57, 0xFE, 0x1B, 0x3A, 0xDB, 0xFE, 0x8D, 0xF7, 
        0xE0, 0x4F, 0xFE, 0x10, 0xE9, 0xFF, 0x00, 0xC7, 0x68, 0xFF, 0x00, 0x86, 0xCE, 0xB6, 0xFF, 0x00, 
        0xA3, 0x7D, 0xF8, 0x13, 0xFF, 0x00, 0x84, 0x3A, 0x7F, 0xF1, 0xDA, 0xF9, 0xAB, 0xCC, 0xA3, 0xCC, 
        0xA3, 0xDA, 0xD4, 0xFE, 0x60, 0xFA, 0x8E, 0x0B, 0xFE, 0x7D, 0x23, 0xE9, 0x5F, 0xF8, 0x6C, 0xEB, 
        0x6F, 0xFA, 0x37, 0xDF, 0x81, 0x3F, 0xF8, 0x43, 0xA7, 0xFF, 0x00, 0x1D, 0xA3, 0xFE, 0x1B, 0x3A, 
        0xDB, 0xFE, 0x8D, 0xF7, 0xE0, 0x4F, 0xFE, 0x10, 0xE9, 0xFF, 0x00, 0xC7, 0x6B, 0xE6, 0xAF, 0x32, 
        0x8F, 0x32, 0x8F, 0x6B, 0x53, 0xF9, 0x83, 0xEA, 0x38, 0x2F, 0xF9, 0xF4, 0x8F, 0xA5, 0x7F, 0xE1, 
        0xB3, 0xAD, 0xBF, 0xE8, 0xDF, 0x7E, 0x04, 0xFF, 0x00, 0xE1, 0x0E, 0x9F, 0xFC, 0x76, 0x8F, 0xF8, 
        0x6C, 0xEB, 0x6F, 0xFA, 0x37, 0xDF, 0x81, 0x3F, 0xF8, 0x43, 0xA7, 0xFF, 0x00, 0x1D, 0xAF, 0x9A, 
        0xBC, 0xCA, 0x3C, 0xCA, 0x3D, 0xAD, 0x4F, 0xE6, 0x0F, 0xA8, 0xE0, 0xBF, 0xE7, 0xD2, 0x3E, 0x95, 
        0xFF, 0x00, 0x86, 0xCE, 0xB6, 0xFF, 0x00, 0xA3, 0x7D, 0xF8, 0x13, 0xFF, 0x00, 0x84, 0x3A, 0x7F, 
        0xF1, 0xDA, 0x3F, 0xE1, 0xB3, 0xAD, 0xBF, 0xE8, 0xDF, 0x7E, 0x04, 0xFF, 0x00, 0xE1, 0x0E, 0x9F, 
        0xFC, 0x76, 0xBE, 0x6A, 0xF3, 0x28, 0xF3, 0x28, 0xF6, 0xB5, 0x3F, 0x98, 0x3E, 0xA3, 0x82, 0xFF, 
        0x00, 0x9F, 0x48, 0xFA, 0x57, 0xFE, 0x1B, 0x3A, 0xDB, 0xFE, 0x8D, 0xF7, 0xE0, 0x4F, 0xFE, 0x10, 
        0xE9, 0xFF, 0x00, 0xC7, 0x6B, 0xAE, 0xF8, 0x43, 0xFB, 0x50, 0xE9, 0x7E, 0x3F, 0xF8, 0xB3, 0xE0, 
        0xAF, 0x0B, 0xEA, 0x1F, 0x00, 0x7E, 0x08, 0x43, 0x61, 0xAD, 0xEB, 0x76, 0x5A, 0x6D, 0xC4, 0x96, 
        0xDE, 0x09, 0x89, 0x65, 0x48, 0xE6, 0x9D, 0x23, 0x62, 0x85, 0x9C, 0x80, 0xC0, 0x31, 0xC1, 0x20, 
        0x8C, 0xF6, 0x35, 0xF1, 0xE7, 0x99, 0x5E, 0x95, 0xFB, 0x33, 0xC9, 0x9F, 0xDA, 0x3F, 0xE1, 0x4F, 
        0xFD, 0x8D, 0x9A, 0x4F, 0xFE, 0x96, 0x45, 0x4E, 0x35, 0x2A, 0x5D, 0x6A, 0x65, 0x57, 0x05, 0x83, 
        0x54, 0xE4, 0xD5, 0x35, 0x7B, 0x33, 0xF6, 0x3B, 0xF6, 0x2D, 0xB1, 0xB6, 0xD3, 0x3F, 0x67, 0xDD, 
        0x3A, 0xCE, 0xCE, 0xDE, 0x2B, 0x4B, 0x4B, 0x7D, 0x73, 0xC4, 0x10, 0xC3, 0x6F, 0x02, 0x04, 0x8E, 
        0x24, 0x5D, 0x6A, 0xF4, 0x2A, 0xAA, 0x8E, 0x00, 0x00, 0x00, 0x00, 0xE0, 0x01, 0x45, 0x4F, 0xFB, 
        0x1D, 0x7F, 0xC9, 0x0A, 0xB6, 0xFF, 0x00, 0xB1, 0x83, 0xC4, 0x5F, 0xFA, 0x7B, 0xBE, 0xA2, 0xBD, 
        0x93, 0xF3, 0x63, 0xF2, 0xAF, 0xF6, 0xD8, 0x7D, 0xB0, 0x7E, 0xCF, 0x63, 0xFE, 0xA8, 0xFF, 0x00, 
        0x87, 0x3F, 0xF4, 0x09, 0xAB, 0xE6, 0xBF, 0x36, 0xBE, 0x8E, 0xFD, 0xB7, 0x9B, 0x6C, 0x5F, 0xB3, 
        0xDF, 0xFD, 0x91, 0xFF, 0x00, 0x0E, 0x7F, 0xE8, 0x13, 0x57, 0xCC, 0xFE, 0x67, 0xBD, 0x79, 0xB5, 
        0x23, 0x79, 0xB3, 0xED, 0xB0, 0x75, 0xB9, 0x70, 0xF0, 0x5E, 0x45, 0xAF, 0x36, 0x8F, 0x36, 0xAA, 
        0xF9, 0x9E, 0xF4, 0x79, 0x9E, 0xF5, 0x97, 0x29, 0xDB, 0xED, 0xCB, 0x5E, 0x6D, 0x1E, 0x6D, 0x55, 
        0xF3, 0x3D, 0xE8, 0xF3, 0x3D, 0xE8, 0xE5, 0x0F, 0x6E, 0x5A, 0xF3, 0x68, 0xF3, 0x6A, 0xAF, 0x99, 
        0xEF, 0x47, 0x99, 0xEF, 0x47, 0x28, 0x7B, 0x72, 0xD7, 0x9B, 0x47, 0x9B, 0x55, 0x7C, 0xCF, 0x7A, 
        0x3C, 0xCF, 0x7A, 0x39, 0x43, 0xDB, 0x96, 0xBC, 0xDA, 0x3C, 0xDA, 0xAB, 0xE6, 0x7B, 0xD1, 0xE6, 
        0x7B, 0xD1, 0xCA, 0x1E, 0xDC, 0xB5, 0xE6, 0xD1, 0xE6, 0xD5, 0x5F, 0x33, 0xDE, 0x8F, 0x33, 0xDE, 
        0x8E, 0x50, 0xF6, 0xE5, 0xAF, 0x36, 0x8F, 0x36, 0xAA, 0xF9, 0x9E, 0xF4, 0x79, 0x9E, 0xF4, 0x72, 
        0x87, 0xB7, 0x2D, 0x79, 0xB5, 0xE9, 0x5F, 0xB3, 0x24, 0x99, 0xFD, 0xA4, 0xBE, 0x14, 0x0F, 0xFA, 
        0x9B, 0x74, 0x9F, 0xFD, 0x2C, 0x8A, 0xBC, 0xAF, 0xCC, 0xF7, 0xAF, 0x4C, 0xFD, 0x98, 0x9F, 0x3F, 
        0xB4, 0xA7, 0xC2, 0x6F, 0xFB, 0x1B, 0x74, 0x9F, 0xFD, 0x2C, 0x8A, 0xAA, 0x31, 0xD5, 0x19, 0x54, 
        0xAD, 0x78, 0x4B, 0xD0, 0xFD, 0xA6, 0xFD, 0x8E, 0xBF, 0xE4, 0x85, 0x5B, 0x7F, 0xD8, 0xC1, 0xE2, 
        0x2F, 0xFD, 0x3D, 0xDF, 0x51, 0x47, 0xEC, 0x75, 0xFF, 0x00, 0x24, 0x2A, 0xDB, 0xFE, 0xC6, 0x0F, 
        0x11, 0x7F, 0xE9, 0xEE, 0xFA, 0x8A, 0xF5, 0x4F, 0x81, 0x3F, 0x27, 0xFF, 0x00, 0x6E, 0x46, 0xDA, 
        0xBF, 0xB3, 0xD7, 0xFD, 0x91, 0xEF, 0x0D, 0xFF, 0x00, 0xE8, 0x33, 0x57, 0xCC, 0x9E, 0x67, 0xBD, 
        0x7D, 0x2B, 0xFB, 0x75, 0x3E, 0xDF, 0xF8, 0x67, 0xA1, 0xFF, 0x00, 0x54, 0x77, 0xC3, 0x7F, 0xFA, 
        0x0C, 0xD5, 0xF3, 0x07, 0x9B, 0x5C, 0xB2, 0x8D, 0xDB, 0x3D, 0xCA, 0x15, 0xB9, 0x69, 0xC5, 0x16, 
        0xBC, 0xCF, 0x7A, 0x3C, 0xCF, 0x7A, 0xAB, 0xE6, 0xD1, 0xE6, 0xD4, 0xF2, 0x9B, 0xFB, 0x72, 0xD7, 
        0x99, 0xEF, 0x47, 0x99, 0xEF, 0x55, 0x7C, 0xDA, 0x3C, 0xDA, 0x39, 0x43, 0xDB, 0x96, 0xBC, 0xCF, 
        0x7A, 0x3C, 0xCF, 0x7A, 0xAB, 0xE6, 0xD1, 0xE6, 0xD1, 0xCA, 0x1E, 0xDC, 0xB5, 0xE6, 0x7B, 0xD1, 
        0xE6, 0x7B, 0xD5, 0x5F, 0x36, 0x8F, 0x36, 0x8E, 0x50, 0xF6, 0xE5, 0xAF, 0x33, 0xDE, 0x8F, 0x33, 
        0xDE, 0xAA, 0xF9, 0xB4, 0x79, 0xB4, 0x72, 0x87, 0xB7, 0x2D, 0x79, 0x9E, 0xF4, 0x79, 0x9E, 0xF5, 
        0x57, 0xCD, 0xA3, 0xCD, 0xA3, 0x94, 0x3D, 0xB9, 0x6B, 0xCC, 0xF7, 0xA3, 0xCC, 0xF7, 0xAA, 0xBE, 
        0x6D, 0x1E, 0x6D, 0x1C, 0xA1, 0xED, 0xCB, 0x5E, 0x67, 0xBD, 0x7A, 0x67, 0xEC, 0xBE, 0xF9, 0xFD, 
        0xA5, 0xBE, 0x12, 0xFF, 0x00, 0xD8, 0xDD, 0xA4, 0x7F, 0xE9, 0x64, 0x55, 0xE5, 0x3E, 0x6D, 0x7A, 
        0x77, 0xEC, 0xBB, 0x26, 0x7F, 0x69, 0x9F, 0x84, 0x63, 0xFE, 0xA6, 0xFD, 0x23, 0xFF, 0x00, 0x4B, 
        0x62, 0xA6, 0xA3, 0xA9, 0x12, 0xAD, 0x78, 0xB3, 0xF6, 0xDF, 0xF6, 0x3A, 0xFF, 0x00, 0x92, 0x15, 
        0x6D, 0xFF, 0x00, 0x63, 0x07, 0x88, 0xBF, 0xF4, 0xF7, 0x7D, 0x45, 0x1F, 0xB1, 0xD7, 0xFC, 0x90, 
        0xAB, 0x6F, 0xFB, 0x18, 0x3C, 0x45, 0xFF, 0x00, 0xA7, 0xBB, 0xEA, 0x2B, 0xAC, 0xF9, 0xF3, 0xF2, 
        0x4F, 0xF6, 0xF0, 0x7D, 0xAD, 0xFB, 0x3C, 0xFF, 0x00, 0xD9, 0x1D, 0xF0, 0xDF, 0xFE, 0x83, 0x3D, 
        0x7C, 0xB9, 0xE6, 0x57, 0xEE, 0x22, 0x7E, 0xC5, 0x7E, 0x28, 0xB8, 0xF0, 0xFF, 0x00, 0x86, 0xB4, 
        0xAD, 0x63, 0xC5, 0x5F, 0x0D, 0xFC, 0x50, 0xBE, 0x1E, 0xD2, 0x2D, 0x74, 0x3B, 0x1B, 0xCF, 0x10, 
        0x7C, 0x2D, 0x86, 0xFA, 0xE5, 0x2D, 0x2D, 0xD3, 0x64, 0x51, 0x99, 0x24, 0xBD, 0x27, 0x00, 0x64, 
        0xE0, 0x60, 0x65, 0x98, 0xE3, 0x93, 0x51, 0x7F, 0xC3, 0x0C, 0xDF, 0xFF, 0x00, 0xCF, 0x6F, 0x83, 
        0x7F, 0xF8, 0x67, 0x6D, 0x7F, 0xF9, 0x32, 0xA6, 0xC6, 0x8A, 0xA3, 0x4A, 0xC7, 0xE2, 0x07, 0x99, 
        0x47, 0x99, 0x5F, 0xB7, 0xFF, 0x00, 0xF0, 0xC3, 0x37, 0xFF, 0x00, 0xF3, 0xDB, 0xE0, 0xDF, 0xFE, 
        0x19, 0xDB, 0x5F, 0xFE, 0x4C, 0xA3, 0xFE, 0x18, 0x66, 0xFF, 0x00, 0xFE, 0x7B, 0x7C, 0x1B, 0xFF, 
        0x00, 0xC3, 0x3B, 0x6B, 0xFF, 0x00, 0xC9, 0x94, 0x72, 0x95, 0xED, 0x19, 0xF8, 0x81, 0xE6, 0x51, 
        0xE6, 0x57, 0xED, 0xFF, 0x00, 0xFC, 0x30, 0xCD, 0xFF, 0x00, 0xFC, 0xF6, 0xF8, 0x37, 0xFF, 0x00, 
        0x86, 0x76, 0xD7, 0xFF, 0x00, 0x93, 0x28, 0xFF, 0x00, 0x86, 0x19, 0xBF, 0xFF, 0x00, 0x9E, 0xDF, 
        0x06, 0xFF, 0x00, 0xF0, 0xCE, 0xDA, 0xFF, 0x00, 0xF2, 0x65, 0x1C, 0xA1, 0xED, 0x19, 0xF8, 0x81, 
        0xE6, 0x51, 0xE6, 0x57, 0xED, 0xFF, 0x00, 0xFC, 0x30, 0xCD, 0xFF, 0x00, 0xFC, 0xF6, 0xF8, 0x37, 
        0xFF, 0x00, 0x86, 0x76, 0xD7, 0xFF, 0x00, 0x93, 0x28, 0xFF, 0x00, 0x86, 0x19, 0xBF, 0xFF, 0x00, 
        0x9E, 0xDF, 0x06, 0xFF, 0x00, 0xF0, 0xCE, 0xDA, 0xFF, 0x00, 0xF2, 0x65, 0x1C, 0xA1, 0xED, 0x19, 
        0xF8, 0x81, 0xE6, 0x51, 0xE6, 0x57, 0xED, 0xFF, 0x00, 0xFC, 0x30, 0xCD, 0xFF, 0x00, 0xFC, 0xF6, 
        0xF8, 0x37, 0xFF, 0x00, 0x86, 0x76, 0xD7, 0xFF, 0x00, 0x93, 0x28, 0xFF, 0x00, 0x86, 0x19, 0xBF, 
        0xFF, 0x00, 0x9E, 0xDF, 0x06, 0xFF, 0x00, 0xF0, 0xCE, 0xDA, 0xFF, 0x00, 0xF2, 0x65, 0x1C, 0xA1, 
        0xED, 0x19, 0xF8, 0x81, 0xE6, 0x51, 0xE6, 0x57, 0xED, 0xFF, 0x00, 0xFC, 0x30, 0xCD, 0xFF, 0x00, 
        0xFC, 0xF6, 0xF8, 0x37, 0xFF, 0x00, 0x86, 0x76, 0xD7, 0xFF, 0x00, 0x93, 0x28, 0xFF, 0x00, 0x86, 
        0x19, 0xBF, 0xFF, 0x00, 0x9E, 0xDF, 0x06, 0xFF, 0x00, 0xF0, 0xCE, 0xDA, 0xFF, 0x00, 0xF2, 0x65, 
        0x1C, 0xA1, 0xED, 0x19, 0xF8, 0x81, 0xE6, 0x51, 0xE6, 0x57, 0xED, 0xFF, 0x00, 0xFC, 0x30, 0xCD, 
        0xFF, 0x00, 0xFC, 0xF6, 0xF8, 0x37, 0xFF, 0x00, 0x86, 0x76, 0xD7, 0xFF, 0x00, 0x93, 0x28, 0xFF, 
        0x00, 0x86, 0x19, 0xBF, 0xFF, 0x00, 0x9E, 0xDF, 0x06, 0xFF, 0x00, 0xF0, 0xCE, 0xDA, 0xFF, 0x00, 
        0xF2, 0x65, 0x1C, 0xA1, 0xED, 0x19, 0xF8, 0x81, 0xE6, 0x51, 0xE6, 0x57, 0xED, 0xFF, 0x00, 0xFC, 
        0x30, 0xCD, 0xFF, 0x00, 0xFC, 0xF6, 0xF8, 0x37, 0xFF, 0x00, 0x86, 0x76, 0xD7, 0xFF, 0x00, 0x93, 
        0x28, 0xFF, 0x00, 0x86, 0x19, 0xBF, 0xFF, 0x00, 0x9E, 0xDF, 0x06, 0xFF, 0x00, 0xF0, 0xCE, 0xDA, 
        0xFF, 0x00, 0xF2, 0x65, 0x1C, 0xA1, 0xED, 0x19, 0xF8, 0x81, 0xE6, 0x57, 0xA8, 0x7E, 0xCB, 0x52, 
        0x67, 0xF6, 0x9B, 0xF8, 0x45, 0xFF, 0x00, 0x63, 0x86, 0x91, 0xFF, 0x00, 0xA5, 0xB1, 0x57, 0xEB, 
        0x7F, 0xFC, 0x30, 0xCD, 0xFF, 0x00, 0xFC, 0xF6, 0xF8, 0x37, 0xFF, 0x00, 0x86, 0x76, 0xD7, 0xFF, 
        0x00, 0x93, 0x2A, 0xD6, 0x95, 0xFB, 0x16, 0xEB, 0x9A, 0x16, 0xA9, 0x67, 0xA9, 0x69, 0xBA, 0x97, 
        0xC2, 0x3D, 0x3F, 0x51, 0xB3, 0x99, 0x2E, 0x2D, 0xAE, 0xED, 0x7E, 0x10, 0xDB, 0x45, 0x34, 0x12, 
        0xA3, 0x06, 0x49, 0x11, 0xD6, 0xF4, 0x15, 0x65, 0x60, 0x08, 0x20, 0xE4, 0x10, 0x08, 0xA2, 0xC2, 
        0xF6, 0x8C, 0xF4, 0x6F, 0xD8, 0xEB, 0xFE, 0x48, 0x55, 0xB7, 0xFD, 0x8C, 0x1E, 0x22, 0xFF, 0x00, 
        0xD3, 0xDD, 0xF5, 0x15, 0xD7, 0xFC, 0x0F, 0xF8, 0x69, 0x73, 0xF0, 0x8B, 0xE1, 0xBD, 0x9F, 0x86, 
        0x6F, 0x35, 0x68, 0xB5, 0xCB, 0xB8, 0xAF, 0x2F, 0xEF, 0x66, 0xBE, 0x82, 0xCC, 0xDA, 0x47, 0x23, 
        0xDD, 0x5E, 0x4D, 0x74, 0xC1, 0x62, 0x32, 0x48, 0x54, 0x29, 0x9C, 0xA8, 0xCB, 0xB1, 0xC2, 0xE7, 
        0x3C, 0xD1, 0x54, 0x64, 0x7F, 0xFF, 0xD9, 0x33, 0x33, 0x33, 0x33, 0x33, 0x33, 0x33, 0x33, 0x33, 
        0x33, 0x33, 0x33, 0x33, 0x33, 0x33, 0x33, 0x33, 0x33, 0x33, 0x33, 0x33, 0x33, 0x33, 0x33, 0x33, 
        0x33, 0x33, 0x33, 0x33, 0x33, 0x33, 0x33, 0x33, 0x33, 0x33, 0x33, 0x33, 0x33, 0x33, 0x33, 0x33, 
        0x33, 0x33, 0x33, 0x33, 0x33, 0x33, 0x33, 0x33, 0x33, 0x33, 0x33, 0x33, 0x33, 0x33, 0x33, 0x33, 
        0x33, 0x33, 0x33, 0x33, 0x33, 0x33, 0x33, 0x33, 0x33, 0x33, 0x33, 0x33, 0x33, 0x33, 0x33, 0x33, 
        0x33, 0x33, 0x33, 0x33, 0x33, 0x33, 0x33, 0x33, 0x33, 0x33, 0x33, 0x33, 0x33, 0x33, 0x33, 0x33, 
        0x33, 0x33, 0x33, 0x33, 0x33, 0x33, 0x33, 0x33, 0x33, 0x33, 0x33, 0x33, 0x33, 0x33, 0x33, 0x33, 
        0x33, 0x33, 0x33, 0x33, 0x33, 0x33, 0x33, 0x33, 0x33, 0x33, 0x33, 0x33, 0x33, 0x33, 0x33, 0x33, 
        0x33, 0x33, 0x33, 0x33, 0x33, 0x33, 0x33, 0x33, 0x33, 0x33, 0x33, 0x33, 0x33, 0x33, 0x33, 0x33, 
        0x33, 0x33, 0x33, 0x33, 0x33, 0x33, 0x33, 0x33, 0x33, 0x33, 0x33, 0x33, 0x33, 0x33, 0x33, 0x33, 
        0x33, 0x33, 0x33, 0x33, 0x33, 0x33, 0x33, 0x33, 0x33, 0x33, 0x33, 0x33, 0x33, 0x33, 0x33, 0x33, 
        0x33, 0x33, 0x33, 0x33, 0x33, 0x33, 0x33, 0x33, 0x33, 0x33, 0x33, 0x33, 0x33, 0x33, 0x33, 0x33, 
        0x33, 0x33, 0x33, 0x33, 0x33, 0x33, 0x33, 0x33, 0x33, 0x33, 0x33, 0x33, 0x33, 0x33, 0x33, 0x33, 
        0x33, 0x33, 0x33, 0x33, 0x33, 0x33, 0x33, 0x33, 0x33, 0x33, 0x33, 0x33, 0x33, 0x33, 0x33, 0x33, 
        0xFF, 0xD8, 0xFF, 0xE0, 0x00, 0x10, 0x4A, 0x46, 0x49, 0x46, 0x00, 0x01, 0x01, 0x00, 0x00, 0x01, 
        0x00, 0x01, 0x00, 0x00, 0xFF, 0xDB, 0x00, 0x43, 0x00, 0x03, 0x02, 0x02, 0x03, 0x02, 0x02, 0x03, 
        0x03, 0x03, 0x03, 0x04, 0x03, 0x03, 0x04, 0x05, 0x08, 0x05, 0x05, 0x04, 0x04, 0x05, 0x0A, 0x07, 
        0x07, 0x06, 0x08, 0x0C, 0x0A, 0x0C, 0x0C, 0x0B, 0x0A, 0x0B, 0x0B, 0x0D, 0x0E, 0x12, 0x10, 0x0D, 
        0x0E, 0x11, 0x0E, 0x0B, 0x0B, 0x10, 0x16, 0x10, 0x11, 0x13, 0x14, 0x15, 0x15, 0x15, 0x0C, 0x0F, 
        0x17, 0x18, 0x16, 0x14, 0x18, 0x12, 0x14, 0x15, 0x14, 0xFF, 0xDB, 0x00, 0x43, 0x01, 0x03, 0x04, 
        0x04, 0x05, 0x04, 0x05, 0x09, 0x05, 0x05, 0x09, 0x14, 0x0D, 0x0B, 0x0D, 0x14, 0x14, 0x14, 0x14, 
        0x14, 0x14, 0x14, 0x14, 0x14, 0x14, 0x14, 0x14, 0x14, 0x14, 0x14, 0x14, 0x14, 0x14, 0x14, 0x14, 
        0x14, 0x14, 0x14, 0x14, 0x14, 0x14, 0x14, 0x14, 0x14, 0x14, 0x14, 0x14, 0x14, 0x14, 0x14, 0x14, 
        0x14, 0x14, 0x14, 0x14, 0x14, 0x14, 0x14, 0x14, 0x14, 0x14, 0x14, 0x14, 0x14, 0x14, 0xFF, 0xC0, 
        0x00, 0x11, 0x08, 0x00, 0x40, 0x00, 0x98, 0x03, 0x01, 0x22, 0x00, 0x02, 0x11, 0x01, 0x03, 0x11, 
        0x01, 0xFF, 0xC4, 0x00, 0x1F, 0x00, 0x00, 0x01, 0x05, 0x01, 0x01, 0x01, 0x01, 0x01, 0x01, 0x00, 
        0x00, 0x00, 0x00, 0x00, 0x00, 0x00, 0x00, 0x01, 0x02, 0x03, 0x04, 0x05, 0x06, 0x07, 0x08, 0x09, 
        0x0A, 0x0B, 0xFF, 0xC4, 0x00, 0xB5, 0x10, 0x00, 0x02, 0x01, 0x03, 0x03, 0x02, 0x04, 0x03, 0x05, 
        0x05, 0x04, 0x04, 0x00, 0x00, 0x01, 0x7D, 0x01, 0x02, 0x03, 0x00, 0x04, 0x11, 0x05, 0x12, 0x21, 
        0x31, 0x41, 0x06, 0x13, 0x51, 0x61, 0x07, 0x22, 0x71, 0x14, 0x32, 0x81, 0x91, 0xA1, 0x08, 0x23, 
        0x42, 0xB1, 0xC1, 0x15, 0x52, 0xD1, 0xF0, 0x24, 0x33, 0x62, 0x72, 0x82, 0x09, 0x0A, 0x16, 0x17, 
        0x18, 0x19, 0x1A, 0x25, 0x26, 0x27, 0x28, 0x29, 0x2A, 0x34, 0x35, 0x36, 0x37, 0x38, 0x39, 0x3A, 
        0x43, 0x44, 0x45, 0x46, 0x47, 0x48, 0x49, 0x4A, 0x53, 0x54, 0x55, 0x56, 0x57, 0x58, 0x59, 0x5A, 
        0x63, 0x64, 0x65, 0x66, 0x67, 0x68, 0x69, 0x6A, 0x73, 0x74, 0x75, 0x76, 0x77, 0x78, 0x79, 0x7A, 
        0x83, 0x84, 0x85, 0x86, 0x87, 0x88, 0x89, 0x8A, 0x92, 0x93, 0x94, 0x95, 0x96, 0x97, 0x98, 0x99, 
        0x9A, 0xA2, 0xA3, 0xA4, 0xA5, 0xA6, 0xA7, 0xA8, 0xA9, 0xAA, 0xB2, 0xB3, 0xB4, 0xB5, 0xB6, 0xB7, 
        0xB8, 0xB9, 0xBA, 0xC2, 0xC3, 0xC4, 0xC5, 0xC6, 0xC7, 0xC8, 0xC9, 0xCA, 0xD2, 0xD3, 0xD4, 0xD5, 
        0xD6, 0xD7, 0xD8, 0xD9, 0xDA, 0xE1, 0xE2, 0xE3, 0xE4, 0xE5, 0xE6, 0xE7, 0xE8, 0xE9, 0xEA, 0xF1, 
        0xF2, 0xF3, 0xF4, 0xF5, 0xF6, 0xF7, 0xF8, 0xF9, 0xFA, 0xFF, 0xC4, 0x00, 0x1F, 0x01, 0x00, 0x03, 
        0x01, 0x01, 0x01, 0x01, 0x01, 0x01, 0x01, 0x01, 0x01, 0x00, 0x00, 0x00, 0x00, 0x00, 0x00, 0x01, 
        0x02, 0x03, 0x04, 0x05, 0x06, 0x07, 0x08, 0x09, 0x0A, 0x0B, 0xFF, 0xC4, 0x00, 0xB5, 0x11, 0x00, 
        0x02, 0x01, 0x02, 0x04, 0x04, 0x03, 0x04, 0x07, 0x05, 0x04, 0x04, 0x00, 0x01, 0x02, 0x77, 0x00, 
        0x01, 0x02, 0x03, 0x11, 0x04, 0x05, 0x21, 0x31, 0x06, 0x12, 0x41, 0x51, 0x07, 0x61, 0x71, 0x13, 
        0x22, 0x32, 0x81, 0x08, 0x14, 0x42, 0x91, 0xA1, 0xB1, 0xC1, 0x09, 0x23, 0x33, 0x52, 0xF0, 0x15, 
        0x62, 0x72, 0xD1, 0x0A, 0x16, 0x24, 0x34, 0xE1, 0x25, 0xF1, 0x17, 0x18, 0x19, 0x1A, 0x26, 0x27, 
        0x28, 0x29, 0x2A, 0x35, 0x36, 0x37, 0x38, 0x39, 0x3A, 0x43, 0x44, 0x45, 0x46, 0x47, 0x48, 0x49, 
        0x4A, 0x53, 0x54, 0x55, 0x56, 0x57, 0x58, 0x59, 0x5A, 0x63, 0x64, 0x65, 0x66, 0x67, 0x68, 0x69, 
        0x6A, 0x73, 0x74, 0x75, 0x76, 0x77, 0x78, 0x79, 0x7A, 0x82, 0x83, 0x84, 0x85, 0x86, 0x87, 0x88, 
        0x89, 0x8A, 0x92, 0x93, 0x94, 0x95, 0x96, 0x97, 0x98, 0x99, 0x9A, 0xA2, 0xA3, 0xA4, 0xA5, 0xA6, 
        0xA7, 0xA8, 0xA9, 0xAA, 0xB2, 0xB3, 0xB4, 0xB5, 0xB6, 0xB7, 0xB8, 0xB9, 0xBA, 0xC2, 0xC3, 0xC4, 
        0xC5, 0xC6, 0xC7, 0xC8, 0xC9, 0xCA, 0xD2, 0xD3, 0xD4, 0xD5, 0xD6, 0xD7, 0xD8, 0xD9, 0xDA, 0xE2, 
        0xE3, 0xE4, 0xE5, 0xE6, 0xE7, 0xE8, 0xE9, 0xEA, 0xF2, 0xF3, 0xF4, 0xF5, 0xF6, 0xF7, 0xF8, 0xF9, 
        0xFA, 0xFF, 0xDA, 0x00, 0x0C, 0x03, 0x01, 0x00, 0x02, 0x11, 0x03, 0x11, 0x00, 0x3F, 0x00, 0xCE, 
        0xF1, 0x17, 0x89, 0x3C, 0x21, 0xF0, 0x8B, 0xE1, 0xE7, 0xC1, 0xAB, 0x1B, 0x2F, 0x83, 0x7F, 0x0B, 
        0xB5, 0xB9, 0x75, 0x4F, 0x87, 0xDA, 0x26, 0xAF, 0x79, 0x7F, 0xAE, 0x78, 0x52, 0x0B, 0x9B, 0xA9, 
        0xAE, 0x25, 0x83, 0x12, 0x3B, 0x48, 0x36, 0x96, 0x2C, 0x53, 0x71, 0x2D, 0x92, 0x49, 0x24, 0x93, 
        0x9A, 0xE6, 0xBF, 0xE1, 0x7E, 0x78, 0x7F, 0xFE, 0x88, 0x2F, 0xC1, 0x6F, 0xFC, 0x22, 0xA1, 0xFF, 
        0x00, 0xE2, 0xAA, 0x87, 0xED, 0x11, 0x71, 0xE5, 0x78, 0x67, 0xE0, 0x18, 0xFF, 0x00, 0xAA, 0x53, 
        0xE1, 0xE3, 0xFF, 0x00, 0x90, 0x9E, 0xBC, 0x6B, 0xED, 0x9E, 0xF5, 0xF9, 0xE6, 0x3F, 0x19, 0x8B, 
        0xA7, 0x8A, 0xA9, 0x1A, 0x75, 0x1A, 0x49, 0x9F, 0xD9, 0x1C, 0x25, 0xC3, 0x7C, 0x3B, 0x8B, 0xC8, 
        0xB0, 0x95, 0xF1, 0x58, 0x38, 0x4A, 0xA4, 0xA3, 0x76, 0xDD, 0xEE, 0xDD, 0xFD, 0x4F, 0x74, 0xFF, 
        0x00, 0x85, 0xF9, 0xE1, 0xFF, 0x00, 0xFA, 0x20, 0xBF, 0x05, 0xBF, 0xF0, 0x8A, 0x87, 0xFF, 0x00, 
        0x8A, 0xA3, 0xFE, 0x17, 0xE7, 0x87, 0xFF, 0x00, 0xE8, 0x82, 0xFC, 0x16, 0xFF, 0x00, 0xC2, 0x2A, 
        0x1F, 0xFE, 0x2A, 0xBC, 0x2F, 0xED, 0x9E, 0xF4, 0x7D, 0xB3, 0xDE, 0xBC, 0xFF, 0x00, 0xAF, 0xE3, 
        0xBF, 0xE7, 0xEB, 0x3E, 0xBB, 0xFD, 0x53, 0xE1, 0x5F, 0xFA, 0x01, 0x87, 0xDC, 0xFF, 0x00, 0xCC, 
        0xF7, 0x4F, 0xF8, 0x5F, 0x9E, 0x1F, 0xFF, 0x00, 0xA2, 0x0B, 0xF0, 0x5B, 0xFF, 0x00, 0x08, 0xA8, 
        0x7F, 0xF8, 0xAA, 0x3F, 0xE1, 0x7E, 0x78, 0x7F, 0xFE, 0x88, 0x2F, 0xC1, 0x6F, 0xFC, 0x22, 0xA1, 
        0xFF, 0x00, 0xE2, 0xAB, 0xC2, 0xFE, 0xD9, 0xEF, 0x47, 0xDB, 0x3D, 0xE8, 0xFA, 0xFE, 0x3B, 0xFE, 
        0x7E, 0xB0, 0xFF, 0x00, 0x54, 0xF8, 0x57, 0xFE, 0x80, 0x61, 0xF7, 0x3F, 0xF3, 0x3D, 0xD3, 0xFE, 
        0x17, 0xE7, 0x87, 0xFF, 0x00, 0xE8, 0x82, 0xFC, 0x16, 0xFF, 0x00, 0xC2, 0x2A, 0x1F, 0xFE, 0x2A, 
        0x8F, 0xF8, 0x5F, 0x9E, 0x1F, 0xFF, 0x00, 0xA2, 0x0B, 0xF0, 0x5B, 0xFF, 0x00, 0x08, 0xA8, 0x7F, 
        0xF8, 0xAA, 0xF0, 0xBF, 0xB6, 0x7B, 0xD1, 0xF6, 0xCF, 0x7A, 0x3E, 0xBF, 0x8E, 0xFF, 0x00, 0x9F, 
        0xAC, 0x3F, 0xD5, 0x3E, 0x15, 0xFF, 0x00, 0xA0, 0x18, 0x7D, 0xCF, 0xFC, 0xCF, 0x74, 0xFF, 0x00, 
        0x85, 0xF9, 0xE1, 0xFF, 0x00, 0xFA, 0x20, 0xBF, 0x05, 0xBF, 0xF0, 0x8A, 0x87, 0xFF, 0x00, 0x8A, 
        0xA3, 0xFE, 0x17, 0xE7, 0x87, 0xFF, 0x00, 0xE8, 0x82, 0xFC, 0x16, 0xFF, 0x00, 0xC2, 0x2A, 0x1F, 
        0xFE, 0x2A, 0xBC, 0x2F, 0xED, 0x9E, 0xF4, 0x7D, 0xB3, 0xDE, 0x8F, 0xAF, 0xE3, 0xBF, 0xE7, 0xEB, 
        0x0F, 0xF5, 0x4F, 0x85, 0x7F, 0xE8, 0x06, 0x1F, 0x73, 0xFF, 0x00, 0x33, 0xDD, 0x3F, 0xE1, 0x7E, 
        0x78, 0x7F, 0xFE, 0x88, 0x2F, 0xC1, 0x6F, 0xFC, 0x22, 0xA1, 0xFF, 0x00, 0xE2, 0xA8, 0xFF, 0x00, 
        0x85, 0xF9, 0xE1, 0xFF, 0x00, 0xFA, 0x20, 0xBF, 0x05, 0xBF, 0xF0, 0x8A, 0x87, 0xFF, 0x00, 0x8A, 
        0xAF, 0x0B, 0xFB, 0x67, 0xBD, 0x1F, 0x6C, 0xF7, 0xA3, 0xEB, 0xF8, 0xEF, 0xF9, 0xFA, 0xC3, 0xFD, 
        0x53, 0xE1, 0x5F, 0xFA, 0x01, 0x87, 0xDC, 0xFF, 0x00, 0xCC, 0xF7, 0x4F, 0xF8, 0x5F, 0x9E, 0x1F, 
        0xFF, 0x00, 0xA2, 0x0B, 0xF0, 0x5B, 0xFF, 0x00, 0x08, 0xA8, 0x7F, 0xF8, 0xAA, 0x3F, 0xE1, 0x7E, 
        0x78, 0x7F, 0xFE, 0x88, 0x2F, 0xC1, 0x6F, 0xFC, 0x22, 0xA1, 0xFF, 0x00, 0xE2, 0xAB, 0xC2, 0xFE, 
        0xD9, 0xEF, 0x47, 0xDB, 0x3D, 0xE8, 0xFA, 0xFE, 0x3B, 0xFE, 0x7E, 0xB0, 0xFF, 0x00, 0x54, 0xF8, 
        0x57, 0xFE, 0x80, 0x61, 0xF7, 0x3F, 0xF3, 0x3D, 0xD3, 0xFE, 0x17, 0xE7, 0x87, 0xFF, 0x00, 0xE8, 
        0x82, 0xFC, 0x16, 0xFF, 0x00, 0xC2, 0x2A, 0x1F, 0xFE, 0x2A, 0x8F, 0xF8, 0x5F, 0x9E, 0x1F, 0xFF, 
        0x00, 0xA2, 0x0B, 0xF0, 0x5B, 0xFF, 0x00, 0x08, 0xA8, 0x7F, 0xF8, 0xAA, 0xF0, 0xBF, 0xB6, 0x7B, 
        0xD1, 0xF6, 0xCF, 0x7A, 0x3E, 0xBF, 0x8E, 0xFF, 0x00, 0x9F, 0xAC, 0x3F, 0xD5, 0x3E, 0x15, 0xFF, 
        0x00, 0xA0, 0x18, 0x7D, 0xCF, 0xFC, 0xCF, 0x74, 0xFF, 0x00, 0x85, 0xF9, 0xE1, 0xFF, 0x00, 0xFA, 
        0x20, 0xBF, 0x05, 0xBF, 0xF0, 0x8A, 0x87, 0xFF, 0x00, 0x8A, 0xAE, 0x8F, 0xE1, 0xBF, 0xC5, 0x9F, 
        0x0B, 0x78, 0xC7, 0xE2, 0x27, 0x85, 0xB4, 0x0B, 0xCF, 0x81, 0x3F, 0x06, 0xE2, 0xB4, 0xD5, 0x75, 
        0x5B, 0x5B, 0x19, 0x9E, 0x0F, 0x06, 0x40, 0x24, 0x54, 0x96, 0x65, 0x46, 0x2A, 0x49, 0x20, 0x1C, 
        0x31, 0xC6, 0x41, 0x19, 0xEC, 0x6B, 0xE6, 0x8F, 0xB6, 0x7B, 0xD7, 0x77, 0xF0, 0x16, 0xEF, 0x77, 
        0xC7, 0x3F, 0x87, 0x43, 0x3D, 0x7C, 0x47, 0xA7, 0x0F, 0xFC, 0x9A, 0x8E, 0xB5, 0xA5, 0x8E, 0xC6, 
        0xBA, 0x91, 0x4E, 0xAB, 0xB5, 0xD1, 0xE7, 0xE6, 0x1C, 0x2D, 0xC3, 0x14, 0xF0, 0x75, 0xA7, 0x4F, 
        0x03, 0x05, 0x25, 0x19, 0x34, 0xEC, 0xF7, 0xB3, 0xB7, 0x53, 0xF4, 0xA3, 0xF6, 0x2D, 0xB1, 0xB6, 
        0xD3, 0x3F, 0x67, 0xDD, 0x3A, 0xCE, 0xCE, 0xDE, 0x2B, 0x4B, 0x4B, 0x7D, 0x73, 0xC4, 0x10, 0xC3, 
        0x6F, 0x02, 0x04, 0x8E, 0x24, 0x5D, 0x6A, 0xF4, 0x2A, 0xAA, 0x8E, 0x00, 0x00, 0x00, 0x00, 0xE0, 
        0x01, 0x45, 0x4F, 0xFB, 0x1D, 0x7F, 0xC9, 0x0A, 0xB6, 0xFF, 0x00, 0xB1, 0x83, 0xC4, 0x5F, 0xFA, 
        0x7B, 0xBE, 0xA2, 0xBF, 0x4E, 0x3F, 0x86, 0x4F, 0xCE, 0x7F, 0xDA, 0x6E, 0xE3, 0xCA, 0xD0, 0x3E, 
        0x00, 0x8C, 0xFF, 0x00, 0xCD, 0x27, 0xF0, 0xE9, 0xFF, 0x00, 0xC8, 0x52, 0x57, 0x87, 0xFD, 0xB7, 
        0xDE, 0xBD, 0x77, 0xF6, 0xAE, 0xB8, 0xF2, 0xB4, 0x8F, 0xD9, 0xFC, 0x67, 0xFE, 0x69, 0x27, 0x87, 
        0x4F, 0xFE, 0x43, 0x96, 0xBC, 0x13, 0xED, 0xBE, 0xF5, 0xF0, 0xB8, 0xDA, 0x3C, 0xD8, 0x99, 0xBF, 
        0x33, 0xFA, 0xAF, 0x86, 0x33, 0x2F, 0x65, 0x93, 0x61, 0xA1, 0x7D, 0xA2, 0x6F, 0x7D, 0xB7, 0xDE, 
        0x8F, 0xB6, 0xFB, 0xD6, 0x0F, 0xDB, 0x7D, 0xE8, 0xFB, 0x6F, 0xBD, 0x71, 0x7B, 0x03, 0xEA, 0x3F, 
        0xB5, 0xBC, 0xCD, 0xEF, 0xB6, 0xFB, 0xD1, 0xF6, 0xDF, 0x7A, 0xC1, 0xFB, 0x6F, 0xBD, 0x1F, 0x6D, 
        0xF7, 0xA3, 0xD8, 0x07, 0xF6, 0xB7, 0x99, 0xBD, 0xF6, 0xDF, 0x7A, 0x3E, 0xDB, 0xEF, 0x58, 0x3F, 
        0x6D, 0xF7, 0xA3, 0xED, 0xBE, 0xF4, 0x7B, 0x00, 0xFE, 0xD6, 0xF3, 0x37, 0xBE, 0xDB, 0xEF, 0x47, 
        0xDB, 0x7D, 0xEB, 0x07, 0xED, 0xBE, 0xF4, 0x7D, 0xB7, 0xDE, 0x8F, 0x60, 0x1F, 0xDA, 0xDE, 0x66, 
        0xF7, 0xDB, 0x7D, 0xE8, 0xFB, 0x6F, 0xBD, 0x60, 0xFD, 0xB7, 0xDE, 0x8F, 0xB6, 0xFB, 0xD1, 0xEC, 
        0x03, 0xFB, 0x5B, 0xCC, 0xDE, 0xFB, 0x6F, 0xBD, 0x1F, 0x6D, 0xF7, 0xAC, 0x1F, 0xB6, 0xFB, 0xD1, 
        0xF6, 0xDF, 0x7A, 0x3D, 0x80, 0x7F, 0x6B, 0x79, 0x9B, 0xDF, 0x6D, 0xF7, 0xA3, 0xED, 0xBE, 0xF5, 
        0x83, 0xF6, 0xDF, 0x7A, 0x3E, 0xDB, 0xEF, 0x47, 0xB0, 0x0F, 0xED, 0x6F, 0x33, 0x7B, 0xED, 0xBE, 
        0xF5, 0xDF, 0xFE, 0xCF, 0xB7, 0x7B, 0xBE, 0x3D, 0x7C, 0x36, 0x19, 0xEB, 0xE2, 0x5D, 0x34, 0x7F, 
        0xE4, 0xD4, 0x75, 0xE4, 0x5F, 0x6D, 0xF7, 0xAF, 0x42, 0xFD, 0x9D, 0xAE, 0xF7, 0x7E, 0xD0, 0x5F, 
        0x0C, 0x46, 0x7A, 0xF8, 0xA3, 0x4C, 0x1F, 0xF9, 0x37, 0x15, 0x69, 0x4A, 0x85, 0xA7, 0x1F, 0x54, 
        0x71, 0x63, 0xB3, 0x4E, 0x6C, 0x2D, 0x55, 0x7F, 0xB3, 0x2F, 0xC8, 0xFD, 0x64, 0xFD, 0x8E, 0xBF, 
        0xE4, 0x85, 0x5B, 0x7F, 0xD8, 0xC1, 0xE2, 0x2F, 0xFD, 0x3D, 0xDF, 0x51, 0x47, 0xEC, 0x75, 0xFF, 
        0x00, 0x24, 0x2A, 0xDB, 0xFE, 0xC6, 0x0F, 0x11, 0x7F, 0xE9, 0xEE, 0xFA, 0x8A, 0xFD, 0x0C, 0xFE, 
        0x39, 0x3F, 0x30, 0xBF, 0x6C, 0x1B, 0x9F, 0x27, 0x4F, 0xFD, 0x9F, 0x97, 0x3F, 0xF3, 0x48, 0xBC, 
        0x38, 0x7F, 0xF2, 0x1C, 0xB5, 0xF3, 0xC7, 0xDB, 0xBD, 0xEB, 0xDD, 0x3F, 0x6D, 0x4B, 0x8F, 0x2A, 
        0xDB, 0xF6, 0x7C, 0x19, 0xFF, 0x00, 0x9A, 0x41, 0xE1, 0xC3, 0xFF, 0x00, 0x8E, 0x4D, 0x5F, 0x36, 
        0xFD, 0xB7, 0xDE, 0xBC, 0x1A, 0xF4, 0x79, 0xAA, 0x49, 0x9F, 0xAD, 0x65, 0x79, 0x8F, 0xB2, 0xC1, 
        0x52, 0x85, 0xF6, 0x46, 0xF7, 0xDB, 0xBD, 0xE8, 0xFB, 0x77, 0xBD, 0x60, 0xFD, 0xB7, 0xDE, 0x8F, 
        0xB6, 0xFB, 0xD6, 0x1E, 0xC0, 0xF5, 0x3F, 0xB5, 0xBC, 0xCD, 0xEF, 0xB7, 0x7B, 0xD1, 0xF6, 0xEF, 
        0x7A, 0xC1, 0xFB, 0x6F, 0xBD, 0x1F, 0x6D, 0xF7, 0xA3, 0xD8, 0x07, 0xF6, 0xB7, 0x99, 0xBD, 0xF6, 
        0xEF, 0x7A, 0x3E, 0xDD, 0xEF, 0x58, 0x3F, 0x6D, 0xF7, 0xA3, 0xED, 0xBE, 0xF4, 0x7B, 0x00, 0xFE, 
        0xD6, 0xF3, 0x37, 0xBE, 0xDD, 0xEF, 0x47, 0xDB, 0xBD, 0xEB, 0x07, 0xED, 0xBE, 0xF4, 0x7D, 0xB7, 
        0xDE, 0x8F, 0x60, 0x1F, 0xDA, 0xDE, 0x66, 0xF7, 0xDB, 0xBD, 0xE8, 0xFB, 0x77, 0xBD, 0x60, 0xFD, 
        0xB7, 0xDE, 0x8F, 0xB6, 0xFB, 0xD1, 0xEC, 0x03, 0xFB, 0x5B, 0xCC, 0xDE, 0xFB, 0x77, 0xBD, 0x1F, 
        0x6E, 0xF7, 0xAC, 0x1F, 0xB6, 0xFB, 0xD1, 0xF6, 0xDF, 0x7A, 0x3D, 0x80, 0x7F, 0x6B, 0x79, 0x9B, 
        0xDF, 0x6E, 0xF7, 0xA3, 0xED, 0xDE, 0xF5, 0x83, 0xF6, 0xDF, 0x7A, 0x3E, 0xDB, 0xEF, 0x47, 0xB0, 
        0x0F, 0xED, 0x6F, 0x33, 0x7B, 0xED, 0xDE, 0xF5, 0xE8, 0xDF, 0xB3, 0x75, 0xE6, 0xEF, 0xDA, 0x27, 
        0xE1, 0x6A, 0xE7, 0xAF, 0x8A, 0xB4, 0xA1, 0xFF, 0x00, 0x93, 0x71, 0x57, 0x8D, 0xFD, 0xB7, 0xDE, 
        0xBD, 0x2B, 0xF6, 0x66, 0xBB, 0xDD, 0xFB, 0x48, 0x7C, 0x28, 0x19, 0xEB, 0xE2, 0xCD, 0x24, 0x7F, 
        0xE4, 0xE4, 0x55, 0x51, 0xA1, 0x69, 0x23, 0x0A, 0xF9, 0xA7, 0x35, 0x29, 0xAB, 0xF4, 0x7F, 0x91, 
        0xFB, 0x31, 0xFB, 0x1D, 0x7F, 0xC9, 0x0A, 0xB6, 0xFF, 0x00, 0xB1, 0x83, 0xC4, 0x5F, 0xFA, 0x7B, 
        0xBE, 0xA2, 0x8F, 0xD8, 0xEB, 0xFE, 0x48, 0x55, 0xB7, 0xFD, 0x8C, 0x1E, 0x22, 0xFF, 0x00, 0xD3, 
        0xDD, 0xF5, 0x15, 0xF4, 0x67, 0xE3, 0x07, 0xE4, 0xE7, 0xED, 0xCF, 0x71, 0xE5, 0x0F, 0xD9, 0xE8, 
        0x67, 0xFE, 0x68, 0xF7, 0x86, 0xCF, 0xFE, 0x3B, 0x35, 0x7C, 0xC5, 0xF6, 0xDF, 0x7A, 0xFD, 0xB5, 
        0x4F, 0xD8, 0xAF, 0xC5, 0x17, 0x1E, 0x1F, 0xF0, 0xD6, 0x95, 0xAC, 0x78, 0xAB, 0xE1, 0xBF, 0x8A, 
        0x17, 0xC3, 0xDA, 0x45, 0xAE, 0x87, 0x63, 0x79, 0xE2, 0x0F, 0x85, 0xB0, 0xDF, 0x5C, 0xA5, 0xA5, 
        0xBA, 0x6C, 0x8A, 0x33, 0x24, 0x97, 0xA4, 0xE0, 0x0C, 0x9C, 0x0C, 0x0C, 0xB3, 0x1C, 0x72, 0x6A, 
        0x2F, 0xF8, 0x61, 0x9B, 0xFF, 0x00, 0xF9, 0xED, 0xF0, 0x6F, 0xFF, 0x00, 0x0C, 0xED, 0xAF, 0xFF, 
        0x00, 0x26, 0x56, 0x4E, 0x9A, 0x6E, 0xE7, 0x74, 0x31, 0x73, 0x84, 0x54, 0x57, 0x43, 0xF1, 0x3F, 
        0xED, 0xBE, 0xF4, 0x7D, 0xB7, 0xDE, 0xBF, 0x6C, 0x3F, 0xE1, 0x86, 0x6F, 0xFF, 0x00, 0xE7, 0xB7, 
        0xC1, 0xBF, 0xFC, 0x33, 0xB6, 0xBF, 0xFC, 0x99, 0x47, 0xFC, 0x30, 0xCD, 0xFF, 0x00, 0xFC, 0xF6, 
        0xF8, 0x37, 0xFF, 0x00, 0x86, 0x76, 0xD7, 0xFF, 0x00, 0x93, 0x29, 0x7B, 0x24, 0x69, 0xF5, 0xEA, 
        0x87, 0xE2, 0x7F, 0xDB, 0x7D, 0xE8, 0xFB, 0x6F, 0xBD, 0x7E, 0xD8, 0x7F, 0xC3, 0x0C, 0xDF, 0xFF, 
        0x00, 0xCF, 0x6F, 0x83, 0x7F, 0xF8, 0x67, 0x6D, 0x7F, 0xF9, 0x32, 0x8F, 0xF8, 0x61, 0x9B, 0xFF, 
        0x00, 0xF9, 0xED, 0xF0, 0x6F, 0xFF, 0x00, 0x0C, 0xED, 0xAF, 0xFF, 0x00, 0x26, 0x51, 0xEC, 0x90, 
        0x7D, 0x7A, 0xA1, 0xF8, 0x9F, 0xF6, 0xDF, 0x7A, 0x3E, 0xDB, 0xEF, 0x5F, 0xB6, 0x1F, 0xF0, 0xC3, 
        0x37, 0xFF, 0x00, 0xF3, 0xDB, 0xE0, 0xDF, 0xFE, 0x19, 0xDB, 0x5F, 0xFE, 0x4C, 0xA3, 0xFE, 0x18, 
        0x66, 0xFF, 0x00, 0xFE, 0x7B, 0x7C, 0x1B, 0xFF, 0x00, 0xC3, 0x3B, 0x6B, 0xFF, 0x00, 0xC9, 0x94, 
        0x7B, 0x24, 0x1F, 0x5E, 0xA8, 0x7E, 0x27, 0xFD, 0xB7, 0xDE, 0x8F, 0xB6, 0xFB, 0xD7, 0xED, 0x87, 
        0xFC, 0x30, 0xCD, 0xFF, 0x00, 0xFC, 0xF6, 0xF8, 0x37, 0xFF, 0x00, 0x86, 0x76, 0xD7, 0xFF, 0x00, 
        0x93, 0x28, 0xFF, 0x00, 0x86, 0x19, 0xBF, 0xFF, 0x00, 0x9E, 0xDF, 0x06, 0xFF, 0x00, 0xF0, 0xCE, 
        0xDA, 0xFF, 0x00, 0xF2, 0x65, 0x1E, 0xC9, 0x07, 0xD7, 0xAA, 0x1F, 0x89, 0xFF, 0x00, 0x6D, 0xF7, 
        0xA3, 0xED, 0xBE, 0xF5, 0xFB, 0x61, 0xFF, 0x00, 0x0C, 0x33, 0x7F, 0xFF, 0x00, 0x3D, 0xBE, 0x0D, 
        0xFF, 0x00, 0xE1, 0x9D, 0xB5, 0xFF, 0x00, 0xE4, 0xCA, 0x3F, 0xE1, 0x86, 0x6F, 0xFF, 0x00, 0xE7, 
        0xB7, 0xC1, 0xBF, 0xFC, 0x33, 0xB6, 0xBF, 0xFC, 0x99, 0x47, 0xB2, 0x41, 0xF5, 0xEA, 0x87, 0xE2, 
        0x7F, 0xDB, 0x7D, 0xE8, 0xFB, 0x6F, 0xBD, 0x7E, 0xD8, 0x7F, 0xC3, 0x0C, 0xDF, 0xFF, 0x00, 0xCF, 
        0x6F, 0x83, 0x7F, 0xF8, 0x67, 0x6D, 0x7F, 0xF9, 0x32, 0x8F, 0xF8, 0x61, 0x9B, 0xFF, 0x00, 0xF9, 
        0xED, 0xF0, 0x6F, 0xFF, 0x00, 0x0C, 0xED, 0xAF, 0xFF, 0x00, 0x26, 0x51, 0xEC, 0x90, 0x7D, 0x7A, 
        0xA1, 0xF8, 0x9F, 0xF6, 0xDF, 0x7A, 0x3E, 0xDB, 0xEF, 0x5F, 0xB6, 0x1F, 0xF0, 0xC3, 0x37, 0xFF, 
        0x00, 0xF3, 0xDB, 0xE0, 0xDF, 0xFE, 0x19, 0xDB, 0x5F, 0xFE, 0x4C, 0xA3, 0xFE, 0x18, 0x66, 0xFF, 
        0x00, 0xFE, 0x7B, 0x7C, 0x1B, 0xFF, 0x00, 0xC3, 0x3B, 0x6B, 0xFF, 0x00, 0xC9, 0x94, 0x7B, 0x24, 
        0x1F, 0x5E, 0xA8, 0x7E, 0x27, 0xFD, 0xB7, 0xDE, 0xBD, 0x37, 0xF6, 0x5E, 0xBB, 0xDD, 0xFB, 0x4C, 
        0x7C, 0x24, 0x19, 0xEB, 0xE2, 0xED, 0x20, 0x7F, 0xE4, 0xEC, 0x55, 0xFA, 0xC7, 0xFF, 0x00, 0x0C, 
        0x33, 0x7F, 0xFF, 0x00, 0x3D, 0xBE, 0x0D, 0xFF, 0x00, 0xE1, 0x9D, 0xB5, 0xFF, 0x00, 0xE4, 0xCA, 
        0xB5, 0xA5, 0x7E, 0xC5, 0xBA, 0xE6, 0x85, 0xAA, 0x59, 0xEA, 0x5A, 0x6E, 0xA5, 0xF0, 0x8F, 0x4F, 
        0xD4, 0x6C, 0xE6, 0x4B, 0x8B, 0x6B, 0xBB, 0x5F, 0x84, 0x36, 0xD1, 0x4D, 0x04, 0xA8, 0xC1, 0x92, 
        0x44, 0x75, 0xBD, 0x05, 0x59, 0x58, 0x02, 0x08, 0x39, 0x04, 0x02, 0x28, 0xF6, 0x68, 0x4F, 0x1B, 
        0x51, 0xAB, 0x1E, 0x8D, 0xFB, 0x1D, 0x7F, 0xC9, 0x0A, 0xB6, 0xFF, 0x00, 0xB1, 0x83, 0xC4, 0x5F, 
        0xFA, 0x7B, 0xBE, 0xA2, 0xBA, 0xFF, 0x00, 0x81, 0xFF, 0x00, 0x0D, 0x2E, 0x7E, 0x11, 0x7C, 0x37, 
        0xB3, 0xF0, 0xCD, 0xE6, 0xAD, 0x16, 0xB9, 0x77, 0x15, 0xE5, 0xFD, 0xEC, 0xD7, 0xD0, 0x59, 0x9B, 
        0x48, 0xE4, 0x7B, 0xAB, 0xC9, 0xAE, 0x98, 0x2C, 0x46, 0x49, 0x0A, 0x85, 0x33, 0x95, 0x19, 0x76, 
        0x38, 0x5C, 0xE7, 0x9A, 0x2B, 0x63, 0xCE, 0x3F, 0xFF, 0xD9, 0x33, 0x33, 0x33, 0x33, 0x33, 0x33, 
        0x33, 0x33, 0x33, 0x33, 0x33, 0x33, 0x33, 0x33, 0x33, 0x33, 0x33, 0x33, 0x33, 0x33, 0x33, 0x33, 
        0x33, 0x33, 0x33, 0x33, 0x33, 0x33, 0x33, 0x33, 0x33, 0x33, 0x33, 0x33, 0x33, 0x33, 0x33, 0x33, 
        0x33, 0x33, 0x33, 0x33, 0x33, 0x33, 0x33, 0x33, 0x33, 0x33, 0x33, 0x33, 0x33, 0x33, 0x33, 0x33, 
        0x33, 0x33, 0x33, 0x33, 0x33, 0x33, 0x33, 0x33, 0x33, 0x33, 0x33, 0x33, 0x33, 0x33, 0x33, 0x33, 
        0x33, 0x33, 0x33, 0x33, 0x33, 0x33, 0x33, 0x33, 0x33, 0x33, 0x33, 0x33, 0x33, 0x33, 0x33, 0x33, 
        0x33, 0x33, 0x33, 0x33, 0x33, 0x33, 0x33, 0x33, 0x33, 0x33, 0x33, 0x33, 0x33, 0x33, 0x33, 0x33, 
        0x33, 0x33, 0x33, 0x33, 0x33, 0x33, 0x33, 0x33, 0x33, 0x33, 0x33, 0x33, 0x33, 0x33, 0x33, 0x33, 
        0x33, 0x33, 0x33, 0x33, 0x33, 0x33, 0x33, 0x33, 0x33, 0x33, 0x33, 0x33, 0x33, 0x33, 0x33, 0x33, 
        0x33, 0x33, 0x33, 0x33, 0x33, 0x33, 0x33, 0x33, 0x33, 0x33, 0x33, 0x33, 0x33, 0x33, 0x33, 0x33, 
        0x33, 0x33, 0x33, 0x33, 0x33, 0x33, 0x33, 0x33, 0x33, 0x33, 0x33, 0x33, 0x33, 0x33, 0x33, 0x33, 
        0x33, 0x33, 0x33, 0x33, 0x33, 0x33, 0x33, 0x33, 0x33, 0x33, 0x33, 0x33, 0x33, 0x33, 0x33, 0x33, 
        0x33, 0x33, 0x33, 0x33, 0x33, 0x33, 0x33, 0x33, 0x33, 0x33, 0x33, 0x33, 0x33, 0x33, 0x33, 0x33, 
        0x33, 0x33, 0x33, 0x33, 0x33, 0x33, 0x33, 0x33, 0x33, 0x33, 0x33, 0x33, 0x33, 0x33, 0x33, 0x33, 
        0x33, 0x33, 0x33, 0x33, 0x33, 0x33, 0x33, 0x33, 0x33, 0x33, 0x33, 0x33, 0x33, 0x33, 0x33, 0x33, 
        0x33, 0x33, 0x33, 0x33, 0x33, 0x33, 0x33, 0x33, 0x33, 0x33, 0x33, 0x33, 0x33, 0x33, 0x33, 0x33, 
        0x33, 0x33, 0x33, 0x33, 0x33, 0x33, 0x33, 0x33, 0x33, 0x33, 0x33, 0x33, 0x33, 0x33, 0x33, 0x33, 
        0x33, 0x33, 0x33, 0x33, 0x33, 0x33, 0x33, 0x33, 0x33, 0x33, 0x33, 0x33, 0x33, 0x33, 0x33, 0x33, 
        0x33, 0x33, 0x33, 0x33, 0x33, 0x33, 0x33, 0x33, 0x33, 0x33, 0x33, 0x33, 0x33, 0x33, 0x33, 0x33, 
        0x33, 0x33, 0x33, 0x33, 0x33, 0x33, 0x33, 0x33, 0x33, 0x33, 0x33, 0x33, 0x33, 0x33, 0x33, 0x33, 
        0x33, 0x33, 0x33, 0x33, 0x33, 0x33, 0x33, 0x33, 0x33, 0x33, 0x33, 0x33, 0x33, 0x33, 0x33, 0x33, 
        0x33, 0x33, 0x33, 0x33, 0x33, 0x33, 0x33, 0x33, 0x33, 0x33, 0x33, 0x33, 0x33, 0x33, 0x33, 0x33, 
        0x33, 0x33, 0x33, 0x33, 0x33, 0x33, 0x33, 0x33, 0x33, 0x33, 0x33, 0x33, 0x33, 0x33, 0x33, 0x33, 
        0x33, 0x33, 0x33, 0x33, 0x33, 0x33, 0x33, 0x33, 0x33, 0x33, 0x33, 0x33, 0x33, 0x33, 0x33, 0x33, 
        0x33, 0x33, 0x33, 0x33, 0x33, 0x33, 0x33, 0x33, 0x33, 0x33, 0x33, 0x33, 0x33, 0x33, 0x33, 0x33, 
        0x33, 0x33, 0x33, 0x33, 0x33, 0x33, 0x33, 0x33, 0x33, 0x33, 0x33, 0x33, 0x33, 0x33, 0x33, 0x33, 
        0x33, 0x33, 0x33, 0x33, 0x33, 0x33, 0x33, 0x33, 0x33, 0x33, 0x33, 0x33, 0x33, 0x33, 0x33, 0x33, 
        0x33, 0x33, 0x33, 0x33, 0x33, 0x33, 0x33, 0x33, 0x33, 0x33, 0x33, 0x33, 0x33, 0x33, 0x33, 0x33, 
        0x33, 0x33, 0x33, 0x33, 0x33, 0x33, 0x33, 0x33, 0x33, 0x33, 0x33, 0x33, 0x33, 0x33, 0x33, 0x33, 
        0xFF, 0xD8, 0xFF, 0xE0, 0x00, 0x10, 0x4A, 0x46, 0x49, 0x46, 0x00, 0x01, 0x01, 0x00, 0x00, 0x01, 
        0x00, 0x01, 0x00, 0x00, 0xFF, 0xDB, 0x00, 0x43, 0x00, 0x03, 0x02, 0x02, 0x03, 0x02, 0x02, 0x03, 
        0x03, 0x03, 0x03, 0x04, 0x03, 0x03, 0x04, 0x05, 0x08, 0x05, 0x05, 0x04, 0x04, 0x05, 0x0A, 0x07, 
        0x07, 0x06, 0x08, 0x0C, 0x0A, 0x0C, 0x0C, 0x0B, 0x0A, 0x0B, 0x0B, 0x0D, 0x0E, 0x12, 0x10, 0x0D, 
        0x0E, 0x11, 0x0E, 0x0B, 0x0B, 0x10, 0x16, 0x10, 0x11, 0x13, 0x14, 0x15, 0x15, 0x15, 0x0C, 0x0F, 
        0x17, 0x18, 0x16, 0x14, 0x18, 0x12, 0x14, 0x15, 0x14, 0xFF, 0xDB, 0x00, 0x43, 0x01, 0x03, 0x04, 
        0x04, 0x05, 0x04, 0x05, 0x09, 0x05, 0x05, 0x09, 0x14, 0x0D, 0x0B, 0x0D, 0x14, 0x14, 0x14, 0x14, 
        0x14, 0x14, 0x14, 0x14, 0x14, 0x14, 0x14, 0x14, 0x14, 0x14, 0x14, 0x14, 0x14, 0x14, 0x14, 0x14, 
        0x14, 0x14, 0x14, 0x14, 0x14, 0x14, 0x14, 0x14, 0x14, 0x14, 0x14, 0x14, 0x14, 0x14, 0x14, 0x14, 
        0x14, 0x14, 0x14, 0x14, 0x14, 0x14, 0x14, 0x14, 0x14, 0x14, 0x14, 0x14, 0x14, 0x14, 0xFF, 0xC0, 
        0x00, 0x11, 0x08, 0x00, 0x40, 0x00, 0x98, 0x03, 0x01, 0x22, 0x00, 0x02, 0x11, 0x01, 0x03, 0x11, 
        0x01, 0xFF, 0xC4, 0x00, 0x1F, 0x00, 0x00, 0x01, 0x05, 0x01, 0x01, 0x01, 0x01, 0x01, 0x01, 0x00, 
        0x00, 0x00, 0x00, 0x00, 0x00, 0x00, 0x00, 0x01, 0x02, 0x03, 0x04, 0x05, 0x06, 0x07, 0x08, 0x09, 
        0x0A, 0x0B, 0xFF, 0xC4, 0x00, 0xB5, 0x10, 0x00, 0x02, 0x01, 0x03, 0x03, 0x02, 0x04, 0x03, 0x05, 
        0x05, 0x04, 0x04, 0x00, 0x00, 0x01, 0x7D, 0x01, 0x02, 0x03, 0x00, 0x04, 0x11, 0x05, 0x12, 0x21, 
        0x31, 0x41, 0x06, 0x13, 0x51, 0x61, 0x07, 0x22, 0x71, 0x14, 0x32, 0x81, 0x91, 0xA1, 0x08, 0x23, 
        0x42, 0xB1, 0xC1, 0x15, 0x52, 0xD1, 0xF0, 0x24, 0x33, 0x62, 0x72, 0x82, 0x09, 0x0A, 0x16, 0x17, 
        0x18, 0x19, 0x1A, 0x25, 0x26, 0x27, 0x28, 0x29, 0x2A, 0x34, 0x35, 0x36, 0x37, 0x38, 0x39, 0x3A, 
        0x43, 0x44, 0x45, 0x46, 0x47, 0x48, 0x49, 0x4A, 0x53, 0x54, 0x55, 0x56, 0x57, 0x58, 0x59, 0x5A, 
        0x63, 0x64, 0x65, 0x66, 0x67, 0x68, 0x69, 0x6A, 0x73, 0x74, 0x75, 0x76, 0x77, 0x78, 0x79, 0x7A, 
        0x83, 0x84, 0x85, 0x86, 0x87, 0x88, 0x89, 0x8A, 0x92, 0x93, 0x94, 0x95, 0x96, 0x97, 0x98, 0x99, 
        0x9A, 0xA2, 0xA3, 0xA4, 0xA5, 0xA6, 0xA7, 0xA8, 0xA9, 0xAA, 0xB2, 0xB3, 0xB4, 0xB5, 0xB6, 0xB7, 
        0xB8, 0xB9, 0xBA, 0xC2, 0xC3, 0xC4, 0xC5, 0xC6, 0xC7, 0xC8, 0xC9, 0xCA, 0xD2, 0xD3, 0xD4, 0xD5, 
        0xD6, 0xD7, 0xD8, 0xD9, 0xDA, 0xE1, 0xE2, 0xE3, 0xE4, 0xE5, 0xE6, 0xE7, 0xE8, 0xE9, 0xEA, 0xF1, 
        0xF2, 0xF3, 0xF4, 0xF5, 0xF6, 0xF7, 0xF8, 0xF9, 0xFA, 0xFF, 0xC4, 0x00, 0x1F, 0x01, 0x00, 0x03, 
        0x01, 0x01, 0x01, 0x01, 0x01, 0x01, 0x01, 0x01, 0x01, 0x00, 0x00, 0x00, 0x00, 0x00, 0x00, 0x01, 
        0x02, 0x03, 0x04, 0x05, 0x06, 0x07, 0x08, 0x09, 0x0A, 0x0B, 0xFF, 0xC4, 0x00, 0xB5, 0x11, 0x00, 
        0x02, 0x01, 0x02, 0x04, 0x04, 0x03, 0x04, 0x07, 0x05, 0x04, 0x04, 0x00, 0x01, 0x02, 0x77, 0x00, 
        0x01, 0x02, 0x03, 0x11, 0x04, 0x05, 0x21, 0x31, 0x06, 0x12, 0x41, 0x51, 0x07, 0x61, 0x71, 0x13, 
        0x22, 0x32, 0x81, 0x08, 0x14, 0x42, 0x91, 0xA1, 0xB1, 0xC1, 0x09, 0x23, 0x33, 0x52, 0xF0, 0x15, 
        0x62, 0x72, 0xD1, 0x0A, 0x16, 0x24, 0x34, 0xE1, 0x25, 0xF1, 0x17, 0x18, 0x19, 0x1A, 0x26, 0x27, 
        0x28, 0x29, 0x2A, 0x35, 0x36, 0x37, 0x38, 0x39, 0x3A, 0x43, 0x44, 0x45, 0x46, 0x47, 0x48, 0x49, 
        0x4A, 0x53, 0x54, 0x55, 0x56, 0x57, 0x58, 0x59, 0x5A, 0x63, 0x64, 0x65, 0x66, 0x67, 0x68, 0x69, 
        0x6A, 0x73, 0x74, 0x75, 0x76, 0x77, 0x78, 0x79, 0x7A, 0x82, 0x83, 0x84, 0x85, 0x86, 0x87, 0x88, 
        0x89, 0x8A, 0x92, 0x93, 0x94, 0x95, 0x96, 0x97, 0x98, 0x99, 0x9A, 0xA2, 0xA3, 0xA4, 0xA5, 0xA6, 
        0xA7, 0xA8, 0xA9, 0xAA, 0xB2, 0xB3, 0xB4, 0xB5, 0xB6, 0xB7, 0xB8, 0xB9, 0xBA, 0xC2, 0xC3, 0xC4, 
        0xC5, 0xC6, 0xC7, 0xC8, 0xC9, 0xCA, 0xD2, 0xD3, 0xD4, 0xD5, 0xD6, 0xD7, 0xD8, 0xD9, 0xDA, 0xE2, 
        0xE3, 0xE4, 0xE5, 0xE6, 0xE7, 0xE8, 0xE9, 0xEA, 0xF2, 0xF3, 0xF4, 0xF5, 0xF6, 0xF7, 0xF8, 0xF9, 
        0xFA, 0xFF, 0xDA, 0x00, 0x0C, 0x03, 0x01, 0x00, 0x02, 0x11, 0x03, 0x11, 0x00, 0x3F, 0x00, 0xF3, 
        0xAF, 0x8A, 0xFF, 0x00, 0x15, 0xFC, 0x3F, 0xFB, 0x3F, 0xF8, 0x43, 0xE0, 0xAE, 0x91, 0xA4, 0x7C, 
        0x15, 0xF8, 0x4B, 0xAF, 0x1D, 0x5F, 0xE1, 0xBE, 0x87, 0xAD, 0xDE, 0xEA, 0x1E, 0x22, 0xF0, 0x94, 
        0x37, 0x57, 0x73, 0x5D, 0x4D, 0x0B, 0x2C, 0x8C, 0xD2, 0x2B, 0x26, 0xED, 0xDE, 0x58, 0x62, 0x58, 
        0x16, 0x2C, 0xCC, 0x49, 0x39, 0xE3, 0xCE, 0xBF, 0xE1, 0xB3, 0xAD, 0xBF, 0xE8, 0xDF, 0x7E, 0x04, 
        0xFF, 0x00, 0xE1, 0x0E, 0x9F, 0xFC, 0x76, 0xA3, 0xFD, 0xB4, 0x9F, 0x6D, 0xB7, 0xEC, 0xF9, 0xFF, 
        0x00, 0x64, 0x83, 0xC3, 0x9F, 0xFA, 0x04, 0xD5, 0xF3, 0x77, 0x99, 0x5E, 0x55, 0x5A, 0x95, 0x14, 
        0xDA, 0x4C, 0xFB, 0xFC, 0x0E, 0x13, 0x09, 0x3C, 0x34, 0x25, 0x3A, 0x69, 0xB6, 0x8F, 0xA5, 0x7F, 
        0xE1, 0xB3, 0xAD, 0xBF, 0xE8, 0xDF, 0x7E, 0x04, 0xFF, 0x00, 0xE1, 0x0E, 0x9F, 0xFC, 0x76, 0x8F, 
        0xF8, 0x6C, 0xEB, 0x6F, 0xFA, 0x37, 0xDF, 0x81, 0x3F, 0xF8, 0x43, 0xA7, 0xFF, 0x00, 0x1D, 0xAF, 
        0x9A, 0xBC, 0xCA, 0x3C, 0xCA, 0xCB, 0xDA, 0xD4, 0xFE, 0x63, 0xBF, 0xEA, 0x38, 0x2F, 0xF9, 0xF4, 
        0x8F, 0xA5, 0x7F, 0xE1, 0xB3, 0xAD, 0xBF, 0xE8, 0xDF, 0x7E, 0x04, 0xFF, 0x00, 0xE1, 0x0E, 0x9F, 
        0xFC, 0x76, 0x8F, 0xF8, 0x6C, 0xEB, 0x6F, 0xFA, 0x37, 0xDF, 0x81, 0x3F, 0xF8, 0x43, 0xA7, 0xFF, 
        0x00, 0x1D, 0xAF, 0x9A, 0xBC, 0xCA, 0x3C, 0xCA, 0x3D, 0xAD, 0x4F, 0xE6, 0x0F, 0xA8, 0xE0, 0xBF, 
        0xE7, 0xD2, 0x3E, 0x95, 0xFF, 0x00, 0x86, 0xCE, 0xB6, 0xFF, 0x00, 0xA3, 0x7D, 0xF8, 0x13, 0xFF, 
        0x00, 0x84, 0x3A, 0x7F, 0xF1, 0xDA, 0x3F, 0xE1, 0xB3, 0xAD, 0xBF, 0xE8, 0xDF, 0x7E, 0x04, 0xFF, 
        0x00, 0xE1, 0x0E, 0x9F, 0xFC, 0x76, 0xBE, 0x6A, 0xF3, 0x28, 0xF3, 0x28, 0xF6, 0xB5, 0x3F, 0x98, 
        0x3E, 0xA3, 0x82, 0xFF, 0x00, 0x9F, 0x48, 0xFA, 0x57, 0xFE, 0x1B, 0x3A, 0xDB, 0xFE, 0x8D, 0xF7, 
        0xE0, 0x4F, 0xFE, 0x10, 0xE9, 0xFF, 0x00, 0xC7, 0x68, 0xFF, 0x00, 0x86, 0xCE, 0xB6, 0xFF, 0x00, 
        0xA3, 0x7D, 0xF8, 0x13, 0xFF, 0x00, 0x84, 0x3A, 0x7F, 0xF1, 0xDA, 0xF9, 0xAB, 0xCC, 0xA3, 0xCC, 
        0xA3, 0xDA, 0xD4, 0xFE, 0x60, 0xFA, 0x8E, 0x0B, 0xFE, 0x7D, 0x23, 0xE9, 0x5F, 0xF8, 0x6C, 0xEB, 
        0x6F, 0xFA, 0x37, 0xDF, 0x81, 0x3F, 0xF8, 0x43, 0xA7, 0xFF, 0x00, 0x1D, 0xA3, 0xFE, 0x1B, 0x3A, 
        0xDB, 0xFE, 0x8D, 0xF7, 0xE0, 0x4F, 0xFE, 0x10, 0xE9, 0xFF, 0x00, 0xC7, 0x6B, 0xE6, 0xAF, 0x32, 
        0x8F, 0x32, 0x8F, 0x6B, 0x53, 0xF9, 0x83, 0xEA, 0x38, 0x2F, 0xF9, 0xF4, 0x8F, 0xA5, 0x7F, 0xE1, 
        0xB3, 0xAD, 0xBF, 0xE8, 0xDF, 0x7E, 0x04, 0xFF, 0x00, 0xE1, 0x0E, 0x9F, 0xFC, 0x76, 0x8F, 0xF8, 
        0x6C, 0xEB, 0x6F, 0xFA, 0x37, 0xDF, 0x81, 0x3F, 0xF8, 0x43, 0xA7, 0xFF, 0x00, 0x1D, 0xAF, 0x9A, 
        0xBC, 0xCA, 0x3C, 0xCA, 0x3D, 0xAD, 0x4F, 0xE6, 0x0F, 0xA8, 0xE0, 0xBF, 0xE7, 0xD2, 0x3E, 0x95, 
        0xFF, 0x00, 0x86, 0xCE, 0xB6, 0xFF, 0x00, 0xA3, 0x7D, 0xF8, 0x13, 0xFF, 0x00, 0x84, 0x3A, 0x7F, 
        0xF1, 0xDA, 0x3F, 0xE1, 0xB3, 0xAD, 0xBF, 0xE8, 0xDF, 0x7E, 0x04, 0xFF, 0x00, 0xE1, 0x0E, 0x9F, 
        0xFC, 0x76, 0xBE, 0x6A, 0xF3, 0x28, 0xF3, 0x28, 0xF6, 0xB5, 0x3F, 0x98, 0x3E, 0xA3, 0x82, 0xFF, 
        0x00, 0x9F, 0x48, 0xFA, 0x57, 0xFE, 0x1B, 0x3A, 0xDB, 0xFE, 0x8D, 0xF7, 0xE0, 0x4F, 0xFE, 0x10, 
        0xE9, 0xFF, 0x00, 0xC7, 0x6B, 0xAE, 0xF8, 0x43, 0xFB, 0x50, 0xE9, 0x7E, 0x3F, 0xF8, 0xB3, 0xE0, 
        0xAF, 0x0B, 0xEA, 0x1F, 0x00, 0x7E, 0x08, 0x43, 0x61, 0xAD, 0xEB, 0x76, 0x5A, 0x6D, 0xC4, 0x96, 
        0xDE, 0x09, 0x89, 0x65, 0x48, 0xE6, 0x9D, 0x23, 0x62, 0x85, 0x9C, 0x80, 0xC0, 0x31, 0xC1, 0x20, 
        0x8C, 0xF6, 0x35, 0xF1, 0xE7, 0x99, 0x5E, 0x95, 0xFB, 0x33, 0xC9, 0x9F, 0xDA, 0x3F, 0xE1, 0x4F, 
        0xFD, 0x8D, 0x9A, 0x4F, 0xFE, 0x96, 0x45, 0x4E, 0x35, 0x2A, 0x5D, 0x6A, 0x65, 0x57, 0x05, 0x83, 
        0x54, 0xE4, 0xD5, 0x35, 0x7B, 0x33, 0xF6, 0x3B, 0xF6, 0x2D, 0xB1, 0xB6, 0xD3, 0x3F, 0x67, 0xDD, 
        0x3A, 0xCE, 0xCE, 0xDE, 0x2B, 0x4B, 0x4B, 0x7D, 0x73, 0xC4, 0x10, 0xC3, 0x6F, 0x02, 0x04, 0x8E, 
        0x24, 0x5D, 0x6A, 0xF4, 0x2A, 0xAA, 0x8E, 0x00, 0x00, 0x00, 0x00, 0xE0, 0x01, 0x45, 0x4F, 0xFB, 
        0x1D, 0x7F, 0xC9, 0x0A, 0xB6, 0xFF, 0x00, 0xB1, 0x83, 0xC4, 0x5F, 0xFA, 0x7B, 0xBE, 0xA2, 0xBD, 
        0x93, 0xF3, 0x63, 0xF2, 0xAF, 0xF6, 0xD8, 0x7D, 0xB0, 0x7E, 0xCF, 0x63, 0xFE, 0xA8, 0xFF, 0x00, 
        0x87, 0x3F, 0xF4, 0x09, 0xAB, 0xE6, 0xBF, 0x36, 0xBE, 0x8E, 0xFD, 0xB7, 0x9B, 0x6C, 0x5F, 0xB3, 
        0xDF, 0xFD, 0x91, 0xFF, 0x00, 0x0E, 0x7F, 0xE8, 0x13, 0x57, 0xCC, 0xFE, 0x67, 0xBD, 0x79, 0xB5, 
        0x23, 0x79, 0xB3, 0xED, 0xB0, 0x75, 0xB9, 0x70, 0xF0, 0x5E, 0x45, 0xAF, 0x36, 0x8F, 0x36, 0xAA, 
        0xF9, 0x9E, 0xF4, 0x79, 0x9E, 0xF5, 0x97, 0x29, 0xDB, 0xED, 0xCB, 0x5E, 0x6D, 0x1E, 0x6D, 0x55, 
        0xF3, 0x3D, 0xE8, 0xF3, 0x3D, 0xE8, 0xE5, 0x0F, 0x6E, 0x5A, 0xF3, 0x68, 0xF3, 0x6A, 0xAF, 0x99, 
        0xEF, 0x47, 0x99, 0xEF, 0x47, 0x28, 0x7B, 0x72, 0xD7, 0x9B, 0x47, 0x9B, 0x55, 0x7C, 0xCF, 0x7A, 
        0x3C, 0xCF, 0x7A, 0x39, 0x43, 0xDB, 0x96, 0xBC, 0xDA, 0x3C, 0xDA, 0xAB, 0xE6, 0x7B, 0xD1, 0xE6, 
        0x7B, 0xD1, 0xCA, 0x1E, 0xDC, 0xB5, 0xE6, 0xD1, 0xE6, 0xD5, 0x5F, 0x33, 0xDE, 0x8F, 0x33, 0xDE, 
        0x8E, 0x50, 0xF6, 0xE5, 0xAF, 0x36, 0x8F, 0x36, 0xAA, 0xF9, 0x9E, 0xF4, 0x79, 0x9E, 0xF4, 0x72, 
        0x87, 0xB7, 0x2D, 0x79, 0xB5, 0xE9, 0x5F, 0xB3, 0x24, 0x99, 0xFD, 0xA4, 0xBE, 0x14, 0x0F, 0xFA, 
        0x9B, 0x74, 0x9F, 0xFD, 0x2C, 0x8A, 0xBC, 0xAF, 0xCC, 0xF7, 0xAF, 0x4C, 0xFD, 0x98, 0x9F, 0x3F, 
        0xB4, 0xA7, 0xC2, 0x6F, 0xFB, 0x1B, 0x74, 0x9F, 0xFD, 0x2C, 0x8A, 0xAA, 0x31, 0xD5, 0x19, 0x54, 
        0xAD, 0x78, 0x4B, 0xD0, 0xFD, 0xA6, 0xFD, 0x8E, 0xBF, 0xE4, 0x85, 0x5B, 0x7F, 0xD8, 0xC1, 0xE2, 
        0x2F, 0xFD, 0x3D, 0xDF, 0x51, 0x47, 0xEC, 0x75, 0xFF, 0x00, 0x24, 0x2A, 0xDB, 0xFE, 0xC6, 0x0F, 
        0x11, 0x7F, 0xE9, 0xEE, 0xFA, 0x8A, 0xF5, 0x4F, 0x81, 0x3F, 0x27, 0xFF, 0x00, 0x6E, 0x46, 0xDA, 
        0xBF, 0xB3, 0xD7, 0xFD, 0x91, 0xEF, 0x0D, 0xFF, 0x00, 0xE8, 0x33, 0x57, 0xCC, 0x9E, 0x67, 0xBD, 
        0x7D, 0x2B, 0xFB, 0x75, 0x3E, 0xDF, 0xF8, 0x67, 0xA1, 0xFF, 0x00, 0x54, 0x77, 0xC3, 0x7F, 0xFA, 
        0x0C, 0xD5, 0xF3, 0x07, 0x9B, 0x5C, 0xB2, 0x8D, 0xDB, 0x3D, 0xCA, 0x15, 0xB9, 0x69, 0xC5, 0x16, 
        0xBC, 0xCF, 0x7A, 0x3C, 0xCF, 0x7A, 0xAB, 0xE6, 0xD1, 0xE6, 0xD4, 0xF2, 0x9B, 0xFB, 0x72, 0xD7, 
        0x99, 0xEF, 0x47, 0x99, 0xEF, 0x55, 0x7C, 0xDA, 0x3C, 0xDA, 0x39, 0x43, 0xDB, 0x96, 0xBC, 0xCF, 
        0x7A, 0x3C, 0xCF, 0x7A, 0xAB, 0xE6, 0xD1, 0xE6, 0xD1, 0xCA, 0x1E, 0xDC, 0xB5, 0xE6, 0x7B, 0xD1, 
        0xE6, 0x7B, 0xD5, 0x5F, 0x36, 0x8F, 0x36, 0x8E, 0x50, 0xF6, 0xE5, 0xAF, 0x33, 0xDE, 0x8F, 0x33, 
        0xDE, 0xAA, 0xF9, 0xB4, 0x79, 0xB4, 0x72, 0x87, 0xB7, 0x2D, 0x79, 0x9E, 0xF4, 0x79, 0x9E, 0xF5, 
        0x57, 0xCD, 0xA3, 0xCD, 0xA3, 0x94, 0x3D, 0xB9, 0x6B, 0xCC, 0xF7, 0xA3, 0xCC, 0xF7, 0xAA, 0xBE, 
        0x6D, 0x1E, 0x6D, 0x1C, 0xA1, 0xED, 0xCB, 0x5E, 0x67, 0xBD, 0x7A, 0x67, 0xEC, 0xBE, 0xF9, 0xFD, 
        0xA5, 0xBE, 0x12, 0xFF, 0x00, 0xD8, 0xDD, 0xA4, 0x7F, 0xE9, 0x64, 0x55, 0xE5, 0x3E, 0x6D, 0x7A, 
        0x77, 0xEC, 0xBB, 0x26, 0x7F, 0x69, 0x9F, 0x84, 0x63, 0xFE, 0xA6, 0xFD, 0x23, 0xFF, 0x00, 0x4B, 
        0x62, 0xA6, 0xA3, 0xA9, 0x12, 0xAD, 0x78, 0xB3, 0xF6, 0xDF, 0xF6, 0x3A, 0xFF, 0x00, 0x92, 0x15, 
        0x6D, 0xFF, 0x00, 0x63, 0x07, 0x88, 0xBF, 0xF4, 0xF7, 0x7D, 0x45, 0x1F, 0xB1, 0xD7, 0xFC, 0x90, 
        0xAB, 0x6F, 0xFB, 0x18, 0x3C, 0x45, 0xFF, 0x00, 0xA7, 0xBB, 0xEA, 0x2B, 0xAC, 0xF9, 0xF3, 0xF2, 
        0x4F, 0xF6, 0xF0, 0x7D, 0xAD, 0xFB, 0x3C, 0xFF, 0x00, 0xD9, 0x1D, 0xF0, 0xDF, 0xFE, 0x83, 0x3D, 
        0x7C, 0xB9, 0xE6, 0x57, 0xEE, 0x22, 0x7E, 0xC5, 0x7E, 0x28, 0xB8, 0xF0, 0xFF, 0x00, 0x86, 0xB4, 
        0xAD, 0x63, 0xC5, 0x5F, 0x0D, 0xFC, 0x50, 0xBE, 0x1E, 0xD2, 0x2D, 0x74, 0x3B, 0x1B, 0xCF, 0x10, 
        0x7C, 0x2D, 0x86, 0xFA, 0xE5, 0x2D, 0x2D, 0xD3, 0x64, 0x51, 0x99, 0x24, 0xBD, 0x27, 0x00, 0x64, 
        0xE0, 0x60, 0x65, 0x98, 0xE3, 0x93, 0x51, 0x7F, 0xC3, 0x0C, 0xDF, 0xFF, 0x00, 0xCF, 0x6F, 0x83, 
        0x7F, 0xF8, 0x67, 0x6D, 0x7F, 0xF9, 0x32, 0xA6, 0xC6, 0x8A, 0xA3, 0x4A, 0xC7, 0xE2, 0x07, 0x99, 
        0x47, 0x99, 0x5F, 0xB7, 0xFF, 0x00, 0xF0, 0xC3, 0x37, 0xFF, 0x00, 0xF3, 0xDB, 0xE0, 0xDF, 0xFE, 
        0x19, 0xDB, 0x5F, 0xFE, 0x4C, 0xA3, 0xFE, 0x18, 0x66, 0xFF, 0x00, 0xFE, 0x7B, 0x7C, 0x1B, 0xFF, 
        0x00, 0xC3, 0x3B, 0x6B, 0xFF, 0x00, 0xC9, 0x94, 0x72, 0x95, 0xED, 0x19, 0xF8, 0x81, 0xE6, 0x51, 
        0xE6, 0x57, 0xED, 0xFF, 0x00, 0xFC, 0x30, 0xCD, 0xFF, 0x00, 0xFC, 0xF6, 0xF8, 0x37, 0xFF, 0x00, 
        0x86, 0x76, 0xD7, 0xFF, 0x00, 0x93, 0x28, 0xFF, 0x00, 0x86, 0x19, 0xBF, 0xFF, 0x00, 0x9E, 0xDF, 
        0x06, 0xFF, 0x00, 0xF0, 0xCE, 0xDA, 0xFF, 0x00, 0xF2, 0x65, 0x1C, 0xA1, 0xED, 0x19, 0xF8, 0x81, 
        0xE6, 0x51, 0xE6, 0x57, 0xED, 0xFF, 0x00, 0xFC, 0x30, 0xCD, 0xFF, 0x00, 0xFC, 0xF6, 0xF8, 0x37, 
        0xFF, 0x00, 0x86, 0x76, 0xD7, 0xFF, 0x00, 0x93, 0x28, 0xFF, 0x00, 0x86, 0x19, 0xBF, 0xFF, 0x00, 
        0x9E, 0xDF, 0x06, 0xFF, 0x00, 0xF0, 0xCE, 0xDA, 0xFF, 0x00, 0xF2, 0x65, 0x1C, 0xA1, 0xED, 0x19, 
        0xF8, 0x81, 0xE6, 0x51, 0xE6, 0x57, 0xED, 0xFF, 0x00, 0xFC, 0x30, 0xCD, 0xFF, 0x00, 0xFC, 0xF6, 
        0xF8, 0x37, 0xFF, 0x00, 0x86, 0x76, 0xD7, 0xFF, 0x00, 0x93, 0x28, 0xFF, 0x00, 0x86, 0x19, 0xBF, 
        0xFF, 0x00, 0x9E, 0xDF, 0x06, 0xFF, 0x00, 0xF0, 0xCE, 0xDA, 0xFF, 0x00, 0xF2, 0x65, 0x1C, 0xA1, 
        0xED, 0x19, 0xF8, 0x81, 0xE6, 0x51, 0xE6, 0x57, 0xED, 0xFF, 0x00, 0xFC, 0x30, 0xCD, 0xFF, 0x00, 
        0xFC, 0xF6, 0xF8, 0x37, 0xFF, 0x00, 0x86, 0x76, 0xD7, 0xFF, 0x00, 0x93, 0x28, 0xFF, 0x00, 0x86, 
        0x19, 0xBF, 0xFF, 0x00, 0x9E, 0xDF, 0x06, 0xFF, 0x00, 0xF0, 0xCE, 0xDA, 0xFF, 0x00, 0xF2, 0x65, 
        0x1C, 0xA1, 0xED, 0x19, 0xF8, 0x81, 0xE6, 0x51, 0xE6, 0x57, 0xED, 0xFF, 0x00, 0xFC, 0x30, 0xCD, 
        0xFF, 0x00, 0xFC, 0xF6, 0xF8, 0x37, 0xFF, 0x00, 0x86, 0x76, 0xD7, 0xFF, 0x00, 0x93, 0x28, 0xFF, 
        0x00, 0x86, 0x19, 0xBF, 0xFF, 0x00, 0x9E, 0xDF, 0x06, 0xFF, 0x00, 0xF0, 0xCE, 0xDA, 0xFF, 0x00, 
        0xF2, 0x65, 0x1C, 0xA1, 0xED, 0x19, 0xF8, 0x81, 0xE6, 0x51, 0xE6, 0x57, 0xED, 0xFF, 0x00, 0xFC, 
        0x30, 0xCD, 0xFF, 0x00, 0xFC, 0xF6, 0xF8, 0x37, 0xFF, 0x00, 0x86, 0x76, 0xD7, 0xFF, 0x00, 0x93, 
        0x28, 0xFF, 0x00, 0x86, 0x19, 0xBF, 0xFF, 0x00, 0x9E, 0xDF, 0x06, 0xFF, 0x00, 0xF0, 0xCE, 0xDA, 
        0xFF, 0x00, 0xF2, 0x65, 0x1C, 0xA1, 0xED, 0x19, 0xF8, 0x81, 0xE6, 0x57, 0xA8, 0x7E, 0xCB, 0x52, 
        0x67, 0xF6, 0x9B, 0xF8, 0x45, 0xFF, 0x00, 0x63, 0x86, 0x91, 0xFF, 0x00, 0xA5, 0xB1, 0x57, 0xEB, 
        0x7F, 0xFC, 0x30, 0xCD, 0xFF, 0x00, 0xFC, 0xF6, 0xF8, 0x37, 0xFF, 0x00, 0x86, 0x76, 0xD7, 0xFF, 
        0x00, 0x93, 0x2A, 0xD6, 0x95, 0xFB, 0x16, 0xEB, 0x9A, 0x16, 0xA9, 0x67, 0xA9, 0x69, 0xBA, 0x97, 
        0xC2, 0x3D, 0x3F, 0x51, 0xB3, 0x99, 0x2E, 0x2D, 0xAE, 0xED, 0x7E, 0x10, 0xDB, 0x45, 0x34, 0x12, 
        0xA3, 0x06, 0x49, 0x11, 0xD6, 0xF4, 0x15, 0x65, 0x60, 0x08, 0x20, 0xE4, 0x10, 0x08, 0xA2, 0xC2, 
        0xF6, 0x8C, 0xF4, 0x6F, 0xD8, 0xEB, 0xFE, 0x48, 0x55, 0xB7, 0xFD, 0x8C, 0x1E, 0x22, 0xFF, 0x00, 
        0xD3, 0xDD, 0xF5, 0x15, 0xD7, 0xFC, 0x0F, 0xF8, 0x69, 0x73, 0xF0, 0x8B, 0xE1, 0xBD, 0x9F, 0x86, 
        0x6F, 0x35, 0x68, 0xB5, 0xCB, 0xB8, 0xAF, 0x2F, 0xEF, 0x66, 0xBE, 0x82, 0xCC, 0xDA, 0x47, 0x23, 
        0xDD, 0x5E, 0x4D, 0x74, 0xC1, 0x62, 0x32, 0x48, 0x54, 0x29, 0x9C, 0xA8, 0xCB, 0xB1, 0xC2, 0xE7, 
        0x3C, 0xD1, 0x54, 0x64, 0x7F, 0xFF, 0xD9, 0x33, 0x33, 0x33, 0x33, 0x33, 0x33, 0x33, 0x33, 0x33, 
        0x33, 0x33, 0x33, 0x33, 0x33, 0x33, 0x33, 0x33, 0x33, 0x33, 0x33, 0x33, 0x33, 0x33, 0x33, 0x33, 
        0x33, 0x33, 0x33, 0x33, 0x33, 0x33, 0x33, 0x33, 0x33, 0x33, 0x33, 0x33, 0x33, 0x33, 0x33, 0x33, 
        0x33, 0x33, 0x33, 0x33, 0x33, 0x33, 0x33, 0x33, 0x33, 0x33, 0x33, 0x33, 0x33, 0x33, 0x33, 0x33, 
        0x33, 0x33, 0x33, 0x33, 0x33, 0x33, 0x33, 0x33, 0x33, 0x33, 0x33, 0x33, 0x33, 0x33, 0x33, 0x33, 
        0x33, 0x33, 0x33, 0x33, 0x33, 0x33, 0x33, 0x33, 0x33, 0x33, 0x33, 0x33, 0x33, 0x33, 0x33, 0x33, 
        0x33, 0x33, 0x33, 0x33, 0x33, 0x33, 0x33, 0x33, 0x33, 0x33, 0x33, 0x33, 0x33, 0x33, 0x33, 0x33, 
        0x33, 0x33, 0x33, 0x33, 0x33, 0x33, 0x33, 0x33, 0x33, 0x33, 0x33, 0x33, 0x33, 0x33, 0x33, 0x33, 
        0x33, 0x33, 0x33, 0x33, 0x33, 0x33, 0x33, 0x33, 0x33, 0x33, 0x33, 0x33, 0x33, 0x33, 0x33, 0x33, 
        0x33, 0x33, 0x33, 0x33, 0x33, 0x33, 0x33, 0x33, 0x33, 0x33, 0x33, 0x33, 0x33, 0x33, 0x33, 0x33, 
        0x33, 0x33, 0x33, 0x33, 0x33, 0x33, 0x33, 0x33, 0x33, 0x33, 0x33, 0x33, 0x33, 0x33, 0x33, 0x33, 
        0x33, 0x33, 0x33, 0x33, 0x33, 0x33, 0x33, 0x33, 0x33, 0x33, 0x33, 0x33, 0x33, 0x33, 0x33, 0x33, 
        0x33, 0x33, 0x33, 0x33, 0x33, 0x33, 0x33, 0x33, 0x33, 0x33, 0x33, 0x33, 0x33, 0x33, 0x33, 0x33, 
        0x33, 0x33, 0x33, 0x33, 0x33, 0x33, 0x33, 0x33, 0x33, 0x33, 0x33, 0x33, 0x33, 0x33, 0x33, 0x33, 
        0xFF, 0xD8, 0xFF, 0xE0, 0x00, 0x10, 0x4A, 0x46, 0x49, 0x46, 0x00, 0x01, 0x01, 0x00, 0x00, 0x01, 
        0x00, 0x01, 0x00, 0x00, 0xFF, 0xDB, 0x00, 0x43, 0x00, 0x03, 0x02, 0x02, 0x03, 0x02, 0x02, 0x03, 
        0x03, 0x03, 0x03, 0x04, 0x03, 0x03, 0x04, 0x05, 0x08, 0x05, 0x05, 0x04, 0x04, 0x05, 0x0A, 0x07, 
        0x07, 0x06, 0x08, 0x0C, 0x0A, 0x0C, 0x0C, 0x0B, 0x0A, 0x0B, 0x0B, 0x0D, 0x0E, 0x12, 0x10, 0x0D, 
        0x0E, 0x11, 0x0E, 0x0B, 0x0B, 0x10, 0x16, 0x10, 0x11, 0x13, 0x14, 0x15, 0x15, 0x15, 0x0C, 0x0F, 
        0x17, 0x18, 0x16, 0x14, 0x18, 0x12, 0x14, 0x15, 0x14, 0xFF, 0xDB, 0x00, 0x43, 0x01, 0x03, 0x04, 
        0x04, 0x05, 0x04, 0x05, 0x09, 0x05, 0x05, 0x09, 0x14, 0x0D, 0x0B, 0x0D, 0x14, 0x14, 0x14, 0x14, 
        0x14, 0x14, 0x14, 0x14, 0x14, 0x14, 0x14, 0x14, 0x14, 0x14, 0x14, 0x14, 0x14, 0x14, 0x14, 0x14, 
        0x14, 0x14, 0x14, 0x14, 0x14, 0x14, 0x14, 0x14, 0x14, 0x14, 0x14, 0x14, 0x14, 0x14, 0x14, 0x14, 
        0x14, 0x14, 0x14, 0x14, 0x14, 0x14, 0x14, 0x14, 0x14, 0x14, 0x14, 0x14, 0x14, 0x14, 0xFF, 0xC0, 
        0x00, 0x11, 0x08, 0x00, 0x40, 0x00, 0x98, 0x03, 0x01, 0x22, 0x00, 0x02, 0x11, 0x01, 0x03, 0x11, 
        0x01, 0xFF, 0xC4, 0x00, 0x1F, 0x00, 0x00, 0x01, 0x05, 0x01, 0x01, 0x01, 0x01, 0x01, 0x01, 0x00, 
        0x00, 0x00, 0x00, 0x00, 0x00, 0x00, 0x00, 0x01, 0x02, 0x03, 0x04, 0x05, 0x06, 0x07, 0x08, 0x09, 
        0x0A, 0x0B, 0xFF, 0xC4, 0x00, 0xB5, 0x10, 0x00, 0x02, 0x01, 0x03, 0x03, 0x02, 0x04, 0x03, 0x05, 
        0x05, 0x04, 0x04, 0x00, 0x00, 0x01, 0x7D, 0x01, 0x02, 0x03, 0x00, 0x04, 0x11, 0x05, 0x12, 0x21, 
        0x31, 0x41, 0x06, 0x13, 0x51, 0x61, 0x07, 0x22, 0x71, 0x14, 0x32, 0x81, 0x91, 0xA1, 0x08, 0x23, 
        0x42, 0xB1, 0xC1, 0x15, 0x52, 0xD1, 0xF0, 0x24, 0x33, 0x62, 0x72, 0x82, 0x09, 0x0A, 0x16, 0x17, 
        0x18, 0x19, 0x1A, 0x25, 0x26, 0x27, 0x28, 0x29, 0x2A, 0x34, 0x35, 0x36, 0x37, 0x38, 0x39, 0x3A, 
        0x43, 0x44, 0x45, 0x46, 0x47, 0x48, 0x49, 0x4A, 0x53, 0x54, 0x55, 0x56, 0x57, 0x58, 0x59, 0x5A, 
        0x63, 0x64, 0x65, 0x66, 0x67, 0x68, 0x69, 0x6A, 0x73, 0x74, 0x75, 0x76, 0x77, 0x78, 0x79, 0x7A, 
        0x83, 0x84, 0x85, 0x86, 0x87, 0x88, 0x89, 0x8A, 0x92, 0x93, 0x94, 0x95, 0x96, 0x97, 0x98, 0x99, 
        0x9A, 0xA2, 0xA3, 0xA4, 0xA5, 0xA6, 0xA7, 0xA8, 0xA9, 0xAA, 0xB2, 0xB3, 0xB4, 0xB5, 0xB6, 0xB7, 
        0xB8, 0xB9, 0xBA, 0xC2, 0xC3, 0xC4, 0xC5, 0xC6, 0xC7, 0xC8, 0xC9, 0xCA, 0xD2, 0xD3, 0xD4, 0xD5, 
        0xD6, 0xD7, 0xD8, 0xD9, 0xDA, 0xE1, 0xE2, 0xE3, 0xE4, 0xE5, 0xE6, 0xE7, 0xE8, 0xE9, 0xEA, 0xF1, 
        0xF2, 0xF3, 0xF4, 0xF5, 0xF6, 0xF7, 0xF8, 0xF9, 0xFA, 0xFF, 0xC4, 0x00, 0x1F, 0x01, 0x00, 0x03, 
        0x01, 0x01, 0x01, 0x01, 0x01, 0x01, 0x01, 0x01, 0x01, 0x00, 0x00, 0x00, 0x00, 0x00, 0x00, 0x01, 
        0x02, 0x03, 0x04, 0x05, 0x06, 0x07, 0x08, 0x09, 0x0A, 0x0B, 0xFF, 0xC4, 0x00, 0xB5, 0x11, 0x00, 
        0x02, 0x01, 0x02, 0x04, 0x04, 0x03, 0x04, 0x07, 0x05, 0x04, 0x04, 0x00, 0x01, 0x02, 0x77, 0x00, 
        0x01, 0x02, 0x03, 0x11, 0x04, 0x05, 0x21, 0x31, 0x06, 0x12, 0x41, 0x51, 0x07, 0x61, 0x71, 0x13, 
        0x22, 0x32, 0x81, 0x08, 0x14, 0x42, 0x91, 0xA1, 0xB1, 0xC1, 0x09, 0x23, 0x33, 0x52, 0xF0, 0x15, 
        0x62, 0x72, 0xD1, 0x0A, 0x16, 0x24, 0x34, 0xE1, 0x25, 0xF1, 0x17, 0x18, 0x19, 0x1A, 0x26, 0x27, 
        0x28, 0x29, 0x2A, 0x35, 0x36, 0x37, 0x38, 0x39, 0x3A, 0x43, 0x44, 0x45, 0x46, 0x47, 0x48, 0x49, 
        0x4A, 0x53, 0x54, 0x55, 0x56, 0x57, 0x58, 0x59, 0x5A, 0x63, 0x64, 0x65, 0x66, 0x67, 0x68, 0x69, 
        0x6A, 0x73, 0x74, 0x75, 0x76, 0x77, 0x78, 0x79, 0x7A, 0x82, 0x83, 0x84, 0x85, 0x86, 0x87, 0x88, 
        0x89, 0x8A, 0x92, 0x93, 0x94, 0x95, 0x96, 0x97, 0x98, 0x99, 0x9A, 0xA2, 0xA3, 0xA4, 0xA5, 0xA6, 
        0xA7, 0xA8, 0xA9, 0xAA, 0xB2, 0xB3, 0xB4, 0xB5, 0xB6, 0xB7, 0xB8, 0xB9, 0xBA, 0xC2, 0xC3, 0xC4, 
        0xC5, 0xC6, 0xC7, 0xC8, 0xC9, 0xCA, 0xD2, 0xD3, 0xD4, 0xD5, 0xD6, 0xD7, 0xD8, 0xD9, 0xDA, 0xE2, 
        0xE3, 0xE4, 0xE5, 0xE6, 0xE7, 0xE8, 0xE9, 0xEA, 0xF2, 0xF3, 0xF4, 0xF5, 0xF6, 0xF7, 0xF8, 0xF9, 
        0xFA, 0xFF, 0xDA, 0x00, 0x0C, 0x03, 0x01, 0x00, 0x02, 0x11, 0x03, 0x11, 0x00, 0x3F, 0x00, 0xCE, 
        0xF1, 0x17, 0x89, 0x3C, 0x21, 0xF0, 0x8B, 0xE1, 0xE7, 0xC1, 0xAB, 0x1B, 0x2F, 0x83, 0x7F, 0x0B, 
        0xB5, 0xB9, 0x75, 0x4F, 0x87, 0xDA, 0x26, 0xAF, 0x79, 0x7F, 0xAE, 0x78, 0x52, 0x0B, 0x9B, 0xA9, 
        0xAE, 0x25, 0x83, 0x12, 0x3B, 0x48, 0x36, 0x96, 0x2C, 0x53, 0x71, 0x2D, 0x92, 0x49, 0x24, 0x93, 
        0x9A, 0xE6, 0xBF, 0xE1, 0x7E, 0x78, 0x7F, 0xFE, 0x88, 0x2F, 0xC1, 0x6F, 0xFC, 0x22, 0xA1, 0xFF, 
        0x00, 0xE2, 0xAA, 0x87, 0xED, 0x11, 0x71, 0xE5, 0x78, 0x67, 0xE0, 0x18, 0xFF, 0x00, 0xAA, 0x53, 
        0xE1, 0xE3, 0xFF, 0x00, 0x90, 0x9E, 0xBC, 0x6B, 0xED, 0x9E, 0xF5, 0xF9, 0xE6, 0x3F, 0x19, 0x8B, 
        0xA7, 0x8A, 0xA9, 0x1A, 0x75, 0x1A, 0x49, 0x9F, 0xD9, 0x1C, 0x25, 0xC3, 0x7C, 0x3B, 0x8B, 0xC8, 
        0xB0, 0x95, 0xF1, 0x58, 0x38, 0x4A, 0xA4, 0xA3, 0x76, 0xDD, 0xEE, 0xDD, 0xFD, 0x4F, 0x74, 0xFF, 
        0x00, 0x85, 0xF9, 0xE1, 0xFF, 0x00, 0xFA, 0x20, 0xBF, 0x05, 0xBF, 0xF0, 0x8A, 0x87, 0xFF, 0x00, 
        0x8A, 0xA3, 0xFE, 0x17, 0xE7, 0x87, 0xFF, 0x00, 0xE8, 0x82, 0xFC, 0x16, 0xFF, 0x00, 0xC2, 0x2A, 
        0x1F, 0xFE, 0x2A, 0xBC, 0x2F, 0xED, 0x9E, 0xF4, 0x7D, 0xB3, 0xDE, 0xBC, 0xFF, 0x00, 0xAF, 0xE3, 
        0xBF, 0xE7, 0xEB, 0x3E, 0xBB, 0xFD, 0x53, 0xE1, 0x5F, 0xFA, 0x01, 0x87, 0xDC, 0xFF, 0x00, 0xCC, 
        0xF7, 0x4F, 0xF8, 0x5F, 0x9E, 0x1F, 0xFF, 0x00, 0xA2, 0x0B, 0xF0, 0x5B, 0xFF, 0x00, 0x08, 0xA8, 
        0x7F, 0xF8, 0xAA, 0x3F, 0xE1, 0x7E, 0x78, 0x7F, 0xFE, 0x88, 0x2F, 0xC1, 0x6F, 0xFC, 0x22, 0xA1, 
        0xFF, 0x00, 0xE2, 0xAB, 0xC2, 0xFE, 0xD9, 0xEF, 0x47, 0xDB, 0x3D, 0xE8, 0xFA, 0xFE, 0x3B, 0xFE, 
        0x7E, 0xB0, 0xFF, 0x00, 0x54, 0xF8, 0x57, 0xFE, 0x80, 0x61, 0xF7, 0x3F, 0xF3, 0x3D, 0xD3, 0xFE, 
        0x17, 0xE7, 0x87, 0xFF, 0x00, 0xE8, 0x82, 0xFC, 0x16, 0xFF, 0x00, 0xC2, 0x2A, 0x1F, 0xFE, 0x2A, 
        0x8F, 0xF8, 0x5F, 0x9E, 0x1F, 0xFF, 0x00, 0xA2, 0x0B, 0xF0, 0x5B, 0xFF, 0x00, 0x08, 0xA8, 0x7F, 
        0xF8, 0xAA, 0xF0, 0xBF, 0xB6, 0x7B, 0xD1, 0xF6, 0xCF, 0x7A, 0x3E, 0xBF, 0x8E, 0xFF, 0x00, 0x9F, 
        0xAC, 0x3F, 0xD5, 0x3E, 0x15, 0xFF, 0x00, 0xA0, 0x18, 0x7D, 0xCF, 0xFC, 0xCF, 0x74, 0xFF, 0x00, 
        0x85, 0xF9, 0xE1, 0xFF, 0x00, 0xFA, 0x20, 0xBF, 0x05, 0xBF, 0xF0, 0x8A, 0x87, 0xFF, 0x00, 0x8A, 
        0xA3, 0xFE, 0x17, 0xE7, 0x87, 0xFF, 0x00, 0xE8, 0x82, 0xFC, 0x16, 0xFF, 0x00, 0xC2, 0x2A, 0x1F, 
        0xFE, 0x2A, 0xBC, 0x2F, 0xED, 0x9E, 0xF4, 0x7D, 0xB3, 0xDE, 0x8F, 0xAF, 0xE3, 0xBF, 0xE7, 0xEB, 
        0x0F, 0xF5, 0x4F, 0x85, 0x7F, 0xE8, 0x06, 0x1F, 0x73, 0xFF, 0x00, 0x33, 0xDD, 0x3F, 0xE1, 0x7E, 
        0x78, 0x7F, 0xFE, 0x88, 0x2F, 0xC1, 0x6F, 0xFC, 0x22, 0xA1, 0xFF, 0x00, 0xE2, 0xA8, 0xFF, 0x00, 
        0x85, 0xF9, 0xE1, 0xFF, 0x00, 0xFA, 0x20, 0xBF, 0x05, 0xBF, 0xF0, 0x8A, 0x87, 0xFF, 0x00, 0x8A, 
        0xAF, 0x0B, 0xFB, 0x67, 0xBD, 0x1F, 0x6C, 0xF7, 0xA3, 0xEB, 0xF8, 0xEF, 0xF9, 0xFA, 0xC3, 0xFD, 
        0x53, 0xE1, 0x5F, 0xFA, 0x01, 0x87, 0xDC, 0xFF, 0x00, 0xCC, 0xF7, 0x4F, 0xF8, 0x5F, 0x9E, 0x1F, 
        0xFF, 0x00, 0xA2, 0x0B, 0xF0, 0x5B, 0xFF, 0x00, 0x08, 0xA8, 0x7F, 0xF8, 0xAA, 0x3F, 0xE1, 0x7E, 
        0x78, 0x7F, 0xFE, 0x88, 0x2F, 0xC1, 0x6F, 0xFC, 0x22, 0xA1, 0xFF, 0x00, 0xE2, 0xAB, 0xC2, 0xFE, 
        0xD9, 0xEF, 0x47, 0xDB, 0x3D, 0xE8, 0xFA, 0xFE, 0x3B, 0xFE, 0x7E, 0xB0, 0xFF, 0x00, 0x54, 0xF8, 
        0x57, 0xFE, 0x80, 0x61, 0xF7, 0x3F, 0xF3, 0x3D, 0xD3, 0xFE, 0x17, 0xE7, 0x87, 0xFF, 0x00, 0xE8, 
        0x82, 0xFC, 0x16, 0xFF, 0x00, 0xC2, 0x2A, 0x1F, 0xFE, 0x2A, 0x8F, 0xF8, 0x5F, 0x9E, 0x1F, 0xFF, 
        0x00, 0xA2, 0x0B, 0xF0, 0x5B, 0xFF, 0x00, 0x08, 0xA8, 0x7F, 0xF8, 0xAA, 0xF0, 0xBF, 0xB6, 0x7B, 
        0xD1, 0xF6, 0xCF, 0x7A, 0x3E, 0xBF, 0x8E, 0xFF, 0x00, 0x9F, 0xAC, 0x3F, 0xD5, 0x3E, 0x15, 0xFF, 
        0x00, 0xA0, 0x18, 0x7D, 0xCF, 0xFC, 0xCF, 0x74, 0xFF, 0x00, 0x85, 0xF9, 0xE1, 0xFF, 0x00, 0xFA, 
        0x20, 0xBF, 0x05, 0xBF, 0xF0, 0x8A, 0x87, 0xFF, 0x00, 0x8A, 0xAE, 0x8F, 0xE1, 0xBF, 0xC5, 0x9F, 
        0x0B, 0x78, 0xC7, 0xE2, 0x27, 0x85, 0xB4, 0x0B, 0xCF, 0x81, 0x3F, 0x06, 0xE2, 0xB4, 0xD5, 0x75, 
        0x5B, 0x5B, 0x19, 0x9E, 0x0F, 0x06, 0x40, 0x24, 0x54, 0x96, 0x65, 0x46, 0x2A, 0x49, 0x20, 0x1C, 
        0x31, 0xC6, 0x41, 0x19, 0xEC, 0x6B, 0xE6, 0x8F, 0xB6, 0x7B, 0xD7, 0x77, 0xF0, 0x16, 0xEF, 0x77, 
        0xC7, 0x3F, 0x87, 0x43, 0x3D, 0x7C, 0x47, 0xA7, 0x0F, 0xFC, 0x9A, 0x8E, 0xB5, 0xA5, 0x8E, 0xC6, 
        0xBA, 0x91, 0x4E, 0xAB, 0xB5, 0xD1, 0xE7, 0xE6, 0x1C, 0x2D, 0xC3, 0x14, 0xF0, 0x75, 0xA7, 0x4F, 
        0x03, 0x05, 0x25, 0x19, 0x34, 0xEC, 0xF7, 0xB3, 0xB7, 0x53, 0xF4, 0xA3, 0xF6, 0x2D, 0xB1, 0xB6, 
        0xD3, 0x3F, 0x67, 0xDD, 0x3A, 0xCE, 0xCE, 0xDE, 0x2B, 0x4B, 0x4B, 0x7D, 0x73, 0xC4, 0x10, 0xC3, 
        0x6F, 0x02, 0x04, 0x8E, 0x24, 0x5D, 0x6A, 0xF4, 0x2A, 0xAA, 0x8E, 0x00, 0x00, 0x00, 0x00, 0xE0, 
        0x01, 0x45, 0x4F, 0xFB, 0x1D, 0x7F, 0xC9, 0x0A, 0xB6, 0xFF, 0x00, 0xB1, 0x83, 0xC4, 0x5F, 0xFA, 
        0x7B, 0xBE, 0xA2, 0xBF, 0x4E, 0x3F, 0x86, 0x4F, 0xCE, 0x7F, 0xDA, 0x6E, 0xE3, 0xCA, 0xD0, 0x3E, 
        0x00, 0x8C, 0xFF, 0x00, 0xCD, 0x27, 0xF0, 0xE9, 0xFF, 0x00, 0xC8, 0x52, 0x57, 0x87, 0xFD, 0xB7, 
        0xDE, 0xBD, 0x77, 0xF6, 0xAE, 0xB8, 0xF2, 0xB4, 0x8F, 0xD9, 0xFC, 0x67, 0xFE, 0x69, 0x27, 0x87, 
        0x4F, 0xFE, 0x43, 0x96, 0xBC, 0x13, 0xED, 0xBE, 0xF5, 0xF0, 0xB8, 0xDA, 0x3C, 0xD8, 0x99, 0xBF, 
        0x33, 0xFA, 0xAF, 0x86, 0x33, 0x2F, 0x65, 0x93, 0x61, 0xA1, 0x7D, 0xA2, 0x6F, 0x7D, 0xB7, 0xDE, 
        0x8F, 0xB6, 0xFB, 0xD6, 0x0F, 0xDB, 0x7D, 0xE8, 0xFB, 0x6F, 0xBD, 0x71, 0x7B, 0x03, 0xEA, 0x3F, 
        0xB5, 0xBC, 0xCD, 0xEF, 0xB6, 0xFB, 0xD1, 0xF6, 0xDF, 0x7A, 0xC1, 0xFB, 0x6F, 0xBD, 0x1F, 0x6D, 
        0xF7, 0xA3, 0xD8, 0x07, 0xF6, 0xB7, 0x99, 0xBD, 0xF6, 0xDF, 0x7A, 0x3E, 0xDB, 0xEF, 0x58, 0x3F, 
        0x6D, 0xF7, 0xA3, 0xED, 0xBE, 0xF4, 0x7B, 0x00, 0xFE, 0xD6, 0xF3, 0x37, 0xBE, 0xDB, 0xEF, 0x47, 
        0xDB, 0x7D, 0xEB, 0x07, 0xED, 0xBE, 0xF4, 0x7D, 0xB7, 0xDE, 0x8F, 0x60, 0x1F, 0xDA, 0xDE, 0x66, 
        0xF7, 0xDB, 0x7D, 0xE8, 0xFB, 0x6F, 0xBD, 0x60, 0xFD, 0xB7, 0xDE, 0x8F, 0xB6, 0xFB, 0xD1, 0xEC, 
        0x03, 0xFB, 0x5B, 0xCC, 0xDE, 0xFB, 0x6F, 0xBD, 0x1F, 0x6D, 0xF7, 0xAC, 0x1F, 0xB6, 0xFB, 0xD1, 
        0xF6, 0xDF, 0x7A, 0x3D, 0x80, 0x7F, 0x6B, 0x79, 0x9B, 0xDF, 0x6D, 0xF7, 0xA3, 0xED, 0xBE, 0xF5, 
        0x83, 0xF6, 0xDF, 0x7A, 0x3E, 0xDB, 0xEF, 0x47, 0xB0, 0x0F, 0xED, 0x6F, 0x33, 0x7B, 0xED, 0xBE, 
        0xF5, 0xDF, 0xFE, 0xCF, 0xB7, 0x7B, 0xBE, 0x3D, 0x7C, 0x36, 0x19, 0xEB, 0xE2, 0x5D, 0x34, 0x7F, 
        0xE4, 0xD4, 0x75, 0xE4, 0x5F, 0x6D, 0xF7, 0xAF, 0x42, 0xFD, 0x9D, 0xAE, 0xF7, 0x7E, 0xD0, 0x5F, 
        0x0C, 0x46, 0x7A, 0xF8, 0xA3, 0x4C, 0x1F, 0xF9, 0x37, 0x15, 0x69, 0x4A, 0x85, 0xA7, 0x1F, 0x54, 
        0x71, 0x63, 0xB3, 0x4E, 0x6C, 0x2D, 0x55, 0x7F, 0xB3, 0x2F, 0xC8, 0xFD, 0x64, 0xFD, 0x8E, 0xBF, 
        0xE4, 0x85, 0x5B, 0x7F, 0xD8, 0xC1, 0xE2, 0x2F, 0xFD, 0x3D, 0xDF, 0x51, 0x47, 0xEC, 0x75, 0xFF, 
        0x00, 0x24, 0x2A, 0xDB, 0xFE, 0xC6, 0x0F, 0x11, 0x7F, 0xE9, 0xEE, 0xFA, 0x8A, 0xFD, 0x0C, 0xFE, 
        0x39, 0x3F, 0x30, 0xBF, 0x6C, 0x1B, 0x9F, 0x27, 0x4F, 0xFD, 0x9F, 0x97, 0x3F, 0xF3, 0x48, 0xBC, 
        0x38, 0x7F, 0xF2, 0x1C, 0xB5, 0xF3, 0xC7, 0xDB, 0xBD, 0xEB, 0xDD, 0x3F, 0x6D, 0x4B, 0x8F, 0x2A, 
        0xDB, 0xF6, 0x7C, 0x19, 0xFF, 0x00, 0x9A, 0x41, 0xE1, 0xC3, 0xFF, 0x00, 0x8E, 0x4D, 0x5F, 0x36, 
        0xFD, 0xB7, 0xDE, 0xBC, 0x1A, 0xF4, 0x79, 0xAA, 0x49, 0x9F, 0xAD, 0x65, 0x79, 0x8F, 0xB2, 0xC1, 
        0x52, 0x85, 0xF6, 0x46, 0xF7, 0xDB, 0xBD, 0xE8, 0xFB, 0x77, 0xBD, 0x60, 0xFD, 0xB7, 0xDE, 0x8F, 
        0xB6, 0xFB, 0xD6, 0x1E, 0xC0, 0xF5, 0x3F, 0xB5, 0xBC, 0xCD, 0xEF, 0xB7, 0x7B, 0xD1, 0xF6, 0xEF, 
        0x7A, 0xC1, 0xFB, 0x6F, 0xBD, 0x1F, 0x6D, 0xF7, 0xA3, 0xD8, 0x07, 0xF6, 0xB7, 0x99, 0xBD, 0xF6, 
        0xEF, 0x7A, 0x3E, 0xDD, 0xEF, 0x58, 0x3F, 0x6D, 0xF7, 0xA3, 0xED, 0xBE, 0xF4, 0x7B, 0x00, 0xFE, 
        0xD6, 0xF3, 0x37, 0xBE, 0xDD, 0xEF, 0x47, 0xDB, 0xBD, 0xEB, 0x07, 0xED, 0xBE, 0xF4, 0x7D, 0xB7, 
        0xDE, 0x8F, 0x60, 0x1F, 0xDA, 0xDE, 0x66, 0xF7, 0xDB, 0xBD, 0xE8, 0xFB, 0x77, 0xBD, 0x60, 0xFD, 
        0xB7, 0xDE, 0x8F, 0xB6, 0xFB, 0xD1, 0xEC, 0x03, 0xFB, 0x5B, 0xCC, 0xDE, 0xFB, 0x77, 0xBD, 0x1F, 
        0x6E, 0xF7, 0xAC, 0x1F, 0xB6, 0xFB, 0xD1, 0xF6, 0xDF, 0x7A, 0x3D, 0x80, 0x7F, 0x6B, 0x79, 0x9B, 
        0xDF, 0x6E, 0xF7, 0xA3, 0xED, 0xDE, 0xF5, 0x83, 0xF6, 0xDF, 0x7A, 0x3E, 0xDB, 0xEF, 0x47, 0xB0, 
        0x0F, 0xED, 0x6F, 0x33, 0x7B, 0xED, 0xDE, 0xF5, 0xE8, 0xDF, 0xB3, 0x75, 0xE6, 0xEF, 0xDA, 0x27, 
        0xE1, 0x6A, 0xE7, 0xAF, 0x8A, 0xB4, 0xA1, 0xFF, 0x00, 0x93, 0x71, 0x57, 0x8D, 0xFD, 0xB7, 0xDE, 
        0xBD, 0x2B, 0xF6, 0x66, 0xBB, 0xDD, 0xFB, 0x48, 0x7C, 0x28, 0x19, 0xEB, 0xE2, 0xCD, 0x24, 0x7F, 
        0xE4, 0xE4, 0x55, 0x51, 0xA1, 0x69, 0x23, 0x0A, 0xF9, 0xA7, 0x35, 0x29, 0xAB, 0xF4, 0x7F, 0x91, 
        0xFB, 0x31, 0xFB, 0x1D, 0x7F, 0xC9, 0x0A, 0xB6, 0xFF, 0x00, 0xB1, 0x83, 0xC4, 0x5F, 0xFA, 0x7B, 
        0xBE, 0xA2, 0x8F, 0xD8, 0xEB, 0xFE, 0x48, 0x55, 0xB7, 0xFD, 0x8C, 0x1E, 0x22, 0xFF, 0x00, 0xD3, 
        0xDD, 0xF5, 0x15, 0xF4, 0x67, 0xE3, 0x07, 0xE4, 0xE7, 0xED, 0xCF, 0x71, 0xE5, 0x0F, 0xD9, 0xE8, 
        0x67, 0xFE, 0x68, 0xF7, 0x86, 0xCF, 0xFE, 0x3B, 0x35, 0x7C, 0xC5, 0xF6, 0xDF, 0x7A, 0xFD, 0xB5, 
        0x4F, 0xD8, 0xAF, 0xC5, 0x17, 0x1E, 0x1F, 0xF0, 0xD6, 0x95, 0xAC, 0x78, 0xAB, 0xE1, 0xBF, 0x8A, 
        0x17, 0xC3, 0xDA, 0x45, 0xAE, 0x87, 0x63, 0x79, 0xE2, 0x0F, 0x85, 0xB0, 0xDF, 0x5C, 0xA5, 0xA5, 
        0xBA, 0x6C, 0x8A, 0x33, 0x24, 0x97, 0xA4, 0xE0, 0x0C, 0x9C, 0x0C, 0x0C, 0xB3, 0x1C, 0x72, 0x6A, 
        0x2F, 0xF8, 0x61, 0x9B, 0xFF, 0x00, 0xF9, 0xED, 0xF0, 0x6F, 0xFF, 0x00, 0x0C, 0xED, 0xAF, 0xFF, 
        0x00, 0x26, 0x56, 0x4E, 0x9A, 0x6E, 0xE7, 0x74, 0x31, 0x73, 0x84, 0x54, 0x57, 0x43, 0xF1, 0x3F, 
        0xED, 0xBE, 0xF4, 0x7D, 0xB7, 0xDE, 0xBF, 0x6C, 0x3F, 0xE1, 0x86, 0x6F, 0xFF, 0x00, 0xE7, 0xB7, 
        0xC1, 0xBF, 0xFC, 0x33, 0xB6, 0xBF, 0xFC, 0x99, 0x47, 0xFC, 0x30, 0xCD, 0xFF, 0x00, 0xFC, 0xF6, 
        0xF8, 0x37, 0xFF, 0x00, 0x86, 0x76, 0xD7, 0xFF, 0x00, 0x93, 0x29, 0x7B, 0x24, 0x69, 0xF5, 0xEA, 
        0x87, 0xE2, 0x7F, 0xDB, 0x7D, 0xE8, 0xFB, 0x6F, 0xBD, 0x7E, 0xD8, 0x7F, 0xC3, 0x0C, 0xDF, 0xFF, 
        0x00, 0xCF, 0x6F, 0x83, 0x7F, 0xF8, 0x67, 0x6D, 0x7F, 0xF9, 0x32, 0x8F, 0xF8, 0x61, 0x9B, 0xFF, 
        0x00, 0xF9, 0xED, 0xF0, 0x6F, 0xFF, 0x00, 0x0C, 0xED, 0xAF, 0xFF, 0x00, 0x26, 0x51, 0xEC, 0x90, 
        0x7D, 0x7A, 0xA1, 0xF8, 0x9F, 0xF6, 0xDF, 0x7A, 0x3E, 0xDB, 0xEF, 0x5F, 0xB6, 0x1F, 0xF0, 0xC3, 
        0x37, 0xFF, 0x00, 0xF3, 0xDB, 0xE0, 0xDF, 0xFE, 0x19, 0xDB, 0x5F, 0xFE, 0x4C, 0xA3, 0xFE, 0x18, 
        0x66, 0xFF, 0x00, 0xFE, 0x7B, 0x7C, 0x1B, 0xFF, 0x00, 0xC3, 0x3B, 0x6B, 0xFF, 0x00, 0xC9, 0x94, 
        0x7B, 0x24, 0x1F, 0x5E, 0xA8, 0x7E, 0x27, 0xFD, 0xB7, 0xDE, 0x8F, 0xB6, 0xFB, 0xD7, 0xED, 0x87, 
        0xFC, 0x30, 0xCD, 0xFF, 0x00, 0xFC, 0xF6, 0xF8, 0x37, 0xFF, 0x00, 0x86, 0x76, 0xD7, 0xFF, 0x00, 
        0x93, 0x28, 0xFF, 0x00, 0x86, 0x19, 0xBF, 0xFF, 0x00, 0x9E, 0xDF, 0x06, 0xFF, 0x00, 0xF0, 0xCE, 
        0xDA, 0xFF, 0x00, 0xF2, 0x65, 0x1E, 0xC9, 0x07, 0xD7, 0xAA, 0x1F, 0x89, 0xFF, 0x00, 0x6D, 0xF7, 
        0xA3, 0xED, 0xBE, 0xF5, 0xFB, 0x61, 0xFF, 0x00, 0x0C, 0x33, 0x7F, 0xFF, 0x00, 0x3D, 0xBE, 0x0D, 
        0xFF, 0x00, 0xE1, 0x9D, 0xB5, 0xFF, 0x00, 0xE4, 0xCA, 0x3F, 0xE1, 0x86, 0x6F, 0xFF, 0x00, 0xE7, 
        0xB7, 0xC1, 0xBF, 0xFC, 0x33, 0xB6, 0xBF, 0xFC, 0x99, 0x47, 0xB2, 0x41, 0xF5, 0xEA, 0x87, 0xE2, 
        0x7F, 0xDB, 0x7D, 0xE8, 0xFB, 0x6F, 0xBD, 0x7E, 0xD8, 0x7F, 0xC3, 0x0C, 0xDF, 0xFF, 0x00, 0xCF, 
        0x6F, 0x83, 0x7F, 0xF8, 0x67, 0x6D, 0x7F, 0xF9, 0x32, 0x8F, 0xF8, 0x61, 0x9B, 0xFF, 0x00, 0xF9, 
        0xED, 0xF0, 0x6F, 0xFF, 0x00, 0x0C, 0xED, 0xAF, 0xFF, 0x00, 0x26, 0x51, 0xEC, 0x90, 0x7D, 0x7A, 
        0xA1, 0xF8, 0x9F, 0xF6, 0xDF, 0x7A, 0x3E, 0xDB, 0xEF, 0x5F, 0xB6, 0x1F, 0xF0, 0xC3, 0x37, 0xFF, 
        0x00, 0xF3, 0xDB, 0xE0, 0xDF, 0xFE, 0x19, 0xDB, 0x5F, 0xFE, 0x4C, 0xA3, 0xFE, 0x18, 0x66, 0xFF, 
        0x00, 0xFE, 0x7B, 0x7C, 0x1B, 0xFF, 0x00, 0xC3, 0x3B, 0x6B, 0xFF, 0x00, 0xC9, 0x94, 0x7B, 0x24, 
        0x1F, 0x5E, 0xA8, 0x7E, 0x27, 0xFD, 0xB7, 0xDE, 0xBD, 0x37, 0xF6, 0x5E, 0xBB, 0xDD, 0xFB, 0x4C, 
        0x7C, 0x24, 0x19, 0xEB, 0xE2, 0xED, 0x20, 0x7F, 0xE4, 0xEC, 0x55, 0xFA, 0xC7, 0xFF, 0x00, 0x0C, 
        0x33, 0x7F, 0xFF, 0x00, 0x3D, 0xBE, 0x0D, 0xFF, 0x00, 0xE1, 0x9D, 0xB5, 0xFF, 0x00, 0xE4, 0xCA, 
        0xB5, 0xA5, 0x7E, 0xC5, 0xBA, 0xE6, 0x85, 0xAA, 0x59, 0xEA, 0x5A, 0x6E, 0xA5, 0xF0, 0x8F, 0x4F, 
        0xD4, 0x6C, 0xE6, 0x4B, 0x8B, 0x6B, 0xBB, 0x5F, 0x84, 0x36, 0xD1, 0x4D, 0x04, 0xA8, 0xC1, 0x92, 
        0x44, 0x75, 0xBD, 0x05, 0x59, 0x58, 0x02, 0x08, 0x39, 0x04, 0x02, 0x28, 0xF6, 0x68, 0x4F, 0x1B, 
        0x51, 0xAB, 0x1E, 0x8D, 0xFB, 0x1D, 0x7F, 0xC9, 0x0A, 0xB6, 0xFF, 0x00, 0xB1, 0x83, 0xC4, 0x5F, 
        0xFA, 0x7B, 0xBE, 0xA2, 0xBA, 0xFF, 0x00, 0x81, 0xFF, 0x00, 0x0D, 0x2E, 0x7E, 0x11, 0x7C, 0x37, 
        0xB3, 0xF0, 0xCD, 0xE6, 0xAD, 0x16, 0xB9, 0x77, 0x15, 0xE5, 0xFD, 0xEC, 0xD7, 0xD0, 0x59, 0x9B, 
        0x48, 0xE4, 0x7B, 0xAB, 0xC9, 0xAE, 0x98, 0x2C, 0x46, 0x49, 0x0A, 0x85, 0x33, 0x95, 0x19, 0x76, 
        0x38, 0x5C, 0xE7, 0x9A, 0x2B, 0x63, 0xCE, 0x3F, 0xFF, 0xD9, 0x33, 0x33, 0x33, 0x33, 0x33, 0x33, 
        0x33, 0x33, 0x33, 0x33, 0x33, 0x33, 0x33, 0x33, 0x33, 0x33, 0x33, 0x33, 0x33, 0x33, 0x33, 0x33, 
        0x33, 0x33, 0x33, 0x33, 0x33, 0x33, 0x33, 0x33, 0x33, 0x33, 0x33, 0x33, 0x33, 0x33, 0x33, 0x33, 
        0x33, 0x33, 0x33, 0x33, 0x33, 0x33, 0x33, 0x33, 0x33, 0x33, 0x33, 0x33, 0x33, 0x33, 0x33, 0x33, 
        0x33, 0x33, 0x33, 0x33, 0x33, 0x33, 0x33, 0x33, 0x33, 0x33, 0x33, 0x33, 0x33, 0x33, 0x33, 0x33, 
        0x33, 0x33, 0x33, 0x33, 0x33, 0x33, 0x33, 0x33, 0x33, 0x33, 0x33, 0x33, 0x33, 0x33, 0x33, 0x33, 
        0x33, 0x33, 0x33, 0x33, 0x33, 0x33, 0x33, 0x33, 0x33, 0x33, 0x33, 0x33, 0x33, 0x33, 0x33, 0x33, 
        0x33, 0x33, 0x33, 0x33, 0x33, 0x33, 0x33, 0x33, 0x33, 0x33, 0x33, 0x33, 0x33, 0x33, 0x33, 0x33, 
        0x33, 0x33, 0x33, 0x33, 0x33, 0x33, 0x33, 0x33, 0x33, 0x33, 0x33, 0x33, 0x33, 0x33, 0x33, 0x33, 
        0x33, 0x33, 0x33, 0x33, 0x33, 0x33, 0x33, 0x33, 0x33, 0x33, 0x33, 0x33, 0x33, 0x33, 0x33, 0x33, 
        0x33, 0x33, 0x33, 0x33, 0x33, 0x33, 0x33, 0x33, 0x33, 0x33, 0x33, 0x33, 0x33, 0x33, 0x33, 0x33, 
        0x33, 0x33, 0x33, 0x33, 0x33, 0x33, 0x33, 0x33, 0x33, 0x33, 0x33, 0x33, 0x33, 0x33, 0x33, 0x33, 
        0x33, 0x33, 0x33, 0x33, 0x33, 0x33, 0x33, 0x33, 0x33, 0x33, 0x33, 0x33, 0x33, 0x33, 0x33, 0x33, 
        0x33, 0x33, 0x33, 0x33, 0x33, 0x33, 0x33, 0x33, 0x33, 0x33, 0x33, 0x33, 0x33, 0x33, 0x33, 0x33, 
        0x33, 0x33, 0x33, 0x33, 0x33, 0x33, 0x33, 0x33, 0x33, 0x33, 0x33, 0x33, 0x33, 0x33, 0x33, 0x33, 
        0x33, 0x33, 0x33, 0x33, 0x33, 0x33, 0x33, 0x33, 0x33, 0x33, 0x33, 0x33, 0x33, 0x33, 0x33, 0x33, 
        0x33, 0x33, 0x33, 0x33, 0x33, 0x33, 0x33, 0x33, 0x33, 0x33, 0x33, 0x33, 0x33, 0x33, 0x33, 0x33, 
        0x33, 0x33, 0x33, 0x33, 0x33, 0x33, 0x33, 0x33, 0x33, 0x33, 0x33, 0x33, 0x33, 0x33, 0x33, 0x33, 
        0x33, 0x33, 0x33, 0x33, 0x33, 0x33, 0x33, 0x33, 0x33, 0x33, 0x33, 0x33, 0x33, 0x33, 0x33, 0x33, 
        0x33, 0x33, 0x33, 0x33, 0x33, 0x33, 0x33, 0x33, 0x33, 0x33, 0x33, 0x33, 0x33, 0x33, 0x33, 0x33, 
        0x33, 0x33, 0x33, 0x33, 0x33, 0x33, 0x33, 0x33, 0x33, 0x33, 0x33, 0x33, 0x33, 0x33, 0x33, 0x33, 
        0x33, 0x33, 0x33, 0x33, 0x33, 0x33, 0x33, 0x33, 0x33, 0x33, 0x33, 0x33, 0x33, 0x33, 0x33, 0x33, 
        0x33, 0x33, 0x33, 0x33, 0x33, 0x33, 0x33, 0x33, 0x33, 0x33, 0x33, 0x33, 0x33, 0x33, 0x33, 0x33, 
        0x33, 0x33, 0x33, 0x33, 0x33, 0x33, 0x33, 0x33, 0x33, 0x33, 0x33, 0x33, 0x33, 0x33, 0x33, 0x33, 
        0x33, 0x33, 0x33, 0x33, 0x33, 0x33, 0x33, 0x33, 0x33, 0x33, 0x33, 0x33, 0x33, 0x33, 0x33, 0x33, 
        0x33, 0x33, 0x33, 0x33, 0x33, 0x33, 0x33, 0x33, 0x33, 0x33, 0x33, 0x33, 0x33, 0x33, 0x33, 0x33, 
        0x33, 0x33, 0x33, 0x33, 0x33, 0x33, 0x33, 0x33, 0x33, 0x33, 0x33, 0x33, 0x33, 0x33, 0x33, 0x33, 
        0x33, 0x33, 0x33, 0x33, 0x33, 0x33, 0x33, 0x33, 0x33, 0x33, 0x33, 0x33, 0x33, 0x33, 0x33, 0x33, 
        0x33, 0x33, 0x33, 0x33, 0x33, 0x33, 0x33, 0x33, 0x33, 0x33, 0x33, 0x33, 0x33, 0x33, 0x33, 0x33, 
        0xFF, 0xD8, 0xFF, 0xE0, 0x00, 0x10, 0x4A, 0x46, 0x49, 0x46, 0x00, 0x01, 0x01, 0x00, 0x00, 0x01, 
        0x00, 0x01, 0x00, 0x00, 0xFF, 0xDB, 0x00, 0x43, 0x00, 0x03, 0x02, 0x02, 0x03, 0x02, 0x02, 0x03, 
        0x03, 0x03, 0x03, 0x04, 0x03, 0x03, 0x04, 0x05, 0x08, 0x05, 0x05, 0x04, 0x04, 0x05, 0x0A, 0x07, 
        0x07, 0x06, 0x08, 0x0C, 0x0A, 0x0C, 0x0C, 0x0B, 0x0A, 0x0B, 0x0B, 0x0D, 0x0E, 0x12, 0x10, 0x0D, 
        0x0E, 0x11, 0x0E, 0x0B, 0x0B, 0x10, 0x16, 0x10, 0x11, 0x13, 0x14, 0x15, 0x15, 0x15, 0x0C, 0x0F, 
        0x17, 0x18, 0x16, 0x14, 0x18, 0x12, 0x14, 0x15, 0x14, 0xFF, 0xDB, 0x00, 0x43, 0x01, 0x03, 0x04, 
        0x04, 0x05, 0x04, 0x05, 0x09, 0x05, 0x05, 0x09, 0x14, 0x0D, 0x0B, 0x0D, 0x14, 0x14, 0x14, 0x14, 
        0x14, 0x14, 0x14, 0x14, 0x14, 0x14, 0x14, 0x14, 0x14, 0x14, 0x14, 0x14, 0x14, 0x14, 0x14, 0x14, 
        0x14, 0x14, 0x14, 0x14, 0x14, 0x14, 0x14, 0x14, 0x14, 0x14, 0x14, 0x14, 0x14, 0x14, 0x14, 0x14, 
        0x14, 0x14, 0x14, 0x14, 0x14, 0x14, 0x14, 0x14, 0x14, 0x14, 0x14, 0x14, 0x14, 0x14, 0xFF, 0xC0, 
        0x00, 0x11, 0x08, 0x00, 0x40, 0x00, 0x40, 0x03, 0x01, 0x22, 0x00, 0x02, 0x11, 0x01, 0x03, 0x11, 
        0x01, 0xFF, 0xC4, 0x00, 0x1F, 0x00, 0x00, 0x01, 0x05, 0x01, 0x01, 0x01, 0x01, 0x01, 0x01, 0x00, 
        0x00, 0x00, 0x00, 0x00, 0x00, 0x00, 0x00, 0x01, 0x02, 0x03, 0x04, 0x05, 0x06, 0x07, 0x08, 0x09, 
        0x0A, 0x0B, 0xFF, 0xC4, 0x00, 0xB5, 0x10, 0x00, 0x02, 0x01, 0x03, 0x03, 0x02, 0x04, 0x03, 0x05, 
        0x05, 0x04, 0x04, 0x00, 0x00, 0x01, 0x7D, 0x01, 0x02, 0x03, 0x00, 0x04, 0x11, 0x05, 0x12, 0x21, 
        0x31, 0x41, 0x06, 0x13, 0x51, 0x61, 0x07, 0x22, 0x71, 0x14, 0x32, 0x81, 0x91, 0xA1, 0x08, 0x23, 
        0x42, 0xB1, 0xC1, 0x15, 0x52, 0xD1, 0xF0, 0x24, 0x33, 0x62, 0x72, 0x82, 0x09, 0x0A, 0x16, 0x17, 
        0x18, 0x19, 0x1A, 0x25, 0x26, 0x27, 0x28, 0x29, 0x2A, 0x34, 0x35, 0x36, 0x37, 0x38, 0x39, 0x3A, 
        0x43, 0x44, 0x45, 0x46, 0x47, 0x48, 0x49, 0x4A, 0x53, 0x54, 0x55, 0x56, 0x57, 0x58, 0x59, 0x5A, 
        0x63, 0x64, 0x65, 0x66, 0x67, 0x68, 0x69, 0x6A, 0x73, 0x74, 0x75, 0x76, 0x77, 0x78, 0x79, 0x7A, 
        0x83, 0x84, 0x85, 0x86, 0x87, 0x88, 0x89, 0x8A, 0x92, 0x93, 0x94, 0x95, 0x96, 0x97, 0x98, 0x99, 
        0x9A, 0xA2, 0xA3, 0xA4, 0xA5, 0xA6, 0xA7, 0xA8, 0xA9, 0xAA, 0xB2, 0xB3, 0xB4, 0xB5, 0xB6, 0xB7, 
        0xB8, 0xB9, 0xBA, 0xC2, 0xC3, 0xC4, 0xC5, 0xC6, 0xC7, 0xC8, 0xC9, 0xCA, 0xD2, 0xD3, 0xD4, 0xD5, 
        0xD6, 0xD7, 0xD8, 0xD9, 0xDA, 0xE1, 0xE2, 0xE3, 0xE4, 0xE5, 0xE6, 0xE7, 0xE8, 0xE9, 0xEA, 0xF1, 
        0xF2, 0xF3, 0xF4, 0xF5, 0xF6, 0xF7, 0xF8, 0xF9, 0xFA, 0xFF, 0xC4, 0x00, 0x1F, 0x01, 0x00, 0x03, 
        0x01, 0x01, 0x01, 0x01, 0x01, 0x01, 0x01, 0x01, 0x01, 0x00, 0x00, 0x00, 0x00, 0x00, 0x00, 0x01, 
        0x02, 0x03, 0x04, 0x05, 0x06, 0x07, 0x08, 0x09, 0x0A, 0x0B, 0xFF, 0xC4, 0x00, 0xB5, 0x11, 0x00, 
        0x02, 0x01, 0x02, 0x04, 0x04, 0x03, 0x04, 0x07, 0x05, 0x04, 0x04, 0x00, 0x01, 0x02, 0x77, 0x00, 
        0x01, 0x02, 0x03, 0x11, 0x04, 0x05, 0x21, 0x31, 0x06, 0x12, 0x41, 0x51, 0x07, 0x61, 0x71, 0x13, 
        0x22, 0x32, 0x81, 0x08, 0x14, 0x42, 0x91, 0xA1, 0xB1, 0xC1, 0x09, 0x23, 0x33, 0x52, 0xF0, 0x15, 
        0x62, 0x72, 0xD1, 0x0A, 0x16, 0x24, 0x34, 0xE1, 0x25, 0xF1, 0x17, 0x18, 0x19, 0x1A, 0x26, 0x27, 
        0x28, 0x29, 0x2A, 0x35, 0x36, 0x37, 0x38, 0x39, 0x3A, 0x43, 0x44, 0x45, 0x46, 0x47, 0x48, 0x49, 
        0x4A, 0x53, 0x54, 0x55, 0x56, 0x57, 0x58, 0x59, 0x5A, 0x63, 0x64, 0x65, 0x66, 0x67, 0x68, 0x69, 
        0x6A, 0x73, 0x74, 0x75, 0x76, 0x77, 0x78, 0x79, 0x7A, 0x82, 0x83, 0x84, 0x85, 0x86, 0x87, 0x88, 
        0x89, 0x8A, 0x92, 0x93, 0x94, 0x95, 0x96, 0x97, 0x98, 0x99, 0x9A, 0xA2, 0xA3, 0xA4, 0xA5, 0xA6, 
        0xA7, 0xA8, 0xA9, 0xAA, 0xB2, 0xB3, 0xB4, 0xB5, 0xB6, 0xB7, 0xB8, 0xB9, 0xBA, 0xC2, 0xC3, 0xC4, 
        0xC5, 0xC6, 0xC7, 0xC8, 0xC9, 0xCA, 0xD2, 0xD3, 0xD4, 0xD5, 0xD6, 0xD7, 0xD8, 0xD9, 0xDA, 0xE2, 
        0xE3, 0xE4, 0xE5, 0xE6, 0xE7, 0xE8, 0xE9, 0xEA, 0xF2, 0xF3, 0xF4, 0xF5, 0xF6, 0xF7, 0xF8, 0xF9, 
        0xFA, 0xFF, 0xDA, 0x00, 0x0C, 0x03, 0x01, 0x00, 0x02, 0x11, 0x03, 0x11, 0x00, 0x3F, 0x00, 0xFC, 
        0xAA, 0xAF, 0x51, 0xF8, 0x15, 0xFB, 0x39, 0x78, 0xC3, 0xF6, 0x80, 0xD6, 0x65, 0xB6, 0xF0, 0xFD, 
        0xAA, 0x5B, 0xE9, 0x96, 0xA4, 0x7D, 0xBB, 0x59, 0xBD, 0x25, 0x2D, 0x6D, 0x47, 0x5E, 0x5B, 0xF8, 
        0x9B, 0x1C, 0x85, 0x5C, 0x9F, 0xA0, 0xE6, 0x9B, 0xFB, 0x3A, 0xFC, 0x0D, 0xD4, 0xBE, 0x3F, 0xFC, 
        0x49, 0xB2, 0xF0, 0xE5, 0x9B, 0x3D, 0xB5, 0x82, 0x8F, 0x3F, 0x51, 0xBD, 0x55, 0xCF, 0xD9, 0xE0, 
        0x04, 0x03, 0x8F, 0x57, 0x62, 0x42, 0xA8, 0xF5, 0x39, 0x3C, 0x02, 0x47, 0xEA, 0x57, 0xC5, 0x3B, 
        0xFF, 0x00, 0x08, 0x7E, 0xCA, 0x3F, 0x0B, 0x34, 0x2F, 0x07, 0x68, 0x1A, 0x5C, 0x57, 0x5A, 0xDD, 
        0xE4, 0x7E, 0x5E, 0x95, 0xE1, 0xEB, 0x63, 0xF7, 0xCF, 0xF1, 0x4F, 0x39, 0xEA, 0x57, 0x39, 0x25, 
        0x8F, 0x2E, 0xD9, 0xEC, 0x09, 0x13, 0x29, 0x28, 0x2E, 0x69, 0x1B, 0xD0, 0xA1, 0x53, 0x13, 0x51, 
        0x52, 0xA4, 0xAE, 0xDF, 0xF5, 0xF2, 0x4B, 0xAB, 0xE8, 0x7C, 0xC7, 0x6D, 0xF0, 0x6B, 0xE0, 0xBF, 
        0xEC, 0xFF, 0x00, 0x68, 0x86, 0x6D, 0x02, 0x4F, 0x8A, 0x1E, 0x20, 0x8C, 0x62, 0x4D, 0x4B, 0x5E, 
        0x93, 0xEC, 0xDA, 0x62, 0x3F, 0x7D, 0x90, 0x0F, 0xBE, 0x3F, 0xDE, 0xDD, 0xF5, 0xAB, 0x51, 0xFE, 
        0xD6, 0xDA, 0x96, 0x8A, 0xDE, 0x47, 0x87, 0x6C, 0x3C, 0x37, 0xE1, 0xFB, 0x71, 0xC2, 0xDB, 0xE8, 
        0xBA, 0x0C, 0x60, 0x28, 0xF4, 0x0C, 0x47, 0x35, 0xC7, 0x6A, 0xB1, 0xBE, 0xB3, 0xAA, 0xC9, 0xA9, 
        0x78, 0x8A, 0xE1, 0x7C, 0x41, 0xAB, 0xB3, 0x64, 0xA6, 0x4A, 0xD9, 0x5B, 0xFF, 0x00, 0xB0, 0x88, 
        0x31, 0xBF, 0x1D, 0x33, 0xC0, 0xFA, 0xF5, 0xA9, 0x63, 0xD4, 0xAE, 0x60, 0x8C, 0x24, 0x12, 0x0B, 
        0x58, 0xC0, 0xC0, 0x8E, 0xD9, 0x16, 0x25, 0x03, 0xE8, 0xA0, 0x56, 0x37, 0xAB, 0x3D, 0x55, 0xA2, 
        0xBC, 0xF5, 0x7F, 0xA1, 0xE9, 0x38, 0xE5, 0xF8, 0x7F, 0x76, 0x6E, 0x55, 0x65, 0xFD, 0xD6, 0xA3, 
        0x1F, 0x93, 0x6A, 0x4D, 0xFA, 0xD9, 0x1D, 0x64, 0x9F, 0xB5, 0xBE, 0xA5, 0xAD, 0x37, 0x91, 0xE2, 
        0x2B, 0x0F, 0x0D, 0x78, 0x82, 0xDC, 0xF0, 0xD6, 0xFA, 0xD6, 0x83, 0x19, 0x0C, 0x3D, 0x0B, 0x01, 
        0xC5, 0x64, 0x6A, 0xBF, 0x0C, 0xBE, 0x06, 0xFC, 0x70, 0x85, 0x83, 0xE8, 0x92, 0x7C, 0x29, 0xD7, 
        0xA5, 0x18, 0x8F, 0x55, 0xD0, 0xA4, 0x37, 0x3A, 0x53, 0x3F, 0x6F, 0x32, 0x13, 0xF7, 0x17, 0xFD, 
        0xDD, 0xBF, 0x5A, 0xE9, 0x3C, 0x13, 0xA6, 0xAF, 0x89, 0x15, 0x6D, 0xF5, 0x08, 0x93, 0x50, 0x85, 
        0xF8, 0x64, 0xB9, 0x41, 0x20, 0x23, 0xF1, 0xAE, 0x9F, 0xC4, 0x3F, 0xB2, 0x45, 0xFB, 0x59, 0xBE, 
        0xBF, 0xF0, 0xEA, 0x56, 0xB5, 0xD5, 0x22, 0x1E, 0x63, 0xE8, 0xF2, 0x1D, 0xD1, 0x5C, 0x01, 0xD4, 
        0x26, 0x7B, 0xFB, 0x1F, 0xC3, 0x14, 0x5E, 0xAC, 0x35, 0x76, 0x92, 0xF2, 0xD1, 0xFE, 0xA0, 0xA3, 
        0x97, 0xE2, 0x3D, 0xD8, 0x39, 0x52, 0x97, 0xF7, 0x9A, 0x94, 0x7E, 0x6D, 0x24, 0xD7, 0xAD, 0xA5, 
        0xE6, 0x7C, 0x29, 0xF1, 0xCF, 0xF6, 0x74, 0xF1, 0x77, 0xC0, 0x2D, 0x5A, 0x08, 0x75, 0xEB, 0x78, 
        0xAE, 0xF4, 0x9B, 0xCC, 0x9D, 0x3F, 0x5B, 0xB0, 0x6F, 0x32, 0xCE, 0xF1, 0x7A, 0x8D, 0xAF, 0xD9, 
        0xB1, 0xCE, 0xD3, 0xCF, 0xD4, 0x73, 0x5E, 0x5F, 0x5F, 0xA9, 0x7F, 0x07, 0x75, 0x4D, 0x1F, 0xE3, 
        0x1F, 0x83, 0x35, 0xBF, 0x01, 0x78, 0x9F, 0x4C, 0xF3, 0x6D, 0xD4, 0x18, 0xB5, 0x3F, 0x0F, 0xDD, 
        0x02, 0x1E, 0xD5, 0xF3, 0x81, 0x3C, 0x19, 0xE5, 0x30, 0xDE, 0x9C, 0xA9, 0xC7, 0xB1, 0x3F, 0x01, 
        0x7E, 0xD1, 0x3F, 0x03, 0xB5, 0x1F, 0x80, 0x5F, 0x12, 0x2F, 0x3C, 0x3D, 0x74, 0xED, 0x77, 0xA7, 
        0x48, 0x3E, 0xD1, 0xA6, 0xDF, 0x91, 0x81, 0x73, 0x6E, 0x49, 0xC1, 0x3E, 0x8E, 0xA4, 0x15, 0x61, 
        0xEA, 0x32, 0x38, 0x20, 0x9D, 0xA3, 0x25, 0x35, 0xCD, 0x13, 0xCD, 0xAF, 0x42, 0xA6, 0x1A, 0xA3, 
        0xA5, 0x55, 0x59, 0xAF, 0xEA, 0xEB, 0xBA, 0x7D, 0x1F, 0x53, 0xEE, 0x7F, 0xD8, 0x8F, 0x47, 0xD2, 
        0xBE, 0x05, 0x7C, 0x10, 0xB7, 0xF1, 0x46, 0xA8, 0xAB, 0x16, 0xA1, 0xAE, 0x23, 0xEB, 0x17, 0x32, 
        0x11, 0xF3, 0x0B, 0x64, 0x04, 0x42, 0xBF, 0x4D, 0xB9, 0x61, 0xEF, 0x29, 0xAC, 0x6D, 0x1E, 0x1D, 
        0x6F, 0xE2, 0xE5, 0xF6, 0xB5, 0xF1, 0x2B, 0x5D, 0xDE, 0xDA, 0x86, 0xB9, 0x23, 0x45, 0x68, 0x87, 
        0x91, 0x6B, 0x66, 0xA7, 0x6A, 0xC6, 0x9E, 0x83, 0x03, 0x1C, 0x75, 0x03, 0xFD, 0xA3, 0x58, 0x7F, 
        0xB4, 0x0E, 0xBD, 0x27, 0x87, 0xB4, 0x54, 0xF0, 0xC5, 0xA1, 0xF2, 0xED, 0xEC, 0xF4, 0xBB, 0x2D, 
        0x3D, 0x15, 0x78, 0x01, 0x42, 0x0C, 0x8F, 0xC8, 0x62, 0xBE, 0xC8, 0xF0, 0x37, 0xC2, 0x78, 0x6C, 
        0x3E, 0x1C, 0xF8, 0x66, 0xCA, 0x38, 0x40, 0x58, 0xF4, 0xD8, 0x3A, 0x0E, 0xA4, 0xA0, 0x24, 0xFE, 
        0xB5, 0x8B, 0xF7, 0xEA, 0xD9, 0xED, 0x15, 0x7F, 0x9B, 0xFF, 0x00, 0x86, 0x3D, 0x28, 0xBF, 0xAB, 
        0xE5, 0xEE, 0x71, 0xF8, 0xAA, 0xC9, 0xC7, 0xFE, 0xDD, 0x8A, 0x4D, 0xAF, 0x9B, 0x6A, 0xFE, 0x96, 
        0x3E, 0x28, 0xF1, 0x17, 0x86, 0xE6, 0xD3, 0x24, 0x66, 0x11, 0x9D, 0xA3, 0xDA, 0xB0, 0x0F, 0x4A, 
        0xFB, 0x77, 0xC5, 0x1F, 0x02, 0x4E, 0xA7, 0x13, 0x84, 0x87, 0x24, 0xF4, 0xE2, 0xBE, 0x6F, 0xF8, 
        0x9F, 0xF0, 0x3B, 0xC4, 0x1E, 0x09, 0x49, 0xF5, 0x04, 0xD3, 0xAE, 0x27, 0xD3, 0x90, 0x16, 0x91, 
        0xE2, 0x8C, 0xB7, 0x96, 0x3D, 0x48, 0x1D, 0xAB, 0xA0, 0xF1, 0x8E, 0xC7, 0xF6, 0x7F, 0xF0, 0xC3, 
        0xEA, 0xED, 0x13, 0x84, 0xDC, 0x38, 0xED, 0x5F, 0x68, 0x78, 0x63, 0xC3, 0xA9, 0xA5, 0xDA, 0xC6, 
        0x58, 0x61, 0x80, 0xCD, 0x79, 0xAF, 0xEC, 0xED, 0xF0, 0xFE, 0x2F, 0x03, 0x7C, 0x3E, 0xD2, 0x6F, 
        0xB5, 0x65, 0x10, 0x5F, 0xDE, 0x5B, 0xA5, 0xC0, 0x81, 0xF8, 0x64, 0x56, 0x19, 0x5C, 0x8E, 0xD9, 
        0x04, 0x1A, 0xF4, 0xDB, 0xAF, 0x13, 0x41, 0xC8, 0x47, 0x18, 0xA0, 0x0F, 0x99, 0x3F, 0x6C, 0x0F, 
        0x05, 0x49, 0xF0, 0xCB, 0xC5, 0x3A, 0x1F, 0xC7, 0x1F, 0x0A, 0x5B, 0xAC, 0x57, 0xD6, 0x17, 0x29, 
        0x6F, 0xAE, 0xDA, 0xC4, 0x30, 0x97, 0x51, 0x31, 0xC6, 0xE6, 0x03, 0xFB, 0xC3, 0x2A, 0x7D, 0xF0, 
        0x7B, 0x57, 0x25, 0xFF, 0x00, 0x05, 0x09, 0xF8, 0x5F, 0xA6, 0xFC, 0x4C, 0xFD, 0x9F, 0x74, 0xEF, 
        0x1B, 0x68, 0xC8, 0x27, 0xFB, 0x14, 0x09, 0xAC, 0x58, 0xCE, 0xA3, 0x93, 0x03, 0xAA, 0xF9, 0xC9, 
        0x9F, 0x42, 0x84, 0x39, 0xF7, 0x84, 0x57, 0xD1, 0x7F, 0x16, 0xD6, 0xDB, 0xC6, 0x1F, 0x0C, 0xBC, 
        0x57, 0xA3, 0xDC, 0x01, 0x24, 0x57, 0x7A, 0x74, 0xCB, 0x83, 0xD9, 0x82, 0xE5, 0x4F, 0xD4, 0x11, 
        0x5F, 0x37, 0x7C, 0x17, 0xF8, 0x89, 0x1F, 0x8F, 0x3F, 0x66, 0x3B, 0x1F, 0x02, 0xEA, 0x0D, 0xE6, 
        0x4D, 0x14, 0x17, 0x76, 0x00, 0x3F, 0x24, 0xC7, 0x87, 0x00, 0x7D, 0x36, 0xBE, 0x3F, 0x0A, 0xE7, 
        0x5E, 0xE5, 0x5B, 0x2D, 0xA4, 0xAF, 0xF3, 0x47, 0xB3, 0x26, 0xF1, 0x19, 0x7A, 0x9C, 0xB7, 0xA5, 
        0x25, 0x1F, 0xFB, 0x76, 0x49, 0xB4, 0xBE, 0x4D, 0x3B, 0x7A, 0x9E, 0x6B, 0xF1, 0x9F, 0xC2, 0x92, 
        0xF8, 0xD7, 0xE1, 0xF4, 0xFE, 0x33, 0xB2, 0x53, 0x2C, 0x4F, 0x63, 0x69, 0x76, 0x59, 0x06, 0x7E, 
        0x5D, 0xAB, 0x93, 0xF9, 0x1C, 0xD7, 0xE8, 0x17, 0xC1, 0xEF, 0x12, 0xDA, 0x78, 0xAB, 0xE1, 0x1F, 
        0x83, 0x75, 0x78, 0x59, 0x5D, 0x2E, 0x74, 0xA8, 0x32, 0x47, 0x66, 0x55, 0xDA, 0xC3, 0xF3, 0x15, 
        0xF1, 0x4F, 0xFC, 0x13, 0xAF, 0xC7, 0xBA, 0x27, 0xC4, 0xFF, 0x00, 0x87, 0xB7, 0x3F, 0x0F, 0xBC, 
        0x46, 0xCB, 0x26, 0xEB, 0x67, 0xD2, 0x9D, 0x58, 0xF2, 0x54, 0xAB, 0x79, 0x5F, 0xF7, 0xD4, 0x65, 
        0x94, 0x7B, 0xC5, 0x5E, 0x87, 0xFB, 0x37, 0xF8, 0xB2, 0xFF, 0x00, 0xE0, 0xD7, 0x89, 0x3C, 0x41, 
        0xF0, 0x43, 0xC5, 0x73, 0x18, 0xEF, 0xB4, 0xBB, 0x97, 0xB8, 0xD1, 0x6E, 0x64, 0x38, 0x4B, 0xBB, 
        0x77, 0xE4, 0x6C, 0x3F, 0xED, 0x0C, 0x30, 0xF7, 0xC8, 0xEC, 0x68, 0x7E, 0xE5, 0x5B, 0xBD, 0xA4, 
        0xAD, 0xF3, 0x5F, 0xF0, 0xE2, 0x8A, 0xFA, 0xC6, 0x5E, 0xE1, 0x1F, 0x8A, 0x94, 0x9C, 0xBF, 0xED, 
        0xD9, 0x24, 0x9B, 0xF9, 0x34, 0xAF, 0xEA, 0x7D, 0x6D, 0x77, 0xAD, 0x41, 0x68, 0xA5, 0x8E, 0xDE, 
        0x2B, 0xC7, 0x3E, 0x31, 0x7C, 0x69, 0xBA, 0xD1, 0x34, 0x0B, 0xD8, 0x34, 0xC9, 0xBE, 0xCF, 0x3C, 
        0x91, 0xB2, 0x79, 0x89, 0xD4, 0x64, 0x63, 0x8A, 0x7F, 0x8A, 0x7C, 0x54, 0xC9, 0x1B, 0x80, 0xF8, 
        0x35, 0xF3, 0x9F, 0xC4, 0xBD, 0x6D, 0xEF, 0x7C, 0xC0, 0x58, 0x9C, 0xE6, 0xBA, 0x0F, 0x1C, 0xC4, 
        0xF8, 0x79, 0xF1, 0x73, 0x58, 0xD2, 0xA3, 0x5B, 0x1B, 0xAD, 0x42, 0x7B, 0x98, 0xE3, 0x3B, 0x55, 
        0xA7, 0x90, 0xBB, 0x63, 0xD3, 0x27, 0x9A, 0xF6, 0x4D, 0x27, 0xE2, 0x53, 0x5D, 0xA2, 0x96, 0x93, 
        0x93, 0xEF, 0x5F, 0x27, 0x2C, 0xA6, 0xDE, 0xF0, 0xB0, 0xE3, 0x9A, 0xED, 0xB4, 0x0D, 0x7D, 0xE3, 
        0x0B, 0x96, 0x34, 0x01, 0xF4, 0x1F, 0x8B, 0x3C, 0x7D, 0x1E, 0x9D, 0xE0, 0xBD, 0x76, 0xF2, 0x59, 
        0x40, 0x48, 0xAC, 0x65, 0x62, 0x49, 0xFF, 0x00, 0x64, 0xD7, 0xCB, 0xFF, 0x00, 0x04, 0x2C, 0x2F, 
        0xBC, 0x29, 0xA0, 0x9F, 0x11, 0xDD, 0xEE, 0x8A, 0xC2, 0x0D, 0x3A, 0xF2, 0xF8, 0x96, 0xE0, 0x11, 
        0xB0, 0xE0, 0xFE, 0x99, 0xAE, 0xB7, 0x5B, 0x87, 0x55, 0xF8, 0xB3, 0xAE, 0x68, 0x7F, 0x0C, 0xB4, 
        0x16, 0x63, 0xA8, 0xEB, 0x92, 0xA3, 0xDE, 0xCA, 0x39, 0x5B, 0x4B, 0x35, 0x3B, 0x9E, 0x47, 0xF4, 
        0x18, 0x19, 0xF7, 0xC6, 0x3F, 0x88, 0x55, 0x9F, 0xF8, 0x28, 0x2F, 0x8A, 0xB4, 0x1F, 0x84, 0x7E, 
        0x04, 0x1E, 0x04, 0xF0, 0xD9, 0x44, 0x92, 0x4B, 0x74, 0xD2, 0x80, 0x53, 0xC8, 0x40, 0xA0, 0xCB, 
        0xF9, 0x26, 0x14, 0xFB, 0xCB, 0x5C, 0xEB, 0xDF, 0xAB, 0x75, 0xB4, 0x55, 0xBE, 0x6F, 0xFE, 0x18, 
        0xF6, 0x65, 0xFE, 0xCF, 0x97, 0xA8, 0x4B, 0xE2, 0xAB, 0x25, 0x2F, 0xFB, 0x76, 0x29, 0xA4, 0xFE, 
        0x6D, 0xBB, 0x7A, 0x1F, 0x05, 0xFC, 0x1E, 0xF8, 0xA5, 0xA8, 0x7C, 0x23, 0xF1, 0xAD, 0xA6, 0xB9, 
        0x64, 0xD2, 0x18, 0x81, 0x09, 0x73, 0x0C, 0x6D, 0xB4, 0xBA, 0x64, 0x1C, 0xA9, 0xEC, 0xCA, 0x40, 
        0x65, 0x3E, 0xA3, 0xD0, 0x9A, 0xFD, 0x24, 0xF1, 0x4E, 0xBD, 0xE1, 0xBF, 0xDA, 0xD7, 0xC0, 0x5A, 
        0x36, 0xBD, 0x65, 0xA9, 0xC7, 0xA6, 0xF8, 0xD7, 0x4D, 0x4F, 0x32, 0xC3, 0x59, 0xB7, 0xF9, 0x4B, 
        0x63, 0x92, 0xAC, 0x07, 0x38, 0xCF, 0x55, 0xEA, 0x8D, 0x9C, 0x70, 0x48, 0xAF, 0xCA, 0x4A, 0xEC, 
        0xBE, 0x1B, 0x7C, 0x57, 0xD7, 0xFE, 0x17, 0x6A, 0x46, 0xE3, 0x48, 0xB8, 0xCD, 0xBC, 0x8C, 0x0C, 
        0xD6, 0x72, 0xE4, 0xC5, 0x26, 0x3B, 0xE3, 0xF8, 0x5B, 0xFD, 0xA1, 0xCF, 0xD4, 0x71, 0x5B, 0x4A, 
        0x2A, 0x6B, 0x96, 0x47, 0x9B, 0x42, 0xBD, 0x4C, 0x35, 0x45, 0x56, 0x93, 0xB3, 0x5F, 0xD7, 0xCD, 
        0x3E, 0xAB, 0xA9, 0xF7, 0xAD, 0xAF, 0xC7, 0x6D, 0x47, 0x48, 0x90, 0x68, 0x3F, 0x10, 0xAD, 0x5B, 
        0x4B, 0xD5, 0x63, 0xF9, 0x13, 0x53, 0x40, 0x5A, 0xDE, 0xE4, 0x0F, 0xE2, 0xC8, 0xFE, 0x7F, 0x9E, 
        0x2A, 0x96, 0xB9, 0xA8, 0x47, 0xAD, 0xC4, 0x66, 0xB1, 0x9E, 0x2B, 0xE8, 0x9B, 0x90, 0xF6, 0xF2, 
        0x07, 0x07, 0xF2, 0x35, 0xE5, 0x5A, 0x6F, 0xED, 0x17, 0xE1, 0x1F, 0x89, 0x5A, 0x7A, 0xDA, 0xEB, 
        0x17, 0x23, 0x44, 0xBD, 0x61, 0xF3, 0x43, 0xA9, 0x26, 0xF8, 0x09, 0xF6, 0x90, 0x0C, 0x7E, 0x27, 
        0x6D, 0x3E, 0x3F, 0x87, 0x5A, 0x5E, 0xAA, 0xFE, 0x76, 0x9B, 0x71, 0x63, 0x74, 0xA7, 0x90, 0xF6, 
        0x17, 0xC0, 0x8C, 0x7B, 0x00, 0x6B, 0x1B, 0x55, 0x86, 0x8A, 0xD2, 0x5E, 0x7A, 0x33, 0xD2, 0x72, 
        0xCB, 0xF1, 0x1E, 0xF4, 0xD4, 0xA9, 0x4B, 0xFB, 0xA9, 0x4A, 0x3F, 0x24, 0xDC, 0x5A, 0xF4, 0xBB, 
        0xF2, 0x36, 0x6F, 0x74, 0xFB, 0x88, 0x59, 0xA5, 0x95, 0x16, 0xDA, 0x21, 0xC9, 0x92, 0xE1, 0xD6, 
        0x25, 0x1F, 0x8B, 0x11, 0x4E, 0xD0, 0x6F, 0x2E, 0xF5, 0xCD, 0x45, 0x74, 0xBF, 0x0A, 0xDA, 0xFF, 
        0x00, 0xC2, 0x41, 0xAB, 0x13, 0x83, 0x30, 0x05, 0x6C, 0xAD, 0x7F, 0xDA, 0x77, 0x38, 0xDD, 0x8F, 
        0x4E, 0x07, 0xD7, 0xA5, 0x65, 0x45, 0xF0, 0xF7, 0x47, 0xD1, 0xE6, 0xF3, 0xF5, 0x79, 0xAC, 0xA0, 
        0x8D, 0x79, 0x2D, 0x7D, 0x7C, 0x31, 0xF8, 0x82, 0x6A, 0x7D, 0x63, 0xF6, 0xA4, 0xF0, 0xA7, 0xC3, 
        0x6D, 0x31, 0xAC, 0x7C, 0x3F, 0x2A, 0x6A, 0x77, 0x4A, 0x30, 0xB1, 0x69, 0x88, 0x12, 0x10, 0x7D, 
        0xE4, 0xC6, 0x3F, 0x11, 0xB8, 0xD1, 0x6A, 0xB3, 0xD1, 0xDA, 0x2B, 0xCB, 0x57, 0xFA, 0x02, 0x96, 
        0x5F, 0x87, 0xF7, 0xA0, 0xA5, 0x56, 0x5F, 0xDE, 0x4A, 0x31, 0xF9, 0xA4, 0xDB, 0x7E, 0x97, 0x5E, 
        0x67, 0xD2, 0x7E, 0x1E, 0xD6, 0x7C, 0x31, 0xFB, 0x1E, 0xF8, 0x03, 0x58, 0xD6, 0xAF, 0x75, 0x38, 
        0xB5, 0x4F, 0x1D, 0xEA, 0x51, 0xEF, 0xBF, 0xD5, 0xE6, 0x19, 0xF2, 0xF3, 0xD1, 0x10, 0x75, 0xDA, 
        0x0F, 0xDD, 0x4E, 0xAE, 0xD8, 0xE0, 0x00, 0x05, 0x7E, 0x67, 0x7C, 0x61, 0xF8, 0xA5, 0xA8, 0x7C, 
        0x5D, 0xF1, 0xAD, 0xDE, 0xB9, 0x7A, 0xD2, 0x08, 0x89, 0x29, 0x6F, 0x0C, 0x8D, 0xB8, 0xA2, 0x64, 
        0x9C, 0xB1, 0xEE, 0xCC, 0x49, 0x66, 0x3E, 0xA7, 0xD0, 0x0A, 0x8B, 0xE2, 0x4F, 0xC5, 0x8F, 0x10, 
        0x7C, 0x52, 0xD4, 0xFE, 0xD3, 0xAC, 0x5C, 0xFE, 0xE1, 0x18, 0xB4, 0x36, 0x91, 0x12, 0x23, 0x8F, 
        0x3D, 0xF9, 0xE5, 0x9B, 0xFD, 0xA3, 0xCF, 0xD0, 0x71, 0x5C, 0x6D, 0x6D, 0x18, 0xA8, 0x2E, 0x58, 
        0x9E, 0x6D, 0x7A, 0xF5, 0x31, 0x35, 0x1D, 0x5A, 0xAE, 0xED, 0xFF, 0x00, 0x5F, 0x24, 0xBA, 0x2E, 
        0x87, 0xFF, 0xD9, 0x33, 0x33, 0x33, 0x33, 0x33, 0x33, 0x33, 0x33, 0x33, 0x33, 0x33, 0x33, 0x33, 
        0x33, 0x33, 0x33, 0x33, 0x33, 0x33, 0x33, 0x33, 0x33, 0x33, 0x33, 0x33, 0x33, 0x33, 0x33, 0x33, 
        0xFF, 0xD8, 0xFF, 0xE0, 0x00, 0x10, 0x4A, 0x46, 0x49, 0x46, 0x00, 0x01, 0x01, 0x00, 0x00, 0x01, 
        0x00, 0x01, 0x00, 0x00, 0xFF, 0xDB, 0x00, 0x43, 0x00, 0x03, 0x02, 0x02, 0x03, 0x02, 0x02, 0x03, 
        0x03, 0x03, 0x03, 0x04, 0x03, 0x03, 0x04, 0x05, 0x08, 0x05, 0x05, 0x04, 0x04, 0x05, 0x0A, 0x07, 
        0x07, 0x06, 0x08, 0x0C, 0x0A, 0x0C, 0x0C, 0x0B, 0x0A, 0x0B, 0x0B, 0x0D, 0x0E, 0x12, 0x10, 0x0D, 
        0x0E, 0x11, 0x0E, 0x0B, 0x0B, 0x10, 0x16, 0x10, 0x11, 0x13, 0x14, 0x15, 0x15, 0x15, 0x0C, 0x0F, 
        0x17, 0x18, 0x16, 0x14, 0x18, 0x12, 0x14, 0x15, 0x14, 0xFF, 0xDB, 0x00, 0x43, 0x01, 0x03, 0x04, 
        0x04, 0x05, 0x04, 0x05, 0x09, 0x05, 0x05, 0x09, 0x14, 0x0D, 0x0B, 0x0D, 0x14, 0x14, 0x14, 0x14, 
        0x14, 0x14, 0x14, 0x14, 0x14, 0x14, 0x14, 0x14, 0x14, 0x14, 0x14, 0x14, 0x14, 0x14, 0x14, 0x14, 
        0x14, 0x14, 0x14, 0x14, 0x14, 0x14, 0x14, 0x14, 0x14, 0x14, 0x14, 0x14, 0x14, 0x14, 0x14, 0x14, 
        0x14, 0x14, 0x14, 0x14, 0x14, 0x14, 0x14, 0x14, 0x14, 0x14, 0x14, 0x14, 0x14, 0x14, 0xFF, 0xC0, 
        0x00, 0x11, 0x08, 0x00, 0x40, 0x00, 0x40, 0x03, 0x01, 0x22, 0x00, 0x02, 0x11, 0x01, 0x03, 0x11, 
        0x01, 0xFF, 0xC4, 0x00, 0x1F, 0x00, 0x00, 0x01, 0x05, 0x01, 0x01, 0x01, 0x01, 0x01, 0x01, 0x00, 
        0x00, 0x00, 0x00, 0x00, 0x00, 0x00, 0x00, 0x01, 0x02, 0x03, 0x04, 0x05, 0x06, 0x07, 0x08, 0x09, 
        0x0A, 0x0B, 0xFF, 0xC4, 0x00, 0xB5, 0x10, 0x00, 0x02, 0x01, 0x03, 0x03, 0x02, 0x04, 0x03, 0x05, 
        0x05, 0x04, 0x04, 0x00, 0x00, 0x01, 0x7D, 0x01, 0x02, 0x03, 0x00, 0x04, 0x11, 0x05, 0x12, 0x21, 
        0x31, 0x41, 0x06, 0x13, 0x51, 0x61, 0x07, 0x22, 0x71, 0x14, 0x32, 0x81, 0x91, 0xA1, 0x08, 0x23, 
        0x42, 0xB1, 0xC1, 0x15, 0x52, 0xD1, 0xF0, 0x24, 0x33, 0x62, 0x72, 0x82, 0x09, 0x0A, 0x16, 0x17, 
        0x18, 0x19, 0x1A, 0x25, 0x26, 0x27, 0x28, 0x29, 0x2A, 0x34, 0x35, 0x36, 0x37, 0x38, 0x39, 0x3A, 
        0x43, 0x44, 0x45, 0x46, 0x47, 0x48, 0x49, 0x4A, 0x53, 0x54, 0x55, 0x56, 0x57, 0x58, 0x59, 0x5A, 
        0x63, 0x64, 0x65, 0x66, 0x67, 0x68, 0x69, 0x6A, 0x73, 0x74, 0x75, 0x76, 0x77, 0x78, 0x79, 0x7A, 
        0x83, 0x84, 0x85, 0x86, 0x87, 0x88, 0x89, 0x8A, 0x92, 0x93, 0x94, 0x95, 0x96, 0x97, 0x98, 0x99, 
        0x9A, 0xA2, 0xA3, 0xA4, 0xA5, 0xA6, 0xA7, 0xA8, 0xA9, 0xAA, 0xB2, 0xB3, 0xB4, 0xB5, 0xB6, 0xB7, 
        0xB8, 0xB9, 0xBA, 0xC2, 0xC3, 0xC4, 0xC5, 0xC6, 0xC7, 0xC8, 0xC9, 0xCA, 0xD2, 0xD3, 0xD4, 0xD5, 
        0xD6, 0xD7, 0xD8, 0xD9, 0xDA, 0xE1, 0xE2, 0xE3, 0xE4, 0xE5, 0xE6, 0xE7, 0xE8, 0xE9, 0xEA, 0xF1, 
        0xF2, 0xF3, 0xF4, 0xF5, 0xF6, 0xF7, 0xF8, 0xF9, 0xFA, 0xFF, 0xC4, 0x00, 0x1F, 0x01, 0x00, 0x03, 
        0x01, 0x01, 0x01, 0x01, 0x01, 0x01, 0x01, 0x01, 0x01, 0x00, 0x00, 0x00, 0x00, 0x00, 0x00, 0x01, 
        0x02, 0x03, 0x04, 0x05, 0x06, 0x07, 0x08, 0x09, 0x0A, 0x0B, 0xFF, 0xC4, 0x00, 0xB5, 0x11, 0x00, 
        0x02, 0x01, 0x02, 0x04, 0x04, 0x03, 0x04, 0x07, 0x05, 0x04, 0x04, 0x00, 0x01, 0x02, 0x77, 0x00, 
        0x01, 0x02, 0x03, 0x11, 0x04, 0x05, 0x21, 0x31, 0x06, 0x12, 0x41, 0x51, 0x07, 0x61, 0x71, 0x13, 
        0x22, 0x32, 0x81, 0x08, 0x14, 0x42, 0x91, 0xA1, 0xB1, 0xC1, 0x09, 0x23, 0x33, 0x52, 0xF0, 0x15, 
        0x62, 0x72, 0xD1, 0x0A, 0x16, 0x24, 0x34, 0xE1, 0x25, 0xF1, 0x17, 0x18, 0x19, 0x1A, 0x26, 0x27, 
        0x28, 0x29, 0x2A, 0x35, 0x36, 0x37, 0x38, 0x39, 0x3A, 0x43, 0x44, 0x45, 0x46, 0x47, 0x48, 0x49, 
        0x4A, 0x53, 0x54, 0x55, 0x56, 0x57, 0x58, 0x59, 0x5A, 0x63, 0x64, 0x65, 0x66, 0x67, 0x68, 0x69, 
        0x6A, 0x73, 0x74, 0x75, 0x76, 0x77, 0x78, 0x79, 0x7A, 0x82, 0x83, 0x84, 0x85, 0x86, 0x87, 0x88, 
        0x89, 0x8A, 0x92, 0x93, 0x94, 0x95, 0x96, 0x97, 0x98, 0x99, 0x9A, 0xA2, 0xA3, 0xA4, 0xA5, 0xA6, 
        0xA7, 0xA8, 0xA9, 0xAA, 0xB2, 0xB3, 0xB4, 0xB5, 0xB6, 0xB7, 0xB8, 0xB9, 0xBA, 0xC2, 0xC3, 0xC4, 
        0xC5, 0xC6, 0xC7, 0xC8, 0xC9, 0xCA, 0xD2, 0xD3, 0xD4, 0xD5, 0xD6, 0xD7, 0xD8, 0xD9, 0xDA, 0xE2, 
        0xE3, 0xE4, 0xE5, 0xE6, 0xE7, 0xE8, 0xE9, 0xEA, 0xF2, 0xF3, 0xF4, 0xF5, 0xF6, 0xF7, 0xF8, 0xF9, 
        0xFA, 0xFF, 0xDA, 0x00, 0x0C, 0x03, 0x01, 0x00, 0x02, 0x11, 0x03, 0x11, 0x00, 0x3F, 0x00, 0xFC, 
        0xAA, 0xAF, 0x51, 0xF8, 0x15, 0xFB, 0x39, 0x78, 0xC3, 0xF6, 0x80, 0xD6, 0x65, 0xB6, 0xF0, 0xFD, 
        0xAA, 0x5B, 0xE9, 0x96, 0xA4, 0x7D, 0xBB, 0x59, 0xBD, 0x25, 0x2D, 0x6D, 0x47, 0x5E, 0x5B, 0xF8, 
        0x9B, 0x1C, 0x85, 0x5C, 0x9F, 0xA0, 0xE6, 0x9B, 0xFB, 0x3A, 0xFC, 0x0D, 0xD4, 0xBE, 0x3F, 0xFC, 
        0x49, 0xB2, 0xF0, 0xE5, 0x9B, 0x3D, 0xB5, 0x82, 0x8F, 0x3F, 0x51, 0xBD, 0x55, 0xCF, 0xD9, 0xE0, 
        0x04, 0x03, 0x8F, 0x57, 0x62, 0x42, 0xA8, 0xF5, 0x39, 0x3C, 0x02, 0x47, 0xEA, 0xDF, 0x8F, 0x2D, 
        0xBC, 0x25, 0xFB, 0x31, 0xFC, 0x2E, 0xD1, 0xBC, 0x25, 0xA2, 0x69, 0xF1, 0x1B, 0xE9, 0xA2, 0xD9, 
        0x61, 0xA2, 0xC0, 0x7A, 0xFF, 0x00, 0x7A, 0x69, 0x8F, 0x52, 0x33, 0x92, 0x58, 0xF2, 0xCD, 0x9F, 
        0x42, 0x46, 0x55, 0x6A, 0xC2, 0x8C, 0x1C, 0xE6, 0xEC, 0x91, 0xDD, 0x81, 0xC0, 0xE2, 0x33, 0x1C, 
        0x44, 0x70, 0xB8, 0x58, 0xF3, 0x4E, 0x5F, 0x2D, 0xB5, 0x6D, 0xB7, 0xA2, 0x49, 0x6A, 0xDB, 0xD1, 
        0x2D, 0x59, 0xF2, 0xAD, 0x87, 0xC1, 0x4F, 0x83, 0x5F, 0x01, 0xA0, 0x8D, 0x5B, 0xC3, 0xB3, 0x7C, 
        0x55, 0xF1, 0x1A, 0x0C, 0x49, 0xA8, 0x6B, 0x6E, 0x60, 0xD3, 0x11, 0xFB, 0xEC, 0x81, 0x7E, 0xF8, 
        0xFF, 0x00, 0x7B, 0x77, 0xD6, 0xB7, 0xED, 0x7F, 0x68, 0x9F, 0x13, 0x69, 0x5F, 0xB9, 0xF0, 0xEE, 
        0x93, 0xE1, 0x9F, 0x0D, 0x5B, 0x01, 0x85, 0xB7, 0xD2, 0x74, 0x48, 0x94, 0x28, 0xEC, 0x32, 0x6B, 
        0x91, 0xD7, 0x75, 0xE6, 0xD4, 0x35, 0x19, 0x6E, 0xAF, 0x1D, 0x35, 0x4B, 0xE6, 0x27, 0x2C, 0x78, 
        0xB7, 0x8B, 0xFD, 0x94, 0x51, 0xF7, 0xB1, 0xEB, 0xD3, 0xEB, 0xD6, 0xB3, 0x1B, 0x58, 0xBD, 0x23, 
        0x02, 0xE5, 0xE2, 0x51, 0xD1, 0x21, 0x02, 0x35, 0x1F, 0x82, 0xE2, 0xB8, 0xF9, 0xB1, 0x75, 0x75, 
        0x8A, 0x50, 0x5E, 0x6A, 0xEF, 0xE6, 0x93, 0x49, 0x7D, 0xEC, 0xFA, 0x37, 0x4B, 0x20, 0xCB, 0xDF, 
        0x25, 0x69, 0x4F, 0x15, 0x35, 0xBF, 0x23, 0x54, 0xE9, 0xDF, 0xFB, 0xB2, 0x94, 0x67, 0x29, 0xFA, 
        0xF2, 0xC1, 0x3E, 0x97, 0x5A, 0x9E, 0x83, 0x73, 0xFB, 0x44, 0xF8, 0x9B, 0x55, 0xFD, 0xCF, 0x88, 
        0xB4, 0x9F, 0x0C, 0xF8, 0x96, 0xD8, 0xF0, 0xD6, 0xFA, 0xB6, 0x89, 0x13, 0x06, 0x1D, 0xC6, 0x45, 
        0x72, 0x7A, 0xDF, 0xC2, 0xCF, 0x82, 0x1F, 0x1A, 0x15, 0xE2, 0xB8, 0xD0, 0x66, 0xF8, 0x4B, 0xE2, 
        0x29, 0x06, 0x23, 0xD4, 0xF4, 0x57, 0x37, 0x1A, 0x5B, 0x3F, 0x6F, 0x32, 0x03, 0xCA, 0x2F, 0xFB, 
        0xBB, 0x7E, 0xB5, 0xD2, 0x78, 0x0E, 0xCD, 0xB5, 0xCD, 0x91, 0x5D, 0xFF, 0x00, 0xA5, 0xC6, 0xDC, 
        0x15, 0x98, 0x6F, 0xFE, 0x75, 0xDF, 0x6B, 0x5F, 0xB3, 0x55, 0xF5, 0xDE, 0x9E, 0xDA, 0xB7, 0x84, 
        0x72, 0xD7, 0x91, 0x2E, 0xF7, 0xD3, 0x1F, 0x9F, 0x30, 0x77, 0xF2, 0xCF, 0x73, 0xFE, 0xC9, 0xFC, 
        0x28, 0xBE, 0x2E, 0x96, 0xB2, 0x4A, 0x6B, 0xCB, 0x47, 0xF2, 0x4D, 0xB4, 0xFE, 0xF4, 0x0A, 0x9E, 
        0x41, 0x98, 0x3E, 0x4A, 0x32, 0x9E, 0x16, 0x6F, 0x6E, 0x76, 0xAA, 0x53, 0xBF, 0xF7, 0xA5, 0x18, 
        0xC2, 0x50, 0x5E, 0x7C, 0xB3, 0x4B, 0xAD, 0x96, 0xA7, 0xE7, 0xD7, 0xC7, 0x3F, 0xD9, 0xD3, 0xC5, 
        0xDF, 0x00, 0xB5, 0x68, 0x21, 0xD7, 0xAD, 0xE2, 0xBB, 0xD2, 0x6F, 0x32, 0x74, 0xFD, 0x6E, 0xC1, 
        0xBC, 0xCB, 0x3B, 0xC5, 0xEA, 0x36, 0xBF, 0x66, 0xC7, 0x3B, 0x4F, 0x3F, 0x51, 0xCD, 0x79, 0x7D, 
        0x7E, 0xAD, 0xFC, 0x34, 0x4D, 0x23, 0xE2, 0x87, 0x83, 0xB5, 0x7F, 0x03, 0xF8, 0x8A, 0xC0, 0x5E, 
        0xE9, 0x52, 0x03, 0x1D, 0xF6, 0x8D, 0x70, 0x0E, 0xEB, 0x66, 0xCE, 0x04, 0xD0, 0xE7, 0x94, 0x21, 
        0xBD, 0x39, 0x06, 0xBF, 0x3C, 0xBF, 0x68, 0x9F, 0x81, 0xDA, 0x8F, 0xC0, 0x2F, 0x89, 0x17, 0x9E, 
        0x1E, 0xBA, 0x76, 0xBB, 0xD3, 0xA4, 0x1F, 0x68, 0xD3, 0x6F, 0xC8, 0xC0, 0xB9, 0xB7, 0x24, 0xE0, 
        0x9F, 0x47, 0x52, 0x0A, 0xB0, 0xF5, 0x19, 0x1C, 0x10, 0x4F, 0x65, 0x2A, 0xB0, 0xAD, 0x05, 0x38, 
        0x3B, 0xA6, 0x7C, 0xE6, 0x3B, 0x03, 0x88, 0xCB, 0xB1, 0x12, 0xC2, 0xE2, 0xA3, 0xCB, 0x38, 0xFC, 
        0xF7, 0xD5, 0x34, 0xD6, 0x8D, 0x35, 0xAA, 0x6B, 0x46, 0xB5, 0x47, 0xDD, 0x3F, 0xB0, 0xEE, 0x83, 
        0xA6, 0x7C, 0x12, 0xF8, 0x2D, 0x67, 0xE2, 0x3D, 0x45, 0x16, 0x3D, 0x4F, 0x5F, 0x0D, 0xAB, 0x5C, 
        0x39, 0x1F, 0x30, 0xB7, 0x40, 0x44, 0x2B, 0xF4, 0xDB, 0x96, 0x1E, 0xF2, 0x9A, 0x5B, 0xB6, 0xD6, 
        0x3E, 0x29, 0xDE, 0xEA, 0xBE, 0x33, 0xD5, 0x0B, 0xB5, 0xC6, 0xA5, 0x23, 0x47, 0x02, 0xF6, 0x86, 
        0x05, 0xE1, 0x63, 0x5F, 0x41, 0x8E, 0x3F, 0x3F, 0x53, 0x5C, 0xFF, 0x00, 0xC5, 0x3D, 0x61, 0xF4, 
        0x39, 0x2D, 0x7C, 0x35, 0x6C, 0x4C, 0x76, 0xBA, 0x7E, 0x93, 0x67, 0x66, 0xA8, 0xBC, 0x00, 0xAB, 
        0x18, 0xC8, 0xFE, 0x55, 0xF5, 0x9F, 0x83, 0x3E, 0x16, 0xC5, 0x07, 0x80, 0x3C, 0x3D, 0x6E, 0xB1, 
        0x0F, 0xF8, 0xF0, 0x89, 0x8F, 0x1D, 0x4B, 0x2E, 0xE2, 0x7F, 0x5A, 0xE3, 0x97, 0xEF, 0x71, 0x6A, 
        0x2F, 0x68, 0x24, 0xFE, 0x6E, 0xE9, 0x3F, 0x92, 0x4F, 0xEF, 0x3E, 0x8E, 0x9B, 0x79, 0x7F, 0x0F, 
        0xCA, 0xB4, 0x34, 0x9E, 0x2A, 0x6E, 0x17, 0xEB, 0xEC, 0xE9, 0xA8, 0xCA, 0x51, 0xFF, 0x00, 0xB7, 
        0xE5, 0x38, 0xDF, 0xBA, 0x85, 0xB6, 0x6C, 0xF8, 0x97, 0xC4, 0x5E, 0x1B, 0x9B, 0x4C, 0x91, 0x9B, 
        0xCB, 0x3B, 0x7B, 0xF1, 0x58, 0x07, 0xA5, 0x7D, 0xBB, 0xE2, 0x8F, 0x81, 0x27, 0x53, 0x89, 0xC2, 
        0x43, 0x92, 0x7A, 0x71, 0x5F, 0x37, 0xFC, 0x4F, 0xF8, 0x1D, 0xE2, 0x0F, 0x04, 0xA4, 0xFA, 0x82, 
        0x69, 0xD7, 0x13, 0xE9, 0xC8, 0x0B, 0x48, 0xF1, 0x46, 0x5B, 0xCB, 0x1E, 0xA4, 0x0E, 0xD5, 0xE8, 
        0x9F, 0x1C, 0x76, 0x3F, 0xB3, 0xFF, 0x00, 0x86, 0x1F, 0x57, 0x68, 0x9C, 0x26, 0xE1, 0xC7, 0x6A, 
        0xFB, 0x47, 0xC3, 0x1E, 0x1D, 0x4D, 0x2E, 0xD6, 0x32, 0xC3, 0x0C, 0x06, 0x6B, 0xCD, 0x3F, 0x67, 
        0x6F, 0x87, 0xF1, 0x78, 0x1B, 0xE1, 0xF6, 0x93, 0x7D, 0xAB, 0x28, 0x82, 0xFE, 0xF2, 0xDD, 0x2E, 
        0x04, 0x0F, 0xC3, 0x22, 0xB0, 0xCA, 0xE4, 0x76, 0xC8, 0x20, 0xD7, 0xA6, 0xDD, 0x78, 0x9A, 0x0E, 
        0x42, 0x38, 0xC5, 0x00, 0x7C, 0xFF, 0x00, 0xFB, 0x4E, 0xF8, 0x45, 0xBE, 0x1E, 0x78, 0xA7, 0x48, 
        0xF8, 0xB5, 0xE1, 0xC8, 0x16, 0x39, 0xA2, 0xB8, 0x58, 0x35, 0x9B, 0x68, 0xC6, 0x12, 0x70, 0xDC, 
        0x07, 0x23, 0xFD, 0xB1, 0x95, 0x3E, 0xF8, 0x35, 0xE7, 0x3F, 0xF0, 0x50, 0xEF, 0x85, 0x56, 0x1F, 
        0x11, 0x3E, 0x01, 0x59, 0x78, 0xCB, 0x4A, 0x41, 0x33, 0xE9, 0xF1, 0x2E, 0xAD, 0x67, 0x30, 0x1C, 
        0x98, 0x19, 0x57, 0xCE, 0x4C, 0xFA, 0x14, 0x21, 0xCF, 0xBC, 0x22, 0xBE, 0x8D, 0xF8, 0xA9, 0x24, 
        0x1E, 0x28, 0xF8, 0x73, 0xE2, 0x6D, 0x32, 0x5C, 0x3A, 0x4F, 0x63, 0x26, 0x33, 0xD9, 0x94, 0x6E, 
        0x53, 0xF5, 0xC8, 0xAF, 0x03, 0xF0, 0x37, 0x8F, 0xA1, 0xF1, 0xBF, 0xC0, 0x28, 0x3C, 0x0F, 0x7C, 
        0xC2, 0x49, 0x45, 0xB5, 0xCD, 0xA0, 0x0F, 0xCE, 0x63, 0x2A, 0xE3, 0x1F, 0x4D, 0xAD, 0x8A, 0xF3, 
        0xA3, 0xFB, 0x9C, 0x5B, 0x8A, 0xDA, 0x6A, 0xFF, 0x00, 0x35, 0x64, 0xDF, 0xCD, 0x35, 0xF7, 0x1F, 
        0x63, 0x51, 0xBC, 0xC3, 0x87, 0xE3, 0x5A, 0x7A, 0xCF, 0x0B, 0x35, 0x0B, 0xF5, 0xF6, 0x75, 0x14, 
        0xA5, 0x18, 0xFF, 0x00, 0xDB, 0x92, 0x84, 0xAD, 0xD9, 0x4E, 0xDB, 0x24, 0x79, 0xAF, 0x8E, 0x7C, 
        0x35, 0x27, 0x8C, 0x3C, 0x39, 0xFF, 0x00, 0x09, 0x95, 0xA2, 0x99, 0x61, 0x9E, 0xC2, 0xD6, 0xE1, 
        0x99, 0x79, 0xF9, 0x4A, 0x2E, 0x4F, 0xE4, 0x41, 0xAF, 0xBB, 0x3E, 0x12, 0x6B, 0xF6, 0xDE, 0x21, 
        0xF8, 0x55, 0xE1, 0x2D, 0x46, 0x32, 0x18, 0x4B, 0xA6, 0xC4, 0xAD, 0xEC, 0xE8, 0x36, 0xB0, 0xFA, 
        0xE5, 0x6B, 0xE2, 0x9F, 0xF8, 0x27, 0x37, 0xC4, 0x2D, 0x1B, 0xE2, 0x3F, 0x80, 0xE6, 0xF0, 0x1F, 
        0x88, 0x19, 0x5D, 0xD6, 0x06, 0xD3, 0x0A, 0xB1, 0xE4, 0x8D, 0xA7, 0xCA, 0xFF, 0x00, 0xBE, 0xA3, 
        0xDC, 0xA3, 0xDE, 0x2A, 0xF5, 0xBF, 0x82, 0x7E, 0x24, 0xBC, 0xF8, 0x49, 0xE2, 0x3D, 0x6F, 0xE1, 
        0x3F, 0x88, 0xA5, 0xD9, 0x2D, 0xAD, 0xC3, 0x5C, 0x69, 0x37, 0x0F, 0xC2, 0x4E, 0x8D, 0xCE, 0x14, 
        0xFA, 0x30, 0xC3, 0x0F, 0x7C, 0x8A, 0x24, 0xFD, 0x96, 0x2D, 0x49, 0xED, 0x34, 0x97, 0xCD, 0x5D, 
        0xA5, 0xF3, 0x4D, 0xFD, 0xC1, 0x49, 0x3C, 0xC3, 0x87, 0xE5, 0x46, 0x1A, 0xCF, 0x0B, 0x37, 0x3B, 
        0x75, 0xF6, 0x75, 0x14, 0x63, 0x29, 0x7F, 0xDB, 0x92, 0x84, 0x6F, 0xD9, 0x4E, 0xFB, 0x26, 0x7D, 
        0x37, 0x77, 0xAD, 0x41, 0x68, 0xA5, 0x8E, 0xDE, 0x2B, 0xC7, 0x3E, 0x31, 0x7C, 0x69, 0xBA, 0xD1, 
        0x34, 0x0B, 0xD8, 0x34, 0xC9, 0xBE, 0xCF, 0x3C, 0x91, 0xB2, 0x79, 0x89, 0xD4, 0x64, 0x63, 0x8A, 
        0x7F, 0x8A, 0x7C, 0x54, 0xC9, 0x1B, 0x80, 0xF8, 0x35, 0xF3, 0x9F, 0xC4, 0xBD, 0x6D, 0xEF, 0x7C, 
        0xC0, 0x58, 0x9C, 0xE6, 0xBD, 0x13, 0xE3, 0x8C, 0x4F, 0x87, 0x9F, 0x17, 0x35, 0x8D, 0x2A, 0x35, 
        0xB1, 0xBA, 0xD4, 0x27, 0xB9, 0x8E, 0x33, 0xB5, 0x5A, 0x79, 0x0B, 0xB6, 0x3D, 0x32, 0x79, 0xAF, 
        0x64, 0xD2, 0x7E, 0x25, 0x35, 0xDA, 0x29, 0x69, 0x39, 0x3E, 0xF5, 0xF2, 0x72, 0xCA, 0x6D, 0xEF, 
        0x0B, 0x0E, 0x39, 0xAE, 0xDB, 0x40, 0xD7, 0xDE, 0x30, 0xB9, 0x63, 0x40, 0x1F, 0x43, 0x78, 0x9B, 
        0xC7, 0x0B, 0x6F, 0xE1, 0x2D, 0x62, 0x77, 0x93, 0x85, 0xB4, 0x90, 0x7E, 0x25, 0x71, 0xFD, 0x6B, 
        0xE7, 0x4F, 0x87, 0xB6, 0xF7, 0x9E, 0x1A, 0xFB, 0x47, 0x88, 0xAE, 0x4B, 0x45, 0xA7, 0x5A, 0x69, 
        0xB7, 0x57, 0x59, 0x6E, 0x07, 0x08, 0x70, 0x7F, 0x43, 0x5D, 0x85, 0xBD, 0x8E, 0xA7, 0xF1, 0x3F, 
        0x5C, 0xD2, 0x7C, 0x13, 0xA5, 0x16, 0xFB, 0x4E, 0xA5, 0x2A, 0xB5, 0xC4, 0x83, 0xA4, 0x10, 0x0E, 
        0x59, 0xDB, 0xD0, 0x01, 0x93, 0xF9, 0x7A, 0x8A, 0xCF, 0xFF, 0x00, 0x82, 0x85, 0xF8, 0xBF, 0x43, 
        0xF8, 0x57, 0xE0, 0xA7, 0xF0, 0x4F, 0x87, 0xD9, 0x56, 0xE2, 0xE2, 0x14, 0xD3, 0x0E, 0xD3, 0xCE, 
        0xD0, 0x01, 0x97, 0xF2, 0x4C, 0x29, 0xF7, 0x96, 0xBC, 0xE8, 0xFE, 0xF7, 0x16, 0xE4, 0xB6, 0x82, 
        0xB7, 0xCD, 0xD9, 0xB5, 0xF2, 0x49, 0x7D, 0xE7, 0xD8, 0xD5, 0x4F, 0x2F, 0xE1, 0xF8, 0xD1, 0x9E, 
        0x93, 0xC5, 0x4D, 0x4E, 0xDD, 0x7D, 0x9D, 0x35, 0x28, 0xC6, 0x5E, 0x93, 0x94, 0xE5, 0x6E, 0xEA, 
        0x17, 0xD9, 0xA3, 0xE0, 0x9F, 0x83, 0xDF, 0x14, 0xB5, 0x0F, 0x84, 0x7E, 0x35, 0xB4, 0xD7, 0x2C, 
        0x9A, 0x43, 0x10, 0x21, 0x2E, 0x61, 0x8D, 0xB6, 0x97, 0x4C, 0x83, 0x95, 0x3D, 0x99, 0x48, 0x0C, 
        0xA7, 0xD4, 0x7A, 0x13, 0x5F, 0xA6, 0xBA, 0x97, 0x8D, 0xBC, 0x3B, 0xFB, 0x51, 0x78, 0x13, 0x4A, 
        0xD6, 0x6D, 0xEF, 0xE2, 0xB6, 0xF1, 0x45, 0xA4, 0x7B, 0xED, 0xB5, 0x18, 0x7E, 0x5F, 0x33, 0x1C, 
        0x90, 0x47, 0x51, 0xCF, 0x55, 0xEA, 0x8D, 0x9C, 0x70, 0x6B, 0xF2, 0x4E, 0xBB, 0x2F, 0x86, 0xDF, 
        0x15, 0xF5, 0xFF, 0x00, 0x85, 0xDA, 0x91, 0xB8, 0xD2, 0x2E, 0x33, 0x6F, 0x23, 0x03, 0x35, 0x9C, 
        0xB9, 0x31, 0x49, 0x8E, 0xF8, 0xFE, 0x16, 0xFF, 0x00, 0x68, 0x73, 0xF5, 0x1C, 0x57, 0x65, 0x5A, 
        0x50, 0xAD, 0x07, 0x09, 0xAB, 0xA6, 0x7C, 0xE6, 0x07, 0x1D, 0x88, 0xCB, 0xB1, 0x11, 0xC5, 0x61, 
        0x65, 0xCB, 0x38, 0xFC, 0xF7, 0xD1, 0xA6, 0x9E, 0x8D, 0x35, 0xA3, 0x4F, 0x46, 0xB4, 0x67, 0xE8, 
        0x7A, 0xFC, 0x54, 0xD4, 0x2C, 0xBF, 0xE2, 0x53, 0xE2, 0xC8, 0x8C, 0x17, 0xB1, 0xFC, 0x8B, 0x7C, 
        0xBC, 0xA4, 0xA3, 0xD4, 0x91, 0xFC, 0xEB, 0x9B, 0xF1, 0x0D, 0xD1, 0xD4, 0xD4, 0xC9, 0x6C, 0xC2, 
        0xE5, 0x1B, 0x90, 0xD1, 0x10, 0xC3, 0xF4, 0xAF, 0x29, 0xD2, 0x3F, 0x69, 0x0F, 0x0A, 0x7C, 0x42, 
        0xB3, 0x48, 0x75, 0x4B, 0xC3, 0xA0, 0x6A, 0x04, 0x7C, 0xD1, 0xDF, 0x8D, 0xD0, 0x93, 0xED, 0x20, 
        0xE3, 0x1E, 0xE7, 0x6D, 0x6C, 0xDA, 0xE8, 0xFF, 0x00, 0x6F, 0xFD, 0xE6, 0x9D, 0x7F, 0x61, 0x7D, 
        0x19, 0xE4, 0x3D, 0xA5, 0xDA, 0xB0, 0x23, 0xF0, 0x35, 0xC6, 0xA3, 0x8B, 0xA5, 0xA4, 0x5A, 0x9A, 
        0xF3, 0x76, 0x7F, 0x36, 0x93, 0x4F, 0xEE, 0x47, 0xD1, 0xBA, 0x9C, 0x3F, 0x98, 0x3E, 0x7A, 0xD1, 
        0x9E, 0x16, 0x6F, 0x75, 0x08, 0xAA, 0x94, 0xEF, 0xFD, 0xD8, 0xCA, 0x50, 0x94, 0x3D, 0x39, 0xA6, 
        0x97, 0x4B, 0x2D, 0x09, 0x2E, 0x34, 0x8B, 0xC6, 0x90, 0xBF, 0xD9, 0xDA, 0x34, 0xEA, 0x5E, 0x52, 
        0x11, 0x47, 0xE2, 0x71, 0x5B, 0x5E, 0x1A, 0xD2, 0x6E, 0xF5, 0x3B, 0xD4, 0xB3, 0xD3, 0x22, 0x1A, 
        0x9D, 0xF9, 0x38, 0xF9, 0x72, 0x2D, 0xE1, 0xFF, 0x00, 0x69, 0xDC, 0xF5, 0xFE, 0x5F, 0x5A, 0xC7, 
        0x3A, 0x5C, 0x7A, 0x64, 0x9E, 0x76, 0xAD, 0x79, 0x61, 0x69, 0x10, 0xE4, 0xB5, 0xD5, 0xDA, 0xA8, 
        0xFD, 0x4D, 0x51, 0xD7, 0x7F, 0x6A, 0x9F, 0x0C, 0x7C, 0x3D, 0xB0, 0x7B, 0x5D, 0x12, 0xE0, 0x6B, 
        0x17, 0xC0, 0x61, 0x53, 0x4F, 0x5D, 0xB1, 0x03, 0xEF, 0x21, 0x18, 0xFC, 0x46, 0xE3, 0x45, 0xB1, 
        0x75, 0x74, 0x93, 0x50, 0x5E, 0x5A, 0xBF, 0x93, 0x69, 0x25, 0xF7, 0x30, 0x55, 0x32, 0x0C, 0xBD, 
        0xF3, 0xD1, 0x8C, 0xF1, 0x53, 0x5B, 0x29, 0xA5, 0x4E, 0x9D, 0xFF, 0x00, 0xBD, 0x18, 0xCA, 0x72, 
        0x9A, 0xF2, 0xE6, 0x82, 0x7D, 0x6E, 0xB4, 0x3E, 0xA1, 0xB6, 0xF1, 0x8F, 0x86, 0x7F, 0x65, 0x0F, 
        0x00, 0xEA, 0x9A, 0xB5, 0xCD, 0xFC, 0x37, 0x7E, 0x2E, 0xBC, 0x8B, 0x75, 0xD6, 0xA1, 0x28, 0xCF, 
        0x94, 0x0F, 0x40, 0xA3, 0xAE, 0x33, 0xF7, 0x53, 0xAB, 0xB6, 0x3B, 0x0A, 0xFC, 0xBD, 0xF8, 0xC3, 
        0xF1, 0x4B, 0x50, 0xF8, 0xBB, 0xE3, 0x5B, 0xBD, 0x72, 0xF5, 0xA4, 0x11, 0x12, 0x52, 0xDE, 0x19, 
        0x1B, 0x71, 0x44, 0xC9, 0x39, 0x63, 0xDD, 0x98, 0x92, 0xCC, 0x7D, 0x4F, 0xA0, 0x15, 0x17, 0xC4, 
        0x9F, 0x8B, 0x1E, 0x20, 0xF8, 0xA5, 0xA9, 0xFD, 0xA7, 0x58, 0xB9, 0xFD, 0xC2, 0x31, 0x68, 0x6D, 
        0x22, 0x24, 0x47, 0x1E, 0x7B, 0xF3, 0xCB, 0x37, 0xFB, 0x47, 0x9F, 0xA0, 0xE2, 0xB8, 0xDA, 0xEC, 
        0xA5, 0x4A, 0x14, 0x60, 0xA1, 0x05, 0x64, 0x8F, 0x9C, 0xC7, 0x63, 0xB1, 0x19, 0x96, 0x22, 0x58, 
        0xAC, 0x54, 0xB9, 0xA7, 0x2F, 0x96, 0xDA, 0x24, 0x92, 0xD1, 0x24, 0xB4, 0x49, 0x68, 0x96, 0x88, 
        0xFF, 0xD9, 0x33, 0x33, 0x33, 0x33, 0x33, 0x33, 0x33, 0x33, 0x33, 0x33, 0x33, 0x33, 0x33, 0x33, 
        0x33, 0x33, 0x33, 0x33, 0x33, 0x33, 0x33, 0x33, 0x33, 0x33, 0x33, 0x33, 0x33, 0x33, 0x33, 0x33, 
        0x33, 0x33, 0x33, 0x33, 0x33, 0x33, 0x33, 0x33, 0x33, 0x33, 0x33, 0x33, 0x33, 0x33, 0x33, 0x33, 
        0x33, 0x33, 0x33, 0x33, 0x33, 0x33, 0x33, 0x33, 0x33, 0x33, 0x33, 0x33, 0x33, 0x33, 0x33, 0x33, 
        0x33, 0x33, 0x33, 0x33, 0x33, 0x33, 0x33, 0x33, 0x33, 0x33, 0x33, 0x33, 0x33, 0x33, 0x33, 0x33, 
        0x33, 0x33, 0x33, 0x33, 0x33, 0x33, 0x33, 0x33, 0x33, 0x33, 0x33, 0x33, 0x33, 0x33, 0x33, 0x33, 
        0x33, 0x33, 0x33, 0x33, 0x33, 0x33, 0x33, 0x33, 0x33, 0x33, 0x33, 0x33, 0x33, 0x33, 0x33, 0x33, 
        0x33, 0x33, 0x33, 0x33, 0x33, 0x33, 0x33, 0x33, 0x33, 0x33, 0x33, 0x33, 0x33, 0x33, 0x33, 0x33, 
        0x33, 0x33, 0x33, 0x33, 0x33, 0x33, 0x33, 0x33, 0x33, 0x33, 0x33, 0x33, 0x33, 0x33, 0x33, 0x33, 
        0x33, 0x33, 0x33, 0x33, 0x33, 0x33, 0x33, 0x33, 0x33, 0x33, 0x33, 0x33, 0x33, 0x33, 0x33, 0x33, 
        0x33, 0x33, 0x33, 0x33, 0x33, 0x33, 0x33, 0x33, 0x33, 0x33, 0x33, 0x33, 0x33, 0x33, 0x33, 0x33, 
        0x33, 0x33, 0x33, 0x33, 0x33, 0x33, 0x33, 0x33, 0x33, 0x33, 0x33, 0x33, 0x33, 0x33, 0x33, 0x33, 
        0x33, 0x33, 0x33, 0x33, 0x33, 0x33, 0x33, 0x33, 0x33, 0x33, 0x33, 0x33, 0x33, 0x33, 0x33, 0x33, 
        0x33, 0x33, 0x33, 0x33, 0x33, 0x33, 0x33, 0x33, 0x33, 0x33, 0x33, 0x33, 0x33, 0x33, 0x33, 0x33, 
        0x33, 0x33, 0x33, 0x33, 0x33, 0x33, 0x33, 0x33, 0x33, 0x33, 0x33, 0x33, 0x33, 0x33, 0x33, 0x33, 
        0x33, 0x33, 0x33, 0x33, 0x33, 0x33, 0x33, 0x33, 0x33, 0x33, 0x33, 0x33, 0x33, 0x33, 0x33, 0x33, 
        0x33, 0x33, 0x33, 0x33, 0x33, 0x33, 0x33, 0x33, 0x33, 0x33, 0x33, 0x33, 0x33, 0x33, 0x33, 0x33, 
        0x33, 0x33, 0x33, 0x33, 0x33, 0x33, 0x33, 0x33, 0x33, 0x33, 0x33, 0x33, 0x33, 0x33, 0x33, 0x33, 
        0x33, 0x33, 0x33, 0x33, 0x33, 0x33, 0x33, 0x33, 0x33, 0x33, 0x33, 0x33, 0x33, 0x33, 0x33, 0x33, 
        0x33, 0x33, 0x33, 0x33, 0x33, 0x33, 0x33, 0x33, 0x33, 0x33, 0x33, 0x33, 0x33, 0x33, 0x33, 0x33, 
        0x33, 0x33, 0x33, 0x33, 0x33, 0x33, 0x33, 0x33, 0x33, 0x33, 0x33, 0x33, 0x33, 0x33, 0x33, 0x33, 
        0x33, 0x33, 0x33, 0x33, 0x33, 0x33, 0x33, 0x33, 0x33, 0x33, 0x33, 0x33, 0x33, 0x33, 0x33, 0x33, 
        0x33, 0x33, 0x33, 0x33, 0x33, 0x33, 0x33, 0x33, 0x33, 0x33, 0x33, 0x33, 0x33, 0x33, 0x33, 0x33, 
        0x33, 0x33, 0x33, 0x33, 0x33, 0x33, 0x33, 0x33, 0x33, 0x33, 0x33, 0x33, 0x33, 0x33, 0x33, 0x33, 
        0x33, 0x33, 0x33, 0x33, 0x33, 0x33, 0x33, 0x33, 0x33, 0x33, 0x33, 0x33, 0x33, 0x33, 0x33, 0x33, 
        0x33, 0x33, 0x33, 0x33, 0x33, 0x33, 0x33, 0x33, 0x33, 0x33, 0x33, 0x33, 0x33, 0x33, 0x33, 0x33, 
        0x33, 0x33, 0x33, 0x33, 0x33, 0x33, 0x33, 0x33, 0x33, 0x33, 0x33, 0x33, 0x33, 0x33, 0x33, 0x33, 
        0x33, 0x33, 0x33, 0x33, 0x33, 0x33, 0x33, 0x33, 0x33, 0x33, 0x33, 0x33, 0x33, 0x33, 0x33, 0x33, 
        0xFF, 0xD8, 0xFF, 0xE0, 0x00, 0x10, 0x4A, 0x46, 0x49, 0x46, 0x00, 0x01, 0x01, 0x00, 0x00, 0x01, 
        0x00, 0x01, 0x00, 0x00, 0xFF, 0xDB, 0x00, 0x43, 0x00, 0x03, 0x02, 0x02, 0x03, 0x02, 0x02, 0x03, 
        0x03, 0x03, 0x03, 0x04, 0x03, 0x03, 0x04, 0x05, 0x08, 0x05, 0x05, 0x04, 0x04, 0x05, 0x0A, 0x07, 
        0x07, 0x06, 0x08, 0x0C, 0x0A, 0x0C, 0x0C, 0x0B, 0x0A, 0x0B, 0x0B, 0x0D, 0x0E, 0x12, 0x10, 0x0D, 
        0x0E, 0x11, 0x0E, 0x0B, 0x0B, 0x10, 0x16, 0x10, 0x11, 0x13, 0x14, 0x15, 0x15, 0x15, 0x0C, 0x0F, 
        0x17, 0x18, 0x16, 0x14, 0x18, 0x12, 0x14, 0x15, 0x14, 0xFF, 0xDB, 0x00, 0x43, 0x01, 0x03, 0x04, 
        0x04, 0x05, 0x04, 0x05, 0x09, 0x05, 0x05, 0x09, 0x14, 0x0D, 0x0B, 0x0D, 0x14, 0x14, 0x14, 0x14, 
        0x14, 0x14, 0x14, 0x14, 0x14, 0x14, 0x14, 0x14, 0x14, 0x14, 0x14, 0x14, 0x14, 0x14, 0x14, 0x14, 
        0x14, 0x14, 0x14, 0x14, 0x14, 0x14, 0x14, 0x14, 0x14, 0x14, 0x14, 0x14, 0x14, 0x14, 0x14, 0x14, 
        0x14, 0x14, 0x14, 0x14, 0x14, 0x14, 0x14, 0x14, 0x14, 0x14, 0x14, 0x14, 0x14, 0x14, 0xFF, 0xC0, 
        0x00, 0x11, 0x08, 0x00, 0x40, 0x00, 0x40, 0x03, 0x01, 0x22, 0x00, 0x02, 0x11, 0x01, 0x03, 0x11, 
        0x01, 0xFF, 0xC4, 0x00, 0x1F, 0x00, 0x00, 0x01, 0x05, 0x01, 0x01, 0x01, 0x01, 0x01, 0x01, 0x00, 
        0x00, 0x00, 0x00, 0x00, 0x00, 0x00, 0x00, 0x01, 0x02, 0x03, 0x04, 0x05, 0x06, 0x07, 0x08, 0x09, 
        0x0A, 0x0B, 0xFF, 0xC4, 0x00, 0xB5, 0x10, 0x00, 0x02, 0x01, 0x03, 0x03, 0x02, 0x04, 0x03, 0x05, 
        0x05, 0x04, 0x04, 0x00, 0x00, 0x01, 0x7D, 0x01, 0x02, 0x03, 0x00, 0x04, 0x11, 0x05, 0x12, 0x21, 
        0x31, 0x41, 0x06, 0x13, 0x51, 0x61, 0x07, 0x22, 0x71, 0x14, 0x32, 0x81, 0x91, 0xA1, 0x08, 0x23, 
        0x42, 0xB1, 0xC1, 0x15, 0x52, 0xD1, 0xF0, 0x24, 0x33, 0x62, 0x72, 0x82, 0x09, 0x0A, 0x16, 0x17, 
        0x18, 0x19, 0x1A, 0x25, 0x26, 0x27, 0x28, 0x29, 0x2A, 0x34, 0x35, 0x36, 0x37, 0x38, 0x39, 0x3A, 
        0x43, 0x44, 0x45, 0x46, 0x47, 0x48, 0x49, 0x4A, 0x53, 0x54, 0x55, 0x56, 0x57, 0x58, 0x59, 0x5A, 
        0x63, 0x64, 0x65, 0x66, 0x67, 0x68, 0x69, 0x6A, 0x73, 0x74, 0x75, 0x76, 0x77, 0x78, 0x79, 0x7A, 
        0x83, 0x84, 0x85, 0x86, 0x87, 0x88, 0x89, 0x8A, 0x92, 0x93, 0x94, 0x95, 0x96, 0x97, 0x98, 0x99, 
        0x9A, 0xA2, 0xA3, 0xA4, 0xA5, 0xA6, 0xA7, 0xA8, 0xA9, 0xAA, 0xB2, 0xB3, 0xB4, 0xB5, 0xB6, 0xB7, 
        0xB8, 0xB9, 0xBA, 0xC2, 0xC3, 0xC4, 0xC5, 0xC6, 0xC7, 0xC8, 0xC9, 0xCA, 0xD2, 0xD3, 0xD4, 0xD5, 
        0xD6, 0xD7, 0xD8, 0xD9, 0xDA, 0xE1, 0xE2, 0xE3, 0xE4, 0xE5, 0xE6, 0xE7, 0xE8, 0xE9, 0xEA, 0xF1, 
        0xF2, 0xF3, 0xF4, 0xF5, 0xF6, 0xF7, 0xF8, 0xF9, 0xFA, 0xFF, 0xC4, 0x00, 0x1F, 0x01, 0x00, 0x03, 
        0x01, 0x01, 0x01, 0x01, 0x01, 0x01, 0x01, 0x01, 0x01, 0x00, 0x00, 0x00, 0x00, 0x00, 0x00, 0x01, 
        0x02, 0x03, 0x04, 0x05, 0x06, 0x07, 0x08, 0x09, 0x0A, 0x0B, 0xFF, 0xC4, 0x00, 0xB5, 0x11, 0x00, 
        0x02, 0x01, 0x02, 0x04, 0x04, 0x03, 0x04, 0x07, 0x05, 0x04, 0x04, 0x00, 0x01, 0x02, 0x77, 0x00, 
        0x01, 0x02, 0x03, 0x11, 0x04, 0x05, 0x21, 0x31, 0x06, 0x12, 0x41, 0x51, 0x07, 0x61, 0x71, 0x13, 
        0x22, 0x32, 0x81, 0x08, 0x14, 0x42, 0x91, 0xA1, 0xB1, 0xC1, 0x09, 0x23, 0x33, 0x52, 0xF0, 0x15, 
        0x62, 0x72, 0xD1, 0x0A, 0x16, 0x24, 0x34, 0xE1, 0x25, 0xF1, 0x17, 0x18, 0x19, 0x1A, 0x26, 0x27, 
        0x28, 0x29, 0x2A, 0x35, 0x36, 0x37, 0x38, 0x39, 0x3A, 0x43, 0x44, 0x45, 0x46, 0x47, 0x48, 0x49, 
        0x4A, 0x53, 0x54, 0x55, 0x56, 0x57, 0x58, 0x59, 0x5A, 0x63, 0x64, 0x65, 0x66, 0x67, 0x68, 0x69, 
        0x6A, 0x73, 0x74, 0x75, 0x76, 0x77, 0x78, 0x79, 0x7A, 0x82, 0x83, 0x84, 0x85, 0x86, 0x87, 0x88, 
        0x89, 0x8A, 0x92, 0x93, 0x94, 0x95, 0x96, 0x97, 0x98, 0x99, 0x9A, 0xA2, 0xA3, 0xA4, 0xA5, 0xA6, 
        0xA7, 0xA8, 0xA9, 0xAA, 0xB2, 0xB3, 0xB4, 0xB5, 0xB6, 0xB7, 0xB8, 0xB9, 0xBA, 0xC2, 0xC3, 0xC4, 
        0xC5, 0xC6, 0xC7, 0xC8, 0xC9, 0xCA, 0xD2, 0xD3, 0xD4, 0xD5, 0xD6, 0xD7, 0xD8, 0xD9, 0xDA, 0xE2, 
        0xE3, 0xE4, 0xE5, 0xE6, 0xE7, 0xE8, 0xE9, 0xEA, 0xF2, 0xF3, 0xF4, 0xF5, 0xF6, 0xF7, 0xF8, 0xF9, 
        0xFA, 0xFF, 0xDA, 0x00, 0x0C, 0x03, 0x01, 0x00, 0x02, 0x11, 0x03, 0x11, 0x00, 0x3F, 0x00, 0xFC, 
        0xAA, 0xAF, 0x51, 0xF8, 0x15, 0xFB, 0x39, 0x78, 0xC3, 0xF6, 0x80, 0xD6, 0x65, 0xB6, 0xF0, 0xFD, 
        0xAA, 0x5B, 0xE9, 0x96, 0xA4, 0x7D, 0xBB, 0x59, 0xBD, 0x25, 0x2D, 0x6D, 0x47, 0x5E, 0x5B, 0xF8, 
        0x9B, 0x1C, 0x85, 0x5C, 0x9F, 0xA0, 0xE6, 0x9B, 0xFB, 0x3A, 0xFC, 0x0D, 0xD4, 0xBE, 0x3F, 0xFC, 
        0x49, 0xB2, 0xF0, 0xE5, 0x9B, 0x3D, 0xB5, 0x82, 0x8F, 0x3F, 0x51, 0xBD, 0x55, 0xCF, 0xD9, 0xE0, 
        0x04, 0x03, 0x8F, 0x57, 0x62, 0x42, 0xA8, 0xF5, 0x39, 0x3C, 0x02, 0x47, 0xEA, 0x57, 0xC5, 0x3B, 
        0xFF, 0x00, 0x08, 0x7E, 0xCA, 0x3F, 0x0B, 0x34, 0x2F, 0x07, 0x68, 0x1A, 0x5C, 0x57, 0x5A, 0xDD, 
        0xE4, 0x7E, 0x5E, 0x95, 0xE1, 0xEB, 0x63, 0xF7, 0xCF, 0xF1, 0x4F, 0x39, 0xEA, 0x57, 0x39, 0x25, 
        0x8F, 0x2E, 0xD9, 0xEC, 0x09, 0x13, 0x29, 0x28, 0x2E, 0x69, 0x1B, 0xD0, 0xA1, 0x53, 0x13, 0x51, 
        0x52, 0xA4, 0xAE, 0xDF, 0xF5, 0xF2, 0x4B, 0xAB, 0xE8, 0x7C, 0xC7, 0x6D, 0xF0, 0x6B, 0xE0, 0xBF, 
        0xEC, 0xFF, 0x00, 0x68, 0x86, 0x6D, 0x02, 0x4F, 0x8A, 0x1E, 0x20, 0x8C, 0x62, 0x4D, 0x4B, 0x5E, 
        0x93, 0xEC, 0xDA, 0x62, 0x3F, 0x7D, 0x90, 0x0F, 0xBE, 0x3F, 0xDE, 0xDD, 0xF5, 0xAB, 0x51, 0xFE, 
        0xD6, 0xDA, 0x96, 0x8A, 0xDE, 0x47, 0x87, 0x6C, 0x3C, 0x37, 0xE1, 0xFB, 0x71, 0xC2, 0xDB, 0xE8, 
        0xBA, 0x0C, 0x60, 0x28, 0xF4, 0x0C, 0x47, 0x35, 0xC7, 0x6A, 0xB1, 0xBE, 0xB3, 0xAA, 0xC9, 0xA9, 
        0x78, 0x8A, 0xE1, 0x7C, 0x41, 0xAB, 0xB3, 0x64, 0xA6, 0x4A, 0xD9, 0x5B, 0xFF, 0x00, 0xB0, 0x88, 
        0x31, 0xBF, 0x1D, 0x33, 0xC0, 0xFA, 0xF5, 0xA9, 0x63, 0xD4, 0xAE, 0x60, 0x8C, 0x24, 0x12, 0x0B, 
        0x58, 0xC0, 0xC0, 0x8E, 0xD9, 0x16, 0x25, 0x03, 0xE8, 0xA0, 0x56, 0x37, 0xAB, 0x3D, 0x55, 0xA2, 
        0xBC, 0xF5, 0x7F, 0xA1, 0xE9, 0x38, 0xE5, 0xF8, 0x7F, 0x76, 0x6E, 0x55, 0x65, 0xFD, 0xD6, 0xA3, 
        0x1F, 0x93, 0x6A, 0x4D, 0xFA, 0xD9, 0x1D, 0x64, 0x9F, 0xB5, 0xBE, 0xA5, 0xAD, 0x37, 0x91, 0xE2, 
        0x2B, 0x0F, 0x0D, 0x78, 0x82, 0xDC, 0xF0, 0xD6, 0xFA, 0xD6, 0x83, 0x19, 0x0C, 0x3D, 0x0B, 0x01, 
        0xC5, 0x64, 0x6A, 0xBF, 0x0C, 0xBE, 0x06, 0xFC, 0x70, 0x85, 0x83, 0xE8, 0x92, 0x7C, 0x29, 0xD7, 
        0xA5, 0x18, 0x8F, 0x55, 0xD0, 0xA4, 0x37, 0x3A, 0x53, 0x3F, 0x6F, 0x32, 0x13, 0xF7, 0x17, 0xFD, 
        0xDD, 0xBF, 0x5A, 0xE9, 0x3C, 0x13, 0xA6, 0xAF, 0x89, 0x15, 0x6D, 0xF5, 0x08, 0x93, 0x50, 0x85, 
        0xF8, 0x64, 0xB9, 0x41, 0x20, 0x23, 0xF1, 0xAE, 0x9F, 0xC4, 0x3F, 0xB2, 0x45, 0xFB, 0x59, 0xBE, 
        0xBF, 0xF0, 0xEA, 0x56, 0xB5, 0xD5, 0x22, 0x1E, 0x63, 0xE8, 0xF2, 0x1D, 0xD1, 0x5C, 0x01, 0xD4, 
        0x26, 0x7B, 0xFB, 0x1F, 0xC3, 0x14, 0x5E, 0xAC, 0x35, 0x76, 0x92, 0xF2, 0xD1, 0xFE, 0xA0, 0xA3, 
        0x97, 0xE2, 0x3D, 0xD8, 0x39, 0x52, 0x97, 0xF7, 0x9A, 0x94, 0x7E, 0x6D, 0x24, 0xD7, 0xAD, 0xA5, 
        0xE6, 0x7C, 0x29, 0xF1, 0xCF, 0xF6, 0x74, 0xF1, 0x77, 0xC0, 0x2D, 0x5A, 0x08, 0x75, 0xEB, 0x78, 
        0xAE, 0xF4, 0x9B, 0xCC, 0x9D, 0x3F, 0x5B, 0xB0, 0x6F, 0x32, 0xCE, 0xF1, 0x7A, 0x8D, 0xAF, 0xD9, 
        0xB1, 0xCE, 0xD3, 0xCF, 0xD4, 0x73, 0x5E, 0x5F, 0x5F, 0xA9, 0x7F, 0x07, 0x75, 0x4D, 0x1F, 0xE3, 
        0x1F, 0x83, 0x35, 0xBF, 0x01, 0x78, 0x9F, 0x4C, 0xF3, 0x6D, 0xD4, 0x18, 0xB5, 0x3F, 0x0F, 0xDD, 
        0x02, 0x1E, 0xD5, 0xF3, 0x81, 0x3C, 0x19, 0xE5, 0x30, 0xDE, 0x9C, 0xA9, 0xC7, 0xB1, 0x3F, 0x01, 
        0x7E, 0xD1, 0x3F, 0x03, 0xB5, 0x1F, 0x80, 0x5F, 0x12, 0x2F, 0x3C, 0x3D, 0x74, 0xED, 0x77, 0xA7, 
        0x48, 0x3E, 0xD1, 0xA6, 0xDF, 0x91, 0x81, 0x73, 0x6E, 0x49, 0xC1, 0x3E, 0x8E, 0xA4, 0x15, 0x61, 
        0xEA, 0x32, 0x38, 0x20, 0x9D, 0xA3, 0x25, 0x35, 0xCD, 0x13, 0xCD, 0xAF, 0x42, 0xA6, 0x1A, 0xA3, 
        0xA5, 0x55, 0x59, 0xAF, 0xEA, 0xEB, 0xBA, 0x7D, 0x1F, 0x53, 0xEE, 0x7F, 0xD8, 0x8F, 0x47, 0xD2, 
        0xBE, 0x05, 0x7C, 0x10, 0xB7, 0xF1, 0x46, 0xA8, 0xAB, 0x16, 0xA1, 0xAE, 0x23, 0xEB, 0x17, 0x32, 
        0x11, 0xF3, 0x0B, 0x64, 0x04, 0x42, 0xBF, 0x4D, 0xB9, 0x61, 0xEF, 0x29, 0xAC, 0x6D, 0x1E, 0x1D, 
        0x6F, 0xE2, 0xE5, 0xF6, 0xB5, 0xF1, 0x2B, 0x5D, 0xDE, 0xDA, 0x86, 0xB9, 0x23, 0x45, 0x68, 0x87, 
        0x91, 0x6B, 0x66, 0xA7, 0x6A, 0xC6, 0x9E, 0x83, 0x03, 0x1C, 0x75, 0x03, 0xFD, 0xA3, 0x58, 0x7F, 
        0xB4, 0x0E, 0xBD, 0x27, 0x87, 0xB4, 0x54, 0xF0, 0xC5, 0xA1, 0xF2, 0xED, 0xEC, 0xF4, 0xBB, 0x2D, 
        0x3D, 0x15, 0x78, 0x01, 0x42, 0x0C, 0x8F, 0xC8, 0x62, 0xBE, 0xC8, 0xF0, 0x37, 0xC2, 0x78, 0x6C, 
        0x3E, 0x1C, 0xF8, 0x66, 0xCA, 0x38, 0x40, 0x58, 0xF4, 0xD8, 0x3A, 0x0E, 0xA4, 0xA0, 0x24, 0xFE, 
        0xB5, 0x8B, 0xF7, 0xEA, 0xD9, 0xED, 0x15, 0x7F, 0x9B, 0xFF, 0x00, 0x86, 0x3D, 0x28, 0xBF, 0xAB, 
        0xE5, 0xEE, 0x71, 0xF8, 0xAA, 0xC9, 0xC7, 0xFE, 0xDD, 0x8A, 0x4D, 0xAF, 0x9B, 0x6A, 0xFE, 0x96, 
        0x3E, 0x28, 0xF1, 0x17, 0x86, 0xE6, 0xD3, 0x24, 0x66, 0x11, 0x9D, 0xA3, 0xDA, 0xB0, 0x0F, 0x4A, 
        0xFB, 0x77, 0xC5, 0x1F, 0x02, 0x4E, 0xA7, 0x13, 0x84, 0x87, 0x24, 0xF4, 0xE2, 0xBE, 0x6F, 0xF8, 
        0x9F, 0xF0, 0x3B, 0xC4, 0x1E, 0x09, 0x49, 0xF5, 0x04, 0xD3, 0xAE, 0x27, 0xD3, 0x90, 0x16, 0x91, 
        0xE2, 0x8C, 0xB7, 0x96, 0x3D, 0x48, 0x1D, 0xAB, 0xA0, 0xF1, 0x8E, 0xC7, 0xF6, 0x7F, 0xF0, 0xC3, 
        0xEA, 0xED, 0x13, 0x84, 0xDC, 0x38, 0xED, 0x5F, 0x68, 0x78, 0x63, 0xC3, 0xA9, 0xA5, 0xDA, 0xC6, 
        0x58, 0x61, 0x80, 0xCD, 0x79, 0xAF, 0xEC, 0xED, 0xF0, 0xFE, 0x2F, 0x03, 0x7C, 0x3E, 0xD2, 0x6F, 
        0xB5, 0x65, 0x10, 0x5F, 0xDE, 0x5B, 0xA5, 0xC0, 0x81, 0xF8, 0x64, 0x56, 0x19, 0x5C, 0x8E, 0xD9, 
        0x04, 0x1A, 0xF4, 0xDB, 0xAF, 0x13, 0x41, 0xC8, 0x47, 0x18, 0xA0, 0x0F, 0x99, 0x3F, 0x6C, 0x0F, 
        0x05, 0x49, 0xF0, 0xCB, 0xC5, 0x3A, 0x1F, 0xC7, 0x1F, 0x0A, 0x5B, 0xAC, 0x57, 0xD6, 0x17, 0x29, 
        0x6F, 0xAE, 0xDA, 0xC4, 0x30, 0x97, 0x51, 0x31, 0xC6, 0xE6, 0x03, 0xFB, 0xC3, 0x2A, 0x7D, 0xF0, 
        0x7B, 0x57, 0x25, 0xFF, 0x00, 0x05, 0x09, 0xF8, 0x5F, 0xA6, 0xFC, 0x4C, 0xFD, 0x9F, 0x74, 0xEF, 
        0x1B, 0x68, 0xC8, 0x27, 0xFB, 0x14, 0x09, 0xAC, 0x58, 0xCE, 0xA3, 0x93, 0x03, 0xAA, 0xF9, 0xC9, 
        0x9F, 0x42, 0x84, 0x39, 0xF7, 0x84, 0x57, 0xD1, 0x7F, 0x16, 0xD6, 0xDB, 0xC6, 0x1F, 0x0C, 0xBC, 
        0x57, 0xA3, 0xDC, 0x01, 0x24, 0x57, 0x7A, 0x74, 0xCB, 0x83, 0xD9, 0x82, 0xE5, 0x4F, 0xD4, 0x11, 
        0x5F, 0x37, 0x7C, 0x17, 0xF8, 0x89, 0x1F, 0x8F, 0x3F, 0x66, 0x3B, 0x1F, 0x02, 0xEA, 0x0D, 0xE6, 
        0x4D, 0x14, 0x17, 0x76, 0x00, 0x3F, 0x24, 0xC7, 0x87, 0x00, 0x7D, 0x36, 0xBE, 0x3F, 0x0A, 0xE7, 
        0x5E, 0xE5, 0x5B, 0x2D, 0xA4, 0xAF, 0xF3, 0x47, 0xB3, 0x26, 0xF1, 0x19, 0x7A, 0x9C, 0xB7, 0xA5, 
        0x25, 0x1F, 0xFB, 0x76, 0x49, 0xB4, 0xBE, 0x4D, 0x3B, 0x7A, 0x9E, 0x6B, 0xF1, 0x9F, 0xC2, 0x92, 
        0xF8, 0xD7, 0xE1, 0xF4, 0xFE, 0x33, 0xB2, 0x53, 0x2C, 0x4F, 0x63, 0x69, 0x76, 0x59, 0x06, 0x7E, 
        0x5D, 0xAB, 0x93, 0xF9, 0x1C, 0xD7, 0xE8, 0x17, 0xC1, 0xEF, 0x12, 0xDA, 0x78, 0xAB, 0xE1, 0x1F, 
        0x83, 0x75, 0x78, 0x59, 0x5D, 0x2E, 0x74, 0xA8, 0x32, 0x47, 0x66, 0x55, 0xDA, 0xC3, 0xF3, 0x15, 
        0xF1, 0x4F, 0xFC, 0x13, 0xAF, 0xC7, 0xBA, 0x27, 0xC4, 0xFF, 0x00, 0x87, 0xB7, 0x3F, 0x0F, 0xBC, 
        0x46, 0xCB, 0x26, 0xEB, 0x67, 0xD2, 0x9D, 0x58, 0xF2, 0x54, 0xAB, 0x79, 0x5F, 0xF7, 0xD4, 0x65, 
        0x94, 0x7B, 0xC5, 0x5E, 0x87, 0xFB, 0x37, 0xF8, 0xB2, 0xFF, 0x00, 0xE0, 0xD7, 0x89, 0x3C, 0x41, 
        0xF0, 0x43, 0xC5, 0x73, 0x18, 0xEF, 0xB4, 0xBB, 0x97, 0xB8, 0xD1, 0x6E, 0x64, 0x38, 0x4B, 0xBB, 
        0x77, 0xE4, 0x6C, 0x3F, 0xED, 0x0C, 0x30, 0xF7, 0xC8, 0xEC, 0x68, 0x7E, 0xE5, 0x5B, 0xBD, 0xA4, 
        0xAD, 0xF3, 0x5F, 0xF0, 0xE2, 0x8A, 0xFA, 0xC6, 0x5E, 0xE1, 0x1F, 0x8A, 0x94, 0x9C, 0xBF, 0xED, 
        0xD9, 0x24, 0x9B, 0xF9, 0x34, 0xAF, 0xEA, 0x7D, 0x6D, 0x77, 0xAD, 0x41, 0x68, 0xA5, 0x8E, 0xDE, 
        0x2B, 0xC7, 0x3E, 0x31, 0x7C, 0x69, 0xBA, 0xD1, 0x34, 0x0B, 0xD8, 0x34, 0xC9, 0xBE, 0xCF, 0x3C, 
        0x91, 0xB2, 0x79, 0x89, 0xD4, 0x64, 0x63, 0x8A, 0x7F, 0x8A, 0x7C, 0x54, 0xC9, 0x1B, 0x80, 0xF8, 
        0x35, 0xF3, 0x9F, 0xC4, 0xBD, 0x6D, 0xEF, 0x7C, 0xC0, 0x58, 0x9C, 0xE6, 0xBA, 0x0F, 0x1C, 0xC4, 
        0xF8, 0x79, 0xF1, 0x73, 0x58, 0xD2, 0xA3, 0x5B, 0x1B, 0xAD, 0x42, 0x7B, 0x98, 0xE3, 0x3B, 0x55, 
        0xA7, 0x90, 0xBB, 0x63, 0xD3, 0x27, 0x9A, 0xF6, 0x4D, 0x27, 0xE2, 0x53, 0x5D, 0xA2, 0x96, 0x93, 
        0x93, 0xEF, 0x5F, 0x27, 0x2C, 0xA6, 0xDE, 0xF0, 0xB0, 0xE3, 0x9A, 0xED, 0xB4, 0x0D, 0x7D, 0xE3, 
        0x0B, 0x96, 0x34, 0x01, 0xF4, 0x1F, 0x8B, 0x3C, 0x7D, 0x1E, 0x9D, 0xE0, 0xBD, 0x76, 0xF2, 0x59, 
        0x40, 0x48, 0xAC, 0x65, 0x62, 0x49, 0xFF, 0x00, 0x64, 0xD7, 0xCB, 0xFF, 0x00, 0x04, 0x2C, 0x2F, 
        0xBC, 0x29, 0xA0, 0x9F, 0x11, 0xDD, 0xEE, 0x8A, 0xC2, 0x0D, 0x3A, 0xF2, 0xF8, 0x96, 0xE0, 0x11, 
        0xB0, 0xE0, 0xFE, 0x99, 0xAE, 0xB7, 0x5B, 0x87, 0x55, 0xF8, 0xB3, 0xAE, 0x68, 0x7F, 0x0C, 0xB4, 
        0x16, 0x63, 0xA8, 0xEB, 0x92, 0xA3, 0xDE, 0xCA, 0x39, 0x5B, 0x4B, 0x35, 0x3B, 0x9E, 0x47, 0xF4, 
        0x18, 0x19, 0xF7, 0xC6, 0x3F, 0x88, 0x55, 0x9F, 0xF8, 0x28, 0x2F, 0x8A, 0xB4, 0x1F, 0x84, 0x7E, 
        0x04, 0x1E, 0x04, 0xF0, 0xD9, 0x44, 0x92, 0x4B, 0x74, 0xD2, 0x80, 0x53, 0xC8, 0x40, 0xA0, 0xCB, 
        0xF9, 0x26, 0x14, 0xFB, 0xCB, 0x5C, 0xEB, 0xDF, 0xAB, 0x75, 0xB4, 0x55, 0xBE, 0x6F, 0xFE, 0x18, 
        0xF6, 0x65, 0xFE, 0xCF, 0x97, 0xA8, 0x4B, 0xE2, 0xAB, 0x25, 0x2F, 0xFB, 0x76, 0x29, 0xA4, 0xFE, 
        0x6D, 0xBB, 0x7A, 0x1F, 0x05, 0xFC, 0x1E, 0xF8, 0xA5, 0xA8, 0x7C, 0x23, 0xF1, 0xAD, 0xA6, 0xB9, 
        0x64, 0xD2, 0x18, 0x81, 0x09, 0x73, 0x0C, 0x6D, 0xB4, 0xBA, 0x64, 0x1C, 0xA9, 0xEC, 0xCA, 0x40, 
        0x65, 0x3E, 0xA3, 0xD0, 0x9A, 0xFD, 0x24, 0xF1, 0x4E, 0xBD, 0xE1, 0xBF, 0xDA, 0xD7, 0xC0, 0x5A, 
        0x36, 0xBD, 0x65, 0xA9, 0xC7, 0xA6, 0xF8, 0xD7, 0x4D, 0x4F, 0x32, 0xC3, 0x59, 0xB7, 0xF9, 0x4B, 
        0x63, 0x92, 0xAC, 0x07, 0x38, 0xCF, 0x55, 0xEA, 0x8D, 0x9C, 0x70, 0x48, 0xAF, 0xCA, 0x4A, 0xEC, 
        0xBE, 0x1B, 0x7C, 0x57, 0xD7, 0xFE, 0x17, 0x6A, 0x46, 0xE3, 0x48, 0xB8, 0xCD, 0xBC, 0x8C, 0x0C, 
        0xD6, 0x72, 0xE4, 0xC5, 0x26, 0x3B, 0xE3, 0xF8, 0x5B, 0xFD, 0xA1, 0xCF, 0xD4, 0x71, 0x5B, 0x4A, 
        0x2A, 0x6B, 0x96, 0x47, 0x9B, 0x42, 0xBD, 0x4C, 0x35, 0x45, 0x56, 0x93, 0xB3, 0x5F, 0xD7, 0xCD, 
        0x3E, 0xAB, 0xA9, 0xF7, 0xAD, 0xAF, 0xC7, 0x6D, 0x47, 0x48, 0x90, 0x68, 0x3F, 0x10, 0xAD, 0x5B, 
        0x4B, 0xD5, 0x63, 0xF9, 0x13, 0x53, 0x40, 0x5A, 0xDE, 0xE4, 0x0F, 0xE2, 0xC8, 0xFE, 0x7F, 0x9E, 
        0x2A, 0x96, 0xB9, 0xA8, 0x47, 0xAD, 0xC4, 0x66, 0xB1, 0x9E, 0x2B, 0xE8, 0x9B, 0x90, 0xF6, 0xF2, 
        0x07, 0x07, 0xF2, 0x35, 0xE5, 0x5A, 0x6F, 0xED, 0x17, 0xE1, 0x1F, 0x89, 0x5A, 0x7A, 0xDA, 0xEB, 
        0x17, 0x23, 0x44, 0xBD, 0x61, 0xF3, 0x43, 0xA9, 0x26, 0xF8, 0x09, 0xF6, 0x90, 0x0C, 0x7E, 0x27, 
        0x6D, 0x3E, 0x3F, 0x87, 0x5A, 0x5E, 0xAA, 0xFE, 0x76, 0x9B, 0x71, 0x63, 0x74, 0xA7, 0x90, 0xF6, 
        0x17, 0xC0, 0x8C, 0x7B, 0x00, 0x6B, 0x1B, 0x55, 0x86, 0x8A, 0xD2, 0x5E, 0x7A, 0x33, 0xD2, 0x72, 
        0xCB, 0xF1, 0x1E, 0xF4, 0xD4, 0xA9, 0x4B, 0xFB, 0xA9, 0x4A, 0x3F, 0x24, 0xDC, 0x5A, 0xF4, 0xBB, 
        0xF2, 0x36, 0x6F, 0x74, 0xFB, 0x88, 0x59, 0xA5, 0x95, 0x16, 0xDA, 0x21, 0xC9, 0x92, 0xE1, 0xD6, 
        0x25, 0x1F, 0x8B, 0x11, 0x4E, 0xD0, 0x6F, 0x2E, 0xF5, 0xCD, 0x45, 0x74, 0xBF, 0x0A, 0xDA, 0xFF, 
        0x00, 0xC2, 0x41, 0xAB, 0x13, 0x83, 0x30, 0x05, 0x6C, 0xAD, 0x7F, 0xDA, 0x77, 0x38, 0xDD, 0x8F, 
        0x4E, 0x07, 0xD7, 0xA5, 0x65, 0x45, 0xF0, 0xF7, 0x47, 0xD1, 0xE6, 0xF3, 0xF5, 0x79, 0xAC, 0xA0, 
        0x8D, 0x79, 0x2D, 0x7D, 0x7C, 0x31, 0xF8, 0x82, 0x6A, 0x7D, 0x63, 0xF6, 0xA4, 0xF0, 0xA7, 0xC3, 
        0x6D, 0x31, 0xAC, 0x7C, 0x3F, 0x2A, 0x6A, 0x77, 0x4A, 0x30, 0xB1, 0x69, 0x88, 0x12, 0x10, 0x7D, 
        0xE4, 0xC6, 0x3F, 0x11, 0xB8, 0xD1, 0x6A, 0xB3, 0xD1, 0xDA, 0x2B, 0xCB, 0x57, 0xFA, 0x02, 0x96, 
        0x5F, 0x87, 0xF7, 0xA0, 0xA5, 0x56, 0x5F, 0xDE, 0x4A, 0x31, 0xF9, 0xA4, 0xDB, 0x7E, 0x97, 0x5E, 
        0x67, 0xD2, 0x7E, 0x1E, 0xD6, 0x7C, 0x31, 0xFB, 0x1E, 0xF8, 0x03, 0x58, 0xD6, 0xAF, 0x75, 0x38, 
        0xB5, 0x4F, 0x1D, 0xEA, 0x51, 0xEF, 0xBF, 0xD5, 0xE6, 0x19, 0xF2, 0xF3, 0xD1, 0x10, 0x75, 0xDA, 
        0x0F, 0xDD, 0x4E, 0xAE, 0xD8, 0xE0, 0x00, 0x05, 0x7E, 0x67, 0x7C, 0x61, 0xF8, 0xA5, 0xA8, 0x7C, 
        0x5D, 0xF1, 0xAD, 0xDE, 0xB9, 0x7A, 0xD2, 0x08, 0x89, 0x29, 0x6F, 0x0C, 0x8D, 0xB8, 0xA2, 0x64, 
        0x9C, 0xB1, 0xEE, 0xCC, 0x49, 0x66, 0x3E, 0xA7, 0xD0, 0x0A, 0x8B, 0xE2, 0x4F, 0xC5, 0x8F, 0x10, 
        0x7C, 0x52, 0xD4, 0xFE, 0xD3, 0xAC, 0x5C, 0xFE, 0xE1, 0x18, 0xB4, 0x36, 0x91, 0x12, 0x23, 0x8F, 
        0x3D, 0xF9, 0xE5, 0x9B, 0xFD, 0xA3, 0xCF, 0xD0, 0x71, 0x5C, 0x6D, 0x6D, 0x18, 0xA8, 0x2E, 0x58, 
        0x9E, 0x6D, 0x7A, 0xF5, 0x31, 0x35, 0x1D, 0x5A, 0xAE, 0xED, 0xFF, 0x00, 0x5F, 0x24, 0xBA, 0x2E, 
        0x87, 0xFF, 0xD9, 0x33, 0x33, 0x33, 0x33, 0x33, 0x33, 0x33, 0x33, 0x33, 0x33, 0x33, 0x33, 0x33, 
        0x33, 0x33, 0x33, 0x33, 0x33, 0x33, 0x33, 0x33, 0x33, 0x33, 0x33, 0x33, 0x33, 0x33, 0x33, 0x33, 
        0xFF, 0xD8, 0xFF, 0xE0, 0x00, 0x10, 0x4A, 0x46, 0x49, 0x46, 0x00, 0x01, 0x01, 0x00, 0x00, 0x01, 
        0x00, 0x01, 0x00, 0x00, 0xFF, 0xDB, 0x00, 0x43, 0x00, 0x03, 0x02, 0x02, 0x03, 0x02, 0x02, 0x03, 
        0x03, 0x03, 0x03, 0x04, 0x03, 0x03, 0x04, 0x05, 0x08, 0x05, 0x05, 0x04, 0x04, 0x05, 0x0A, 0x07, 
        0x07, 0x06, 0x08, 0x0C, 0x0A, 0x0C, 0x0C, 0x0B, 0x0A, 0x0B, 0x0B, 0x0D, 0x0E, 0x12, 0x10, 0x0D, 
        0x0E, 0x11, 0x0E, 0x0B, 0x0B, 0x10, 0x16, 0x10, 0x11, 0x13, 0x14, 0x15, 0x15, 0x15, 0x0C, 0x0F, 
        0x17, 0x18, 0x16, 0x14, 0x18, 0x12, 0x14, 0x15, 0x14, 0xFF, 0xDB, 0x00, 0x43, 0x01, 0x03, 0x04, 
        0x04, 0x05, 0x04, 0x05, 0x09, 0x05, 0x05, 0x09, 0x14, 0x0D, 0x0B, 0x0D, 0x14, 0x14, 0x14, 0x14, 
        0x14, 0x14, 0x14, 0x14, 0x14, 0x14, 0x14, 0x14, 0x14, 0x14, 0x14, 0x14, 0x14, 0x14, 0x14, 0x14, 
        0x14, 0x14, 0x14, 0x14, 0x14, 0x14, 0x14, 0x14, 0x14, 0x14, 0x14, 0x14, 0x14, 0x14, 0x14, 0x14, 
        0x14, 0x14, 0x14, 0x14, 0x14, 0x14, 0x14, 0x14, 0x14, 0x14, 0x14, 0x14, 0x14, 0x14, 0xFF, 0xC0, 
        0x00, 0x11, 0x08, 0x00, 0x40, 0x00, 0x40, 0x03, 0x01, 0x22, 0x00, 0x02, 0x11, 0x01, 0x03, 0x11, 
        0x01, 0xFF, 0xC4, 0x00, 0x1F, 0x00, 0x00, 0x01, 0x05, 0x01, 0x01, 0x01, 0x01, 0x01, 0x01, 0x00, 
        0x00, 0x00, 0x00, 0x00, 0x00, 0x00, 0x00, 0x01, 0x02, 0x03, 0x04, 0x05, 0x06, 0x07, 0x08, 0x09, 
        0x0A, 0x0B, 0xFF, 0xC4, 0x00, 0xB5, 0x10, 0x00, 0x02, 0x01, 0x03, 0x03, 0x02, 0x04, 0x03, 0x05, 
        0x05, 0x04, 0x04, 0x00, 0x00, 0x01, 0x7D, 0x01, 0x02, 0x03, 0x00, 0x04, 0x11, 0x05, 0x12, 0x21, 
        0x31, 0x41, 0x06, 0x13, 0x51, 0x61, 0x07, 0x22, 0x71, 0x14, 0x32, 0x81, 0x91, 0xA1, 0x08, 0x23, 
        0x42, 0xB1, 0xC1, 0x15, 0x52, 0xD1, 0xF0, 0x24, 0x33, 0x62, 0x72, 0x82, 0x09, 0x0A, 0x16, 0x17, 
        0x18, 0x19, 0x1A, 0x25, 0x26, 0x27, 0x28, 0x29, 0x2A, 0x34, 0x35, 0x36, 0x37, 0x38, 0x39, 0x3A, 
        0x43, 0x44, 0x45, 0x46, 0x47, 0x48, 0x49, 0x4A, 0x53, 0x54, 0x55, 0x56, 0x57, 0x58, 0x59, 0x5A, 
        0x63, 0x64, 0x65, 0x66, 0x67, 0x68, 0x69, 0x6A, 0x73, 0x74, 0x75, 0x76, 0x77, 0x78, 0x79, 0x7A, 
        0x83, 0x84, 0x85, 0x86, 0x87, 0x88, 0x89, 0x8A, 0x92, 0x93, 0x94, 0x95, 0x96, 0x97, 0x98, 0x99, 
        0x9A, 0xA2, 0xA3, 0xA4, 0xA5, 0xA6, 0xA7, 0xA8, 0xA9, 0xAA, 0xB2, 0xB3, 0xB4, 0xB5, 0xB6, 0xB7, 
        0xB8, 0xB9, 0xBA, 0xC2, 0xC3, 0xC4, 0xC5, 0xC6, 0xC7, 0xC8, 0xC9, 0xCA, 0xD2, 0xD3, 0xD4, 0xD5, 
        0xD6, 0xD7, 0xD8, 0xD9, 0xDA, 0xE1, 0xE2, 0xE3, 0xE4, 0xE5, 0xE6, 0xE7, 0xE8, 0xE9, 0xEA, 0xF1, 
        0xF2, 0xF3, 0xF4, 0xF5, 0xF6, 0xF7, 0xF8, 0xF9, 0xFA, 0xFF, 0xC4, 0x00, 0x1F, 0x01, 0x00, 0x03, 
        0x01, 0x01, 0x01, 0x01, 0x01, 0x01, 0x01, 0x01, 0x01, 0x00, 0x00, 0x00, 0x00, 0x00, 0x00, 0x01, 
        0x02, 0x03, 0x04, 0x05, 0x06, 0x07, 0x08, 0x09, 0x0A, 0x0B, 0xFF, 0xC4, 0x00, 0xB5, 0x11, 0x00, 
        0x02, 0x01, 0x02, 0x04, 0x04, 0x03, 0x04, 0x07, 0x05, 0x04, 0x04, 0x00, 0x01, 0x02, 0x77, 0x00, 
        0x01, 0x02, 0x03, 0x11, 0x04, 0x05, 0x21, 0x31, 0x06, 0x12, 0x41, 0x51, 0x07, 0x61, 0x71, 0x13, 
        0x22, 0x32, 0x81, 0x08, 0x14, 0x42, 0x91, 0xA1, 0xB1, 0xC1, 0x09, 0x23, 0x33, 0x52, 0xF0, 0x15, 
        0x62, 0x72, 0xD1, 0x0A, 0x16, 0x24, 0x34, 0xE1, 0x25, 0xF1, 0x17, 0x18, 0x19, 0x1A, 0x26, 0x27, 
        0x28, 0x29, 0x2A, 0x35, 0x36, 0x37, 0x38, 0x39, 0x3A, 0x43, 0x44, 0x45, 0x46, 0x47, 0x48, 0x49, 
        0x4A, 0x53, 0x54, 0x55, 0x56, 0x57, 0x58, 0x59, 0x5A, 0x63, 0x64, 0x65, 0x66, 0x67, 0x68, 0x69, 
        0x6A, 0x73, 0x74, 0x75, 0x76, 0x77, 0x78, 0x79, 0x7A, 0x82, 0x83, 0x84, 0x85, 0x86, 0x87, 0x88, 
        0x89, 0x8A, 0x92, 0x93, 0x94, 0x95, 0x96, 0x97, 0x98, 0x99, 0x9A, 0xA2, 0xA3, 0xA4, 0xA5, 0xA6, 
        0xA7, 0xA8, 0xA9, 0xAA, 0xB2, 0xB3, 0xB4, 0xB5, 0xB6, 0xB7, 0xB8, 0xB9, 0xBA, 0xC2, 0xC3, 0xC4, 
        0xC5, 0xC6, 0xC7, 0xC8, 0xC9, 0xCA, 0xD2, 0xD3, 0xD4, 0xD5, 0xD6, 0xD7, 0xD8, 0xD9, 0xDA, 0xE2, 
        0xE3, 0xE4, 0xE5, 0xE6, 0xE7, 0xE8, 0xE9, 0xEA, 0xF2, 0xF3, 0xF4, 0xF5, 0xF6, 0xF7, 0xF8, 0xF9, 
        0xFA, 0xFF, 0xDA, 0x00, 0x0C, 0x03, 0x01, 0x00, 0x02, 0x11, 0x03, 0x11, 0x00, 0x3F, 0x00, 0xFC, 
        0xAA, 0xAF, 0x51, 0xF8, 0x15, 0xFB, 0x39, 0x78, 0xC3, 0xF6, 0x80, 0xD6, 0x65, 0xB6, 0xF0, 0xFD, 
        0xAA, 0x5B, 0xE9, 0x96, 0xA4, 0x7D, 0xBB, 0x59, 0xBD, 0x25, 0x2D, 0x6D, 0x47, 0x5E, 0x5B, 0xF8, 
        0x9B, 0x1C, 0x85, 0x5C, 0x9F, 0xA0, 0xE6, 0x9B, 0xFB, 0x3A, 0xFC, 0x0D, 0xD4, 0xBE, 0x3F, 0xFC, 
        0x49, 0xB2, 0xF0, 0xE5, 0x9B, 0x3D, 0xB5, 0x82, 0x8F, 0x3F, 0x51, 0xBD, 0x55, 0xCF, 0xD9, 0xE0, 
        0x04, 0x03, 0x8F, 0x57, 0x62, 0x42, 0xA8, 0xF5, 0x39, 0x3C, 0x02, 0x47, 0xEA, 0xDF, 0x8F, 0x2D, 
        0xBC, 0x25, 0xFB, 0x31, 0xFC, 0x2E, 0xD1, 0xBC, 0x25, 0xA2, 0x69, 0xF1, 0x1B, 0xE9, 0xA2, 0xD9, 
        0x61, 0xA2, 0xC0, 0x7A, 0xFF, 0x00, 0x7A, 0x69, 0x8F, 0x52, 0x33, 0x92, 0x58, 0xF2, 0xCD, 0x9F, 
        0x42, 0x46, 0x55, 0x6A, 0xC2, 0x8C, 0x1C, 0xE6, 0xEC, 0x91, 0xDD, 0x81, 0xC0, 0xE2, 0x33, 0x1C, 
        0x44, 0x70, 0xB8, 0x58, 0xF3, 0x4E, 0x5F, 0x2D, 0xB5, 0x6D, 0xB7, 0xA2, 0x49, 0x6A, 0xDB, 0xD1, 
        0x2D, 0x59, 0xF2, 0xAD, 0x87, 0xC1, 0x4F, 0x83, 0x5F, 0x01, 0xA0, 0x8D, 0x5B, 0xC3, 0xB3, 0x7C, 
        0x55, 0xF1, 0x1A, 0x0C, 0x49, 0xA8, 0x6B, 0x6E, 0x60, 0xD3, 0x11, 0xFB, 0xEC, 0x81, 0x7E, 0xF8, 
        0xFF, 0x00, 0x7B, 0x77, 0xD6, 0xB7, 0xED, 0x7F, 0x68, 0x9F, 0x13, 0x69, 0x5F, 0xB9, 0xF0, 0xEE, 
        0x93, 0xE1, 0x9F, 0x0D, 0x5B, 0x01, 0x85, 0xB7, 0xD2, 0x74, 0x48, 0x94, 0x28, 0xEC, 0x32, 0x6B, 
        0x91, 0xD7, 0x75, 0xE6, 0xD4, 0x35, 0x19, 0x6E, 0xAF, 0x1D, 0x35, 0x4B, 0xE6, 0x27, 0x2C, 0x78, 
        0xB7, 0x8B, 0xFD, 0x94, 0x51, 0xF7, 0xB1, 0xEB, 0xD3, 0xEB, 0xD6, 0xB3, 0x1B, 0x58, 0xBD, 0x23, 
        0x02, 0xE5, 0xE2, 0x51, 0xD1, 0x21, 0x02, 0x35, 0x1F, 0x82, 0xE2, 0xB8, 0xF9, 0xB1, 0x75, 0x75, 
        0x8A, 0x50, 0x5E, 0x6A, 0xEF, 0xE6, 0x93, 0x49, 0x7D, 0xEC, 0xFA, 0x37, 0x4B, 0x20, 0xCB, 0xDF, 
        0x25, 0x69, 0x4F, 0x15, 0x35, 0xBF, 0x23, 0x54, 0xE9, 0xDF, 0xFB, 0xB2, 0x94, 0x67, 0x29, 0xFA, 
        0xF2, 0xC1, 0x3E, 0x97, 0x5A, 0x9E, 0x83, 0x73, 0xFB, 0x44, 0xF8, 0x9B, 0x55, 0xFD, 0xCF, 0x88, 
        0xB4, 0x9F, 0x0C, 0xF8, 0x96, 0xD8, 0xF0, 0xD6, 0xFA, 0xB6, 0x89, 0x13, 0x06, 0x1D, 0xC6, 0x45, 
        0x72, 0x7A, 0xDF, 0xC2, 0xCF, 0x82, 0x1F, 0x1A, 0x15, 0xE2, 0xB8, 0xD0, 0x66, 0xF8, 0x4B, 0xE2, 
        0x29, 0x06, 0x23, 0xD4, 0xF4, 0x57, 0x37, 0x1A, 0x5B, 0x3F, 0x6F, 0x32, 0x03, 0xCA, 0x2F, 0xFB, 
        0xBB, 0x7E, 0xB5, 0xD2, 0x78, 0x0E, 0xCD, 0xB5, 0xCD, 0x91, 0x5D, 0xFF, 0x00, 0xA5, 0xC6, 0xDC, 
        0x15, 0x98, 0x6F, 0xFE, 0x75, 0xDF, 0x6B, 0x5F, 0xB3, 0x55, 0xF5, 0xDE, 0x9E, 0xDA, 0xB7, 0x84, 
        0x72, 0xD7, 0x91, 0x2E, 0xF7, 0xD3, 0x1F, 0x9F, 0x30, 0x77, 0xF2, 0xCF, 0x73, 0xFE, 0xC9, 0xFC, 
        0x28, 0xBE, 0x2E, 0x96, 0xB2, 0x4A, 0x6B, 0xCB, 0x47, 0xF2, 0x4D, 0xB4, 0xFE, 0xF4, 0x0A, 0x9E, 
        0x41, 0x98, 0x3E, 0x4A, 0x32, 0x9E, 0x16, 0x6F, 0x6E, 0x76, 0xAA, 0x53, 0xBF, 0xF7, 0xA5, 0x18, 
        0xC2, 0x50, 0x5E, 0x7C, 0xB3, 0x4B, 0xAD, 0x96, 0xA7, 0xE7, 0xD7, 0xC7, 0x3F, 0xD9, 0xD3, 0xC5, 
        0xDF, 0x00, 0xB5, 0x68, 0x21, 0xD7, 0xAD, 0xE2, 0xBB, 0xD2, 0x6F, 0x32, 0x74, 0xFD, 0x6E, 0xC1, 
        0xBC, 0xCB, 0x3B, 0xC5, 0xEA, 0x36, 0xBF, 0x66, 0xC7, 0x3B, 0x4F, 0x3F, 0x51, 0xCD, 0x79, 0x7D, 
        0x7E, 0xAD, 0xFC, 0x34, 0x4D, 0x23, 0xE2, 0x87, 0x83, 0xB5, 0x7F, 0x03, 0xF8, 0x8A, 0xC0, 0x5E, 
        0xE9, 0x52, 0x03, 0x1D, 0xF6, 0x8D, 0x70, 0x0E, 0xEB, 0x66, 0xCE, 0x04, 0xD0, 0xE7, 0x94, 0x21, 
        0xBD, 0x39, 0x06, 0xBF, 0x3C, 0xBF, 0x68, 0x9F, 0x81, 0xDA, 0x8F, 0xC0, 0x2F, 0x89, 0x17, 0x9E, 
        0x1E, 0xBA, 0x76, 0xBB, 0xD3, 0xA4, 0x1F, 0x68, 0xD3, 0x6F, 0xC8, 0xC0, 0xB9, 0xB7, 0x24, 0xE0, 
        0x9F, 0x47, 0x52, 0x0A, 0xB0, 0xF5, 0x19, 0x1C, 0x10, 0x4F, 0x65, 0x2A, 0xB0, 0xAD, 0x05, 0x38, 
        0x3B, 0xA6, 0x7C, 0xE6, 0x3B, 0x03, 0x88, 0xCB, 0xB1, 0x12, 0xC2, 0xE2, 0xA3, 0xCB, 0x38, 0xFC, 
        0xF7, 0xD5, 0x34, 0xD6, 0x8D, 0x35, 0xAA, 0x6B, 0x46, 0xB5, 0x47, 0xDD, 0x3F, 0xB0, 0xEE, 0x83, 
        0xA6, 0x7C, 0x12, 0xF8, 0x2D, 0x67, 0xE2, 0x3D, 0x45, 0x16, 0x3D, 0x4F, 0x5F, 0x0D, 0xAB, 0x5C, 
        0x39, 0x1F, 0x30, 0xB7, 0x40, 0x44, 0x2B, 0xF4, 0xDB, 0x96, 0x1E, 0xF2, 0x9A, 0x5B, 0xB6, 0xD6, 
        0x3E, 0x29, 0xDE, 0xEA, 0xBE, 0x33, 0xD5, 0x0B, 0xB5, 0xC6, 0xA5, 0x23, 0x47, 0x02, 0xF6, 0x86, 
        0x05, 0xE1, 0x63, 0x5F, 0x41, 0x8E, 0x3F, 0x3F, 0x53, 0x5C, 0xFF, 0x00, 0xC5, 0x3D, 0x61, 0xF4, 
        0x39, 0x2D, 0x7C, 0x35, 0x6C, 0x4C, 0x76, 0xBA, 0x7E, 0x93, 0x67, 0x66, 0xA8, 0xBC, 0x00, 0xAB, 
        0x18, 0xC8, 0xFE, 0x55, 0xF5, 0x9F, 0x83, 0x3E, 0x16, 0xC5, 0x07, 0x80, 0x3C, 0x3D, 0x6E, 0xB1, 
        0x0F, 0xF8, 0xF0, 0x89, 0x8F, 0x1D, 0x4B, 0x2E, 0xE2, 0x7F, 0x5A, 0xE3, 0x97, 0xEF, 0x71, 0x6A, 
        0x2F, 0x68, 0x24, 0xFE, 0x6E, 0xE9, 0x3F, 0x92, 0x4F, 0xEF, 0x3E, 0x8E, 0x9B, 0x79, 0x7F, 0x0F, 
        0xCA, 0xB4, 0x34, 0x9E, 0x2A, 0x6E, 0x17, 0xEB, 0xEC, 0xE9, 0xA8, 0xCA, 0x51, 0xFF, 0x00, 0xB7, 
        0xE5, 0x38, 0xDF, 0xBA, 0x85, 0xB6, 0x6C, 0xF8, 0x97, 0xC4, 0x5E, 0x1B, 0x9B, 0x4C, 0x91, 0x9B, 
        0xCB, 0x3B, 0x7B, 0xF1, 0x58, 0x07, 0xA5, 0x7D, 0xBB, 0xE2, 0x8F, 0x81, 0x27, 0x53, 0x89, 0xC2, 
        0x43, 0x92, 0x7A, 0x71, 0x5F, 0x37, 0xFC, 0x4F, 0xF8, 0x1D, 0xE2, 0x0F, 0x04, 0xA4, 0xFA, 0x82, 
        0x69, 0xD7, 0x13, 0xE9, 0xC8, 0x0B, 0x48, 0xF1, 0x46, 0x5B, 0xCB, 0x1E, 0xA4, 0x0E, 0xD5, 0xE8, 
        0x9F, 0x1C, 0x76, 0x3F, 0xB3, 0xFF, 0x00, 0x86, 0x1F, 0x57, 0x68, 0x9C, 0x26, 0xE1, 0xC7, 0x6A, 
        0xFB, 0x47, 0xC3, 0x1E, 0x1D, 0x4D, 0x2E, 0xD6, 0x32, 0xC3, 0x0C, 0x06, 0x6B, 0xCD, 0x3F, 0x67, 
        0x6F, 0x87, 0xF1, 0x78, 0x1B, 0xE1, 0xF6, 0x93, 0x7D, 0xAB, 0x28, 0x82, 0xFE, 0xF2, 0xDD, 0x2E, 
        0x04, 0x0F, 0xC3, 0x22, 0xB0, 0xCA, 0xE4, 0x76, 0xC8, 0x20, 0xD7, 0xA6, 0xDD, 0x78, 0x9A, 0x0E, 
        0x42, 0x38, 0xC5, 0x00, 0x7C, 0xFF, 0x00, 0xFB, 0x4E, 0xF8, 0x45, 0xBE, 0x1E, 0x78, 0xA7, 0x48, 
        0xF8, 0xB5, 0xE1, 0xC8, 0x16, 0x39, 0xA2, 0xB8, 0x58, 0x35, 0x9B, 0x68, 0xC6, 0x12, 0x70, 0xDC, 
        0x07, 0x23, 0xFD, 0xB1, 0x95, 0x3E, 0xF8, 0x35, 0xE7, 0x3F, 0xF0, 0x50, 0xEF, 0x85, 0x56, 0x1F, 
        0x11, 0x3E, 0x01, 0x59, 0x78, 0xCB, 0x4A, 0x41, 0x33, 0xE9, 0xF1, 0x2E, 0xAD, 0x67, 0x30, 0x1C, 
        0x98, 0x19, 0x57, 0xCE, 0x4C, 0xFA, 0x14, 0x21, 0xCF, 0xBC, 0x22, 0xBE, 0x8D, 0xF8, 0xA9, 0x24, 
        0x1E, 0x28, 0xF8, 0x73, 0xE2, 0x6D, 0x32, 0x5C, 0x3A, 0x4F, 0x63, 0x26, 0x33, 0xD9, 0x94, 0x6E, 
        0x53, 0xF5, 0xC8, 0xAF, 0x03, 0xF0, 0x37, 0x8F, 0xA1, 0xF1, 0xBF, 0xC0, 0x28, 0x3C, 0x0F, 0x7C, 
        0xC2, 0x49, 0x45, 0xB5, 0xCD, 0xA0, 0x0F, 0xCE, 0x63, 0x2A, 0xE3, 0x1F, 0x4D, 0xAD, 0x8A, 0xF3, 
        0xA3, 0xFB, 0x9C, 0x5B, 0x8A, 0xDA, 0x6A, 0xFF, 0x00, 0x35, 0x64, 0xDF, 0xCD, 0x35, 0xF7, 0x1F, 
        0x63, 0x51, 0xBC, 0xC3, 0x87, 0xE3, 0x5A, 0x7A, 0xCF, 0x0B, 0x35, 0x0B, 0xF5, 0xF6, 0x75, 0x14, 
        0xA5, 0x18, 0xFF, 0x00, 0xDB, 0x92, 0x84, 0xAD, 0xD9, 0x4E, 0xDB, 0x24, 0x79, 0xAF, 0x8E, 0x7C, 
        0x35, 0x27, 0x8C, 0x3C, 0x39, 0xFF, 0x00, 0x09, 0x95, 0xA2, 0x99, 0x61, 0x9E, 0xC2, 0xD6, 0xE1, 
        0x99, 0x79, 0xF9, 0x4A, 0x2E, 0x4F, 0xE4, 0x41, 0xAF, 0xBB, 0x3E, 0x12, 0x6B, 0xF6, 0xDE, 0x21, 
        0xF8, 0x55, 0xE1, 0x2D, 0x46, 0x32, 0x18, 0x4B, 0xA6, 0xC4, 0xAD, 0xEC, 0xE8, 0x36, 0xB0, 0xFA, 
        0xE5, 0x6B, 0xE2, 0x9F, 0xF8, 0x27, 0x37, 0xC4, 0x2D, 0x1B, 0xE2, 0x3F, 0x80, 0xE6, 0xF0, 0x1F, 
        0x88, 0x19, 0x5D, 0xD6, 0x06, 0xD3, 0x0A, 0xB1, 0xE4, 0x8D, 0xA7, 0xCA, 0xFF, 0x00, 0xBE, 0xA3, 
        0xDC, 0xA3, 0xDE, 0x2A, 0xF5, 0xBF, 0x82, 0x7E, 0x24, 0xBC, 0xF8, 0x49, 0xE2, 0x3D, 0x6F, 0xE1, 
        0x3F, 0x88, 0xA5, 0xD9, 0x2D, 0xAD, 0xC3, 0x5C, 0x69, 0x37, 0x0F, 0xC2, 0x4E, 0x8D, 0xCE, 0x14, 
        0xFA, 0x30, 0xC3, 0x0F, 0x7C, 0x8A, 0x24, 0xFD, 0x96, 0x2D, 0x49, 0xED, 0x34, 0x97, 0xCD, 0x5D, 
        0xA5, 0xF3, 0x4D, 0xFD, 0xC1, 0x49, 0x3C, 0xC3, 0x87, 0xE5, 0x46, 0x1A, 0xCF, 0x0B, 0x37, 0x3B, 
        0x75, 0xF6, 0x75, 0x14, 0x63, 0x29, 0x7F, 0xDB, 0x92, 0x84, 0x6F, 0xD9, 0x4E, 0xFB, 0x26, 0x7D, 
        0x37, 0x77, 0xAD, 0x41, 0x68, 0xA5, 0x8E, 0xDE, 0x2B, 0xC7, 0x3E, 0x31, 0x7C, 0x69, 0xBA, 0xD1, 
        0x34, 0x0B, 0xD8, 0x34, 0xC9, 0xBE, 0xCF, 0x3C, 0x91, 0xB2, 0x79, 0x89, 0xD4, 0x64, 0x63, 0x8A, 
        0x7F, 0x8A, 0x7C, 0x54, 0xC9, 0x1B, 0x80, 0xF8, 0x35, 0xF3, 0x9F, 0xC4, 0xBD, 0x6D, 0xEF, 0x7C, 
        0xC0, 0x58, 0x9C, 0xE6, 0xBD, 0x13, 0xE3, 0x8C, 0x4F, 0x87, 0x9F, 0x17, 0x35, 0x8D, 0x2A, 0x35, 
        0xB1, 0xBA, 0xD4, 0x27, 0xB9, 0x8E, 0x33, 0xB5, 0x5A, 0x79, 0x0B, 0xB6, 0x3D, 0x32, 0x79, 0xAF, 
        0x64, 0xD2, 0x7E, 0x25, 0x35, 0xDA, 0x29, 0x69, 0x39, 0x3E, 0xF5, 0xF2, 0x72, 0xCA, 0x6D, 0xEF, 
        0x0B, 0x0E, 0x39, 0xAE, 0xDB, 0x40, 0xD7, 0xDE, 0x30, 0xB9, 0x63, 0x40, 0x1F, 0x43, 0x78, 0x9B, 
        0xC7, 0x0B, 0x6F, 0xE1, 0x2D, 0x62, 0x77, 0x93, 0x85, 0xB4, 0x90, 0x7E, 0x25, 0x71, 0xFD, 0x6B, 
        0xE7, 0x4F, 0x87, 0xB6, 0xF7, 0x9E, 0x1A, 0xFB, 0x47, 0x88, 0xAE, 0x4B, 0x45, 0xA7, 0x5A, 0x69, 
        0xB7, 0x57, 0x59, 0x6E, 0x07, 0x08, 0x70, 0x7F, 0x43, 0x5D, 0x85, 0xBD, 0x8E, 0xA7, 0xF1, 0x3F, 
        0x5C, 0xD2, 0x7C, 0x13, 0xA5, 0x16, 0xFB, 0x4E, 0xA5, 0x2A, 0xB5, 0xC4, 0x83, 0xA4, 0x10, 0x0E, 
        0x59, 0xDB, 0xD0, 0x01, 0x93, 0xF9, 0x7A, 0x8A, 0xCF, 0xFF, 0x00, 0x82, 0x85, 0xF8, 0xBF, 0x43, 
        0xF8, 0x57, 0xE0, 0xA7, 0xF0, 0x4F, 0x87, 0xD9, 0x56, 0xE2, 0xE2, 0x14, 0xD3, 0x0E, 0xD3, 0xCE, 
        0xD0, 0x01, 0x97, 0xF2, 0x4C, 0x29, 0xF7, 0x96, 0xBC, 0xE8, 0xFE, 0xF7, 0x16, 0xE4, 0xB6, 0x82, 
        0xB7, 0xCD, 0xD9, 0xB5, 0xF2, 0x49, 0x7D, 0xE7, 0xD8, 0xD5, 0x4F, 0x2F, 0xE1, 0xF8, 0xD1, 0x9E, 
        0x93, 0xC5, 0x4D, 0x4E, 0xDD, 0x7D, 0x9D, 0x35, 0x28, 0xC6, 0x5E, 0x93, 0x94, 0xE5, 0x6E, 0xEA, 
        0x17, 0xD9, 0xA3, 0xE0, 0x9F, 0x83, 0xDF, 0x14, 0xB5, 0x0F, 0x84, 0x7E, 0x35, 0xB4, 0xD7, 0x2C, 
        0x9A, 0x43, 0x10, 0x21, 0x2E, 0x61, 0x8D, 0xB6, 0x97, 0x4C, 0x83, 0x95, 0x3D, 0x99, 0x48, 0x0C, 
        0xA7, 0xD4, 0x7A, 0x13, 0x5F, 0xA6, 0xBA, 0x97, 0x8D, 0xBC, 0x3B, 0xFB, 0x51, 0x78, 0x13, 0x4A, 
        0xD6, 0x6D, 0xEF, 0xE2, 0xB6, 0xF1, 0x45, 0xA4, 0x7B, 0xED, 0xB5, 0x18, 0x7E, 0x5F, 0x33, 0x1C, 
        0x90, 0x47, 0x51, 0xCF, 0x55, 0xEA, 0x8D, 0x9C, 0x70, 0x6B, 0xF2, 0x4E, 0xBB, 0x2F, 0x86, 0xDF, 
        0x15, 0xF5, 0xFF, 0x00, 0x85, 0xDA, 0x91, 0xB8, 0xD2, 0x2E, 0x33, 0x6F, 0x23, 0x03, 0x35, 0x9C, 
        0xB9, 0x31, 0x49, 0x8E, 0xF8, 0xFE, 0x16, 0xFF, 0x00, 0x68, 0x73, 0xF5, 0x1C, 0x57, 0x65, 0x5A, 
        0x50, 0xAD, 0x07, 0x09, 0xAB, 0xA6, 0x7C, 0xE6, 0x07, 0x1D, 0x88, 0xCB, 0xB1, 0x11, 0xC5, 0x61, 
        0x65, 0xCB, 0x38, 0xFC, 0xF7, 0xD1, 0xA6, 0x9E, 0x8D, 0x35, 0xA3, 0x4F, 0x46, 0xB4, 0x67, 0xE8, 
        0x7A, 0xFC, 0x54, 0xD4, 0x2C, 0xBF, 0xE2, 0x53, 0xE2, 0xC8, 0x8C, 0x17, 0xB1, 0xFC, 0x8B, 0x7C, 
        0xBC, 0xA4, 0xA3, 0xD4, 0x91, 0xFC, 0xEB, 0x9B, 0xF1, 0x0D, 0xD1, 0xD4, 0xD4, 0xC9, 0x6C, 0xC2, 
        0xE5, 0x1B, 0x90, 0xD1, 0x10, 0xC3, 0xF4, 0xAF, 0x29, 0xD2, 0x3F, 0x69, 0x0F, 0x0A, 0x7C, 0x42, 
        0xB3, 0x48, 0x75, 0x4B, 0xC3, 0xA0, 0x6A, 0x04, 0x7C, 0xD1, 0xDF, 0x8D, 0xD0, 0x93, 0xED, 0x20, 
        0xE3, 0x1E, 0xE7, 0x6D, 0x6C, 0xDA, 0xE8, 0xFF, 0x00, 0x6F, 0xFD, 0xE6, 0x9D, 0x7F, 0x61, 0x7D, 
        0x19, 0xE4, 0x3D, 0xA5, 0xDA, 0xB0, 0x23, 0xF0, 0x35, 0xC6, 0xA3, 0x8B, 0xA5, 0xA4, 0x5A, 0x9A, 
        0xF3, 0x76, 0x7F, 0x36, 0x93, 0x4F, 0xEE, 0x47, 0xD1, 0xBA, 0x9C, 0x3F, 0x98, 0x3E, 0x7A, 0xD1, 
        0x9E, 0x16, 0x6F, 0x75, 0x08, 0xAA, 0x94, 0xEF, 0xFD, 0xD8, 0xCA, 0x50, 0x94, 0x3D, 0x39, 0xA6, 
        0x97, 0x4B, 0x2D, 0x09, 0x2E, 0x34, 0x8B, 0xC6, 0x90, 0xBF, 0xD9, 0xDA, 0x34, 0xEA, 0x5E, 0x52, 
        0x11, 0x47, 0xE2, 0x71, 0x5B, 0x5E, 0x1A, 0xD2, 0x6E, 0xF5, 0x3B, 0xD4, 0xB3, 0xD3, 0x22, 0x1A, 
        0x9D, 0xF9, 0x38, 0xF9, 0x72, 0x2D, 0xE1, 0xFF, 0x00, 0x69, 0xDC, 0xF5, 0xFE, 0x5F, 0x5A, 0xC7, 
        0x3A, 0x5C, 0x7A, 0x64, 0x9E, 0x76, 0xAD, 0x79, 0x61, 0x69, 0x10, 0xE4, 0xB5, 0xD5, 0xDA, 0xA8, 
        0xFD, 0x4D, 0x51, 0xD7, 0x7F, 0x6A, 0x9F, 0x0C, 0x7C, 0x3D, 0xB0, 0x7B, 0x5D, 0x12, 0xE0, 0x6B, 
        0x17, 0xC0, 0x61, 0x53, 0x4F, 0x5D, 0xB1, 0x03, 0xEF, 0x21, 0x18, 0xFC, 0x46, 0xE3, 0x45, 0xB1, 
        0x75, 0x74, 0x93, 0x50, 0x5E, 0x5A, 0xBF, 0x93, 0x69, 0x25, 0xF7, 0x30, 0x55, 0x32, 0x0C, 0xBD, 
        0xF3, 0xD1, 0x8C, 0xF1, 0x53, 0x5B, 0x29, 0xA5, 0x4E, 0x9D, 0xFF, 0x00, 0xBD, 0x18, 0xCA, 0x72, 
        0x9A, 0xF2, 0xE6, 0x82, 0x7D, 0x6E, 0xB4, 0x3E, 0xA1, 0xB6, 0xF1, 0x8F, 0x86, 0x7F, 0x65, 0x0F, 
        0x00, 0xEA, 0x9A, 0xB5, 0xCD, 0xFC, 0x37, 0x7E, 0x2E, 0xBC, 0x8B, 0x75, 0xD6, 0xA1, 0x28, 0xCF, 
        0x94, 0x0F, 0x40, 0xA3, 0xAE, 0x33, 0xF7, 0x53, 0xAB, 0xB6, 0x3B, 0x0A, 0xFC, 0xBD, 0xF8, 0xC3, 
        0xF1, 0x4B, 0x50, 0xF8, 0xBB, 0xE3, 0x5B, 0xBD, 0x72, 0xF5, 0xA4, 0x11, 0x12, 0x52, 0xDE, 0x19, 
        0x1B, 0x71, 0x44, 0xC9, 0x39, 0x63, 0xDD, 0x98, 0x92, 0xCC, 0x7D, 0x4F, 0xA0, 0x15, 0x17, 0xC4, 
        0x9F, 0x8B, 0x1E, 0x20, 0xF8, 0xA5, 0xA9, 0xFD, 0xA7, 0x58, 0xB9, 0xFD, 0xC2, 0x31, 0x68, 0x6D, 
        0x22, 0x24, 0x47, 0x1E, 0x7B, 0xF3, 0xCB, 0x37, 0xFB, 0x47, 0x9F, 0xA0, 0xE2, 0xB8, 0xDA, 0xEC, 
        0xA5, 0x4A, 0x14, 0x60, 0xA1, 0x05, 0x64, 0x8F, 0x9C, 0xC7, 0x63, 0xB1, 0x19, 0x96, 0x22, 0x58, 
        0xAC, 0x54, 0xB9, 0xA7, 0x2F, 0x96, 0xDA, 0x24, 0x92, 0xD1, 0x24, 0xB4, 0x49, 0x68, 0x96, 0x88, 
        0xFF, 0xD9, 0x33, 0x33, 0x33, 0x33, 0x33, 0x33, 0x33, 0x33, 0x33, 0x33, 0x33, 0x33, 0x33, 0x33, 
        0x33, 0x33, 0x33, 0x33, 0x33, 0x33, 0x33, 0x33, 0x33, 0x33, 0x33, 0x33, 0x33, 0x33, 0x33, 0x33, 
        0x33, 0x33, 0x33, 0x33, 0x33, 0x33, 0x33, 0x33, 0x33, 0x33, 0x33, 0x33, 0x33, 0x33, 0x33, 0x33, 
        0x33, 0x33, 0x33, 0x33, 0x33, 0x33, 0x33, 0x33, 0x33, 0x33, 0x33, 0x33, 0x33, 0x33, 0x33, 0x33, 
        0x33, 0x33, 0x33, 0x33, 0x33, 0x33, 0x33, 0x33, 0x33, 0x33, 0x33, 0x33, 0x33, 0x33, 0x33, 0x33, 
        0x33, 0x33, 0x33, 0x33, 0x33, 0x33, 0x33, 0x33, 0x33, 0x33, 0x33, 0x33, 0x33, 0x33, 0x33, 0x33, 
        0x33, 0x33, 0x33, 0x33, 0x33, 0x33, 0x33, 0x33, 0x33, 0x33, 0x33, 0x33, 0x33, 0x33, 0x33, 0x33, 
        0x33, 0x33, 0x33, 0x33, 0x33, 0x33, 0x33, 0x33, 0x33, 0x33, 0x33, 0x33, 0x33, 0x33, 0x33, 0x33, 
        0x33, 0x33, 0x33, 0x33, 0x33, 0x33, 0x33, 0x33, 0x33, 0x33, 0x33, 0x33, 0x33, 0x33, 0x33, 0x33, 
        0x33, 0x33, 0x33, 0x33, 0x33, 0x33, 0x33, 0x33, 0x33, 0x33, 0x33, 0x33, 0x33, 0x33, 0x33, 0x33, 
        0x33, 0x33, 0x33, 0x33, 0x33, 0x33, 0x33, 0x33, 0x33, 0x33, 0x33, 0x33, 0x33, 0x33, 0x33, 0x33, 
        0x33, 0x33, 0x33, 0x33, 0x33, 0x33, 0x33, 0x33, 0x33, 0x33, 0x33, 0x33, 0x33, 0x33, 0x33, 0x33, 
        0x33, 0x33, 0x33, 0x33, 0x33, 0x33, 0x33, 0x33, 0x33, 0x33, 0x33, 0x33, 0x33, 0x33, 0x33, 0x33, 
        0x33, 0x33, 0x33, 0x33, 0x33, 0x33, 0x33, 0x33, 0x33, 0x33, 0x33, 0x33, 0x33, 0x33, 0x33, 0x33, 
        0x33, 0x33, 0x33, 0x33, 0x33, 0x33, 0x33, 0x33, 0x33, 0x33, 0x33, 0x33, 0x33, 0x33, 0x33, 0x33, 
        0x33, 0x33, 0x33, 0x33, 0x33, 0x33, 0x33, 0x33, 0x33, 0x33, 0x33, 0x33, 0x33, 0x33, 0x33, 0x33, 
        0x33, 0x33, 0x33, 0x33, 0x33, 0x33, 0x33, 0x33, 0x33, 0x33, 0x33, 0x33, 0x33, 0x33, 0x33, 0x33, 
        0x33, 0x33, 0x33, 0x33, 0x33, 0x33, 0x33, 0x33, 0x33, 0x33, 0x33, 0x33, 0x33, 0x33, 0x33, 0x33, 
        0x33, 0x33, 0x33, 0x33, 0x33, 0x33, 0x33, 0x33, 0x33, 0x33, 0x33, 0x33, 0x33, 0x33, 0x33, 0x33, 
        0x33, 0x33, 0x33, 0x33, 0x33, 0x33, 0x33, 0x33, 0x33, 0x33, 0x33, 0x33, 0x33, 0x33, 0x33, 0x33, 
        0x33, 0x33, 0x33, 0x33, 0x33, 0x33, 0x33, 0x33, 0x33, 0x33, 0x33, 0x33, 0x33, 0x33, 0x33, 0x33, 
        0x33, 0x33, 0x33, 0x33, 0x33, 0x33, 0x33, 0x33, 0x33, 0x33, 0x33, 0x33, 0x33, 0x33, 0x33, 0x33, 
        0x33, 0x33, 0x33, 0x33, 0x33, 0x33, 0x33, 0x33, 0x33, 0x33, 0x33, 0x33, 0x33, 0x33, 0x33, 0x33, 
        0x33, 0x33, 0x33, 0x33, 0x33, 0x33, 0x33, 0x33, 0x33, 0x33, 0x33, 0x33, 0x33, 0x33, 0x33, 0x33, 
        0x33, 0x33, 0x33, 0x33, 0x33, 0x33, 0x33, 0x33, 0x33, 0x33, 0x33, 0x33, 0x33, 0x33, 0x33, 0x33, 
        0x33, 0x33, 0x33, 0x33, 0x33, 0x33, 0x33, 0x33, 0x33, 0x33, 0x33, 0x33, 0x33, 0x33, 0x33, 0x33, 
        0x33, 0x33, 0x33, 0x33, 0x33, 0x33, 0x33, 0x33, 0x33, 0x33, 0x33, 0x33, 0x33, 0x33, 0x33, 0x33, 
        0x33, 0x33, 0x33, 0x33, 0x33, 0x33, 0x33, 0x33, 0x33, 0x33, 0x33, 0x33, 0x33, 0x33, 0x33, 0x33, 
        0xFF, 0xD8, 0xFF, 0xE0, 0x00, 0x10, 0x4A, 0x46, 0x49, 0x46, 0x00, 0x01, 0x01, 0x00, 0x00, 0x01, 
        0x00, 0x01, 0x00, 0x00, 0xFF, 0xDB, 0x00, 0x43, 0x00, 0x03, 0x02, 0x02, 0x03, 0x02, 0x02, 0x03, 
        0x03, 0x03, 0x03, 0x04, 0x03, 0x03, 0x04, 0x05, 0x08, 0x05, 0x05, 0x04, 0x04, 0x05, 0x0A, 0x07, 
        0x07, 0x06, 0x08, 0x0C, 0x0A, 0x0C, 0x0C, 0x0B, 0x0A, 0x0B, 0x0B, 0x0D, 0x0E, 0x12, 0x10, 0x0D, 
        0x0E, 0x11, 0x0E, 0x0B, 0x0B, 0x10, 0x16, 0x10, 0x11, 0x13, 0x14, 0x15, 0x15, 0x15, 0x0C, 0x0F, 
        0x17, 0x18, 0x16, 0x14, 0x18, 0x12, 0x14, 0x15, 0x14, 0xFF, 0xDB, 0x00, 0x43, 0x01, 0x03, 0x04, 
        0x04, 0x05, 0x04, 0x05, 0x09, 0x05, 0x05, 0x09, 0x14, 0x0D, 0x0B, 0x0D, 0x14, 0x14, 0x14, 0x14, 
        0x14, 0x14, 0x14, 0x14, 0x14, 0x14, 0x14, 0x14, 0x14, 0x14, 0x14, 0x14, 0x14, 0x14, 0x14, 0x14, 
        0x14, 0x14, 0x14, 0x14, 0x14, 0x14, 0x14, 0x14, 0x14, 0x14, 0x14, 0x14, 0x14, 0x14, 0x14, 0x14, 
        0x14, 0x14, 0x14, 0x14, 0x14, 0x14, 0x14, 0x14, 0x14, 0x14, 0x14, 0x14, 0x14, 0x14, 0xFF, 0xC0, 
        0x00, 0x11, 0x08, 0x00, 0x40, 0x00, 0x40, 0x03, 0x01, 0x22, 0x00, 0x02, 0x11, 0x01, 0x03, 0x11, 
        0x01, 0xFF, 0xC4, 0x00, 0x1F, 0x00, 0x00, 0x01, 0x05, 0x01, 0x01, 0x01, 0x01, 0x01, 0x01, 0x00, 
        0x00, 0x00, 0x00, 0x00, 0x00, 0x00, 0x00, 0x01, 0x02, 0x03, 0x04, 0x05, 0x06, 0x07, 0x08, 0x09, 
        0x0A, 0x0B, 0xFF, 0xC4, 0x00, 0xB5, 0x10, 0x00, 0x02, 0x01, 0x03, 0x03, 0x02, 0x04, 0x03, 0x05, 
        0x05, 0x04, 0x04, 0x00, 0x00, 0x01, 0x7D, 0x01, 0x02, 0x03, 0x00, 0x04, 0x11, 0x05, 0x12, 0x21, 
        0x31, 0x41, 0x06, 0x13, 0x51, 0x61, 0x07, 0x22, 0x71, 0x14, 0x32, 0x81, 0x91, 0xA1, 0x08, 0x23, 
        0x42, 0xB1, 0xC1, 0x15, 0x52, 0xD1, 0xF0, 0x24, 0x33, 0x62, 0x72, 0x82, 0x09, 0x0A, 0x16, 0x17, 
        0x18, 0x19, 0x1A, 0x25, 0x26, 0x27, 0x28, 0x29, 0x2A, 0x34, 0x35, 0x36, 0x37, 0x38, 0x39, 0x3A, 
        0x43, 0x44, 0x45, 0x46, 0x47, 0x48, 0x49, 0x4A, 0x53, 0x54, 0x55, 0x56, 0x57, 0x58, 0x59, 0x5A, 
        0x63, 0x64, 0x65, 0x66, 0x67, 0x68, 0x69, 0x6A, 0x73, 0x74, 0x75, 0x76, 0x77, 0x78, 0x79, 0x7A, 
        0x83, 0x84, 0x85, 0x86, 0x87, 0x88, 0x89, 0x8A, 0x92, 0x93, 0x94, 0x95, 0x96, 0x97, 0x98, 0x99, 
        0x9A, 0xA2, 0xA3, 0xA4, 0xA5, 0xA6, 0xA7, 0xA8, 0xA9, 0xAA, 0xB2, 0xB3, 0xB4, 0xB5, 0xB6, 0xB7, 
        0xB8, 0xB9, 0xBA, 0xC2, 0xC3, 0xC4, 0xC5, 0xC6, 0xC7, 0xC8, 0xC9, 0xCA, 0xD2, 0xD3, 0xD4, 0xD5, 
        0xD6, 0xD7, 0xD8, 0xD9, 0xDA, 0xE1, 0xE2, 0xE3, 0xE4, 0xE5, 0xE6, 0xE7, 0xE8, 0xE9, 0xEA, 0xF1, 
        0xF2, 0xF3, 0xF4, 0xF5, 0xF6, 0xF7, 0xF8, 0xF9, 0xFA, 0xFF, 0xC4, 0x00, 0x1F, 0x01, 0x00, 0x03, 
        0x01, 0x01, 0x01, 0x01, 0x01, 0x01, 0x01, 0x01, 0x01, 0x00, 0x00, 0x00, 0x00, 0x00, 0x00, 0x01, 
        0x02, 0x03, 0x04, 0x05, 0x06, 0x07, 0x08, 0x09, 0x0A, 0x0B, 0xFF, 0xC4, 0x00, 0xB5, 0x11, 0x00, 
        0x02, 0x01, 0x02, 0x04, 0x04, 0x03, 0x04, 0x07, 0x05, 0x04, 0x04, 0x00, 0x01, 0x02, 0x77, 0x00, 
        0x01, 0x02, 0x03, 0x11, 0x04, 0x05, 0x21, 0x31, 0x06, 0x12, 0x41, 0x51, 0x07, 0x61, 0x71, 0x13, 
        0x22, 0x32, 0x81, 0x08, 0x14, 0x42, 0x91, 0xA1, 0xB1, 0xC1, 0x09, 0x23, 0x33, 0x52, 0xF0, 0x15, 
        0x62, 0x72, 0xD1, 0x0A, 0x16, 0x24, 0x34, 0xE1, 0x25, 0xF1, 0x17, 0x18, 0x19, 0x1A, 0x26, 0x27, 
        0x28, 0x29, 0x2A, 0x35, 0x36, 0x37, 0x38, 0x39, 0x3A, 0x43, 0x44, 0x45, 0x46, 0x47, 0x48, 0x49, 
        0x4A, 0x53, 0x54, 0x55, 0x56, 0x57, 0x58, 0x59, 0x5A, 0x63, 0x64, 0x65, 0x66, 0x67, 0x68, 0x69, 
        0x6A, 0x73, 0x74, 0x75, 0x76, 0x77, 0x78, 0x79, 0x7A, 0x82, 0x83, 0x84, 0x85, 0x86, 0x87, 0x88, 
        0x89, 0x8A, 0x92, 0x93, 0x94, 0x95, 0x96, 0x97, 0x98, 0x99, 0x9A, 0xA2, 0xA3, 0xA4, 0xA5, 0xA6, 
        0xA7, 0xA8, 0xA9, 0xAA, 0xB2, 0xB3, 0xB4, 0xB5, 0xB6, 0xB7, 0xB8, 0xB9, 0xBA, 0xC2, 0xC3, 0xC4, 
        0xC5, 0xC6, 0xC7, 0xC8, 0xC9, 0xCA, 0xD2, 0xD3, 0xD4, 0xD5, 0xD6, 0xD7, 0xD8, 0xD9, 0xDA, 0xE2, 
        0xE3, 0xE4, 0xE5, 0xE6, 0xE7, 0xE8, 0xE9, 0xEA, 0xF2, 0xF3, 0xF4, 0xF5, 0xF6, 0xF7, 0xF8, 0xF9, 
        0xFA, 0xFF, 0xDA, 0x00, 0x0C, 0x03, 0x01, 0x00, 0x02, 0x11, 0x03, 0x11, 0x00, 0x3F, 0x00, 0xFC, 
        0xAA, 0xAF, 0x51, 0xF8, 0x15, 0xFB, 0x39, 0x78, 0xC3, 0xF6, 0x80, 0xD6, 0x65, 0xB6, 0xF0, 0xFD, 
        0xAA, 0x5B, 0xE9, 0x96, 0xA4, 0x7D, 0xBB, 0x59, 0xBD, 0x25, 0x2D, 0x6D, 0x47, 0x5E, 0x5B, 0xF8, 
        0x9B, 0x1C, 0x85, 0x5C, 0x9F, 0xA0, 0xE6, 0x9B, 0xFB, 0x3A, 0xFC, 0x0D, 0xD4, 0xBE, 0x3F, 0xFC, 
        0x49, 0xB2, 0xF0, 0xE5, 0x9B, 0x3D, 0xB5, 0x82, 0x8F, 0x3F, 0x51, 0xBD, 0x55, 0xCF, 0xD9, 0xE0, 
        0x04, 0x03, 0x8F, 0x57, 0x62, 0x42, 0xA8, 0xF5, 0x39, 0x3C, 0x02, 0x47, 0xEA, 0x57, 0xC5, 0x3B, 
        0xFF, 0x00, 0x08, 0x7E, 0xCA, 0x3F, 0x0B, 0x34, 0x2F, 0x07, 0x68, 0x1A, 0x5C, 0x57, 0x5A, 0xDD, 
        0xE4, 0x7E, 0x5E, 0x95, 0xE1, 0xEB, 0x63, 0xF7, 0xCF, 0xF1, 0x4F, 0x39, 0xEA, 0x57, 0x39, 0x25, 
        0x8F, 0x2E, 0xD9, 0xEC, 0x09, 0x13, 0x29, 0x28, 0x2E, 0x69, 0x1B, 0xD0, 0xA1, 0x53, 0x13, 0x51, 
        0x52, 0xA4, 0xAE, 0xDF, 0xF5, 0xF2, 0x4B, 0xAB, 0xE8, 0x7C, 0xC7, 0x6D, 0xF0, 0x6B, 0xE0, 0xBF, 
        0xEC, 0xFF, 0x00, 0x68, 0x86, 0x6D, 0x02, 0x4F, 0x8A, 0x1E, 0x20, 0x8C, 0x62, 0x4D, 0x4B, 0x5E, 
        0x93, 0xEC, 0xDA, 0x62, 0x3F, 0x7D, 0x90, 0x0F, 0xBE, 0x3F, 0xDE, 0xDD, 0xF5, 0xAB, 0x51, 0xFE, 
        0xD6, 0xDA, 0x96, 0x8A, 0xDE, 0x47, 0x87, 0x6C, 0x3C, 0x37, 0xE1, 0xFB, 0x71, 0xC2, 0xDB, 0xE8, 
        0xBA, 0x0C, 0x60, 0x28, 0xF4, 0x0C, 0x47, 0x35, 0xC7, 0x6A, 0xB1, 0xBE, 0xB3, 0xAA, 0xC9, 0xA9, 
        0x78, 0x8A, 0xE1, 0x7C, 0x41, 0xAB, 0xB3, 0x64, 0xA6, 0x4A, 0xD9, 0x5B, 0xFF, 0x00, 0xB0, 0x88, 
        0x31, 0xBF, 0x1D, 0x33, 0xC0, 0xFA, 0xF5, 0xA9, 0x63, 0xD4, 0xAE, 0x60, 0x8C, 0x24, 0x12, 0x0B, 
        0x58, 0xC0, 0xC0, 0x8E, 0xD9, 0x16, 0x25, 0x03, 0xE8, 0xA0, 0x56, 0x37, 0xAB, 0x3D, 0x55, 0xA2, 
        0xBC, 0xF5, 0x7F, 0xA1, 0xE9, 0x38, 0xE5, 0xF8, 0x7F, 0x76, 0x6E, 0x55, 0x65, 0xFD, 0xD6, 0xA3, 
        0x1F, 0x93, 0x6A, 0x4D, 0xFA, 0xD9, 0x1D, 0x64, 0x9F, 0xB5, 0xBE, 0xA5, 0xAD, 0x37, 0x91, 0xE2, 
        0x2B, 0x0F, 0x0D, 0x78, 0x82, 0xDC, 0xF0, 0xD6, 0xFA, 0xD6, 0x83, 0x19, 0x0C, 0x3D, 0x0B, 0x01, 
        0xC5, 0x64, 0x6A, 0xBF, 0x0C, 0xBE, 0x06, 0xFC, 0x70, 0x85, 0x83, 0xE8, 0x92, 0x7C, 0x29, 0xD7, 
        0xA5, 0x18, 0x8F, 0x55, 0xD0, 0xA4, 0x37, 0x3A, 0x53, 0x3F, 0x6F, 0x32, 0x13, 0xF7, 0x17, 0xFD, 
        0xDD, 0xBF, 0x5A, 0xE9, 0x3C, 0x13, 0xA6, 0xAF, 0x89, 0x15, 0x6D, 0xF5, 0x08, 0x93, 0x50, 0x85, 
        0xF8, 0x64, 0xB9, 0x41, 0x20, 0x23, 0xF1, 0xAE, 0x9F, 0xC4, 0x3F, 0xB2, 0x45, 0xFB, 0x59, 0xBE, 
        0xBF, 0xF0, 0xEA, 0x56, 0xB5, 0xD5, 0x22, 0x1E, 0x63, 0xE8, 0xF2, 0x1D, 0xD1, 0x5C, 0x01, 0xD4, 
        0x26, 0x7B, 0xFB, 0x1F, 0xC3, 0x14, 0x5E, 0xAC, 0x35, 0x76, 0x92, 0xF2, 0xD1, 0xFE, 0xA0, 0xA3, 
        0x97, 0xE2, 0x3D, 0xD8, 0x39, 0x52, 0x97, 0xF7, 0x9A, 0x94, 0x7E, 0x6D, 0x24, 0xD7, 0xAD, 0xA5, 
        0xE6, 0x7C, 0x29, 0xF1, 0xCF, 0xF6, 0x74, 0xF1, 0x77, 0xC0, 0x2D, 0x5A, 0x08, 0x75, 0xEB, 0x78, 
        0xAE, 0xF4, 0x9B, 0xCC, 0x9D, 0x3F, 0x5B, 0xB0, 0x6F, 0x32, 0xCE, 0xF1, 0x7A, 0x8D, 0xAF, 0xD9, 
        0xB1, 0xCE, 0xD3, 0xCF, 0xD4, 0x73, 0x5E, 0x5F, 0x5F, 0xA9, 0x7F, 0x07, 0x75, 0x4D, 0x1F, 0xE3, 
        0x1F, 0x83, 0x35, 0xBF, 0x01, 0x78, 0x9F, 0x4C, 0xF3, 0x6D, 0xD4, 0x18, 0xB5, 0x3F, 0x0F, 0xDD, 
        0x02, 0x1E, 0xD5, 0xF3, 0x81, 0x3C, 0x19, 0xE5, 0x30, 0xDE, 0x9C, 0xA9, 0xC7, 0xB1, 0x3F, 0x01, 
        0x7E, 0xD1, 0x3F, 0x03, 0xB5, 0x1F, 0x80, 0x5F, 0x12, 0x2F, 0x3C, 0x3D, 0x74, 0xED, 0x77, 0xA7, 
        0x48, 0x3E, 0xD1, 0xA6, 0xDF, 0x91, 0x81, 0x73, 0x6E, 0x49, 0xC1, 0x3E, 0x8E, 0xA4, 0x15, 0x61, 
        0xEA, 0x32, 0x38, 0x20, 0x9D, 0xA3, 0x25, 0x35, 0xCD, 0x13, 0xCD, 0xAF, 0x42, 0xA6, 0x1A, 0xA3, 
        0xA5, 0x55, 0x59, 0xAF, 0xEA, 0xEB, 0xBA, 0x7D, 0x1F, 0x53, 0xEE, 0x7F, 0xD8, 0x8F, 0x47, 0xD2, 
        0xBE, 0x05, 0x7C, 0x10, 0xB7, 0xF1, 0x46, 0xA8, 0xAB, 0x16, 0xA1, 0xAE, 0x23, 0xEB, 0x17, 0x32, 
        0x11, 0xF3, 0x0B, 0x64, 0x04, 0x42, 0xBF, 0x4D, 0xB9, 0x61, 0xEF, 0x29, 0xAC, 0x6D, 0x1E, 0x1D, 
        0x6F, 0xE2, 0xE5, 0xF6, 0xB5, 0xF1, 0x2B, 0x5D, 0xDE, 0xDA, 0x86, 0xB9, 0x23, 0x45, 0x68, 0x87, 
        0x91, 0x6B, 0x66, 0xA7, 0x6A, 0xC6, 0x9E, 0x83, 0x03, 0x1C, 0x75, 0x03, 0xFD, 0xA3, 0x58, 0x7F, 
        0xB4, 0x0E, 0xBD, 0x27, 0x87, 0xB4, 0x54, 0xF0, 0xC5, 0xA1, 0xF2, 0xED, 0xEC, 0xF4, 0xBB, 0x2D, 
        0x3D, 0x15, 0x78, 0x01, 0x42, 0x0C, 0x8F, 0xC8, 0x62, 0xBE, 0xC8, 0xF0, 0x37, 0xC2, 0x78, 0x6C, 
        0x3E, 0x1C, 0xF8, 0x66, 0xCA, 0x38, 0x40, 0x58, 0xF4, 0xD8, 0x3A, 0x0E, 0xA4, 0xA0, 0x24, 0xFE, 
        0xB5, 0x8B, 0xF7, 0xEA, 0xD9, 0xED, 0x15, 0x7F, 0x9B, 0xFF, 0x00, 0x86, 0x3D, 0x28, 0xBF, 0xAB, 
        0xE5, 0xEE, 0x71, 0xF8, 0xAA, 0xC9, 0xC7, 0xFE, 0xDD, 0x8A, 0x4D, 0xAF, 0x9B, 0x6A, 0xFE, 0x96, 
        0x3E, 0x28, 0xF1, 0x17, 0x86, 0xE6, 0xD3, 0x24, 0x66, 0x11, 0x9D, 0xA3, 0xDA, 0xB0, 0x0F, 0x4A, 
        0xFB, 0x77, 0xC5, 0x1F, 0x02, 0x4E, 0xA7, 0x13, 0x84, 0x87, 0x24, 0xF4, 0xE2, 0xBE, 0x6F, 0xF8, 
        0x9F, 0xF0, 0x3B, 0xC4, 0x1E, 0x09, 0x49, 0xF5, 0x04, 0xD3, 0xAE, 0x27, 0xD3, 0x90, 0x16, 0x91, 
        0xE2, 0x8C, 0xB7, 0x96, 0x3D, 0x48, 0x1D, 0xAB, 0xA0, 0xF1, 0x8E, 0xC7, 0xF6, 0x7F, 0xF0, 0xC3, 
        0xEA, 0xED, 0x13, 0x84, 0xDC, 0x38, 0xED, 0x5F, 0x68, 0x78, 0x63, 0xC3, 0xA9, 0xA5, 0xDA, 0xC6, 
        0x58, 0x61, 0x80, 0xCD, 0x79, 0xAF, 0xEC, 0xED, 0xF0, 0xFE, 0x2F, 0x03, 0x7C, 0x3E, 0xD2, 0x6F, 
        0xB5, 0x65, 0x10, 0x5F, 0xDE, 0x5B, 0xA5, 0xC0, 0x81, 0xF8, 0x64, 0x56, 0x19, 0x5C, 0x8E, 0xD9, 
        0x04, 0x1A, 0xF4, 0xDB, 0xAF, 0x13, 0x41, 0xC8, 0x47, 0x18, 0xA0, 0x0F, 0x99, 0x3F, 0x6C, 0x0F, 
        0x05, 0x49, 0xF0, 0xCB, 0xC5, 0x3A, 0x1F, 0xC7, 0x1F, 0x0A, 0x5B, 0xAC, 0x57, 0xD6, 0x17, 0x29, 
        0x6F, 0xAE, 0xDA, 0xC4, 0x30, 0x97, 0x51, 0x31, 0xC6, 0xE6, 0x03, 0xFB, 0xC3, 0x2A, 0x7D, 0xF0, 
        0x7B, 0x57, 0x25, 0xFF, 0x00, 0x05, 0x09, 0xF8, 0x5F, 0xA6, 0xFC, 0x4C, 0xFD, 0x9F, 0x74, 0xEF, 
        0x1B, 0x68, 0xC8, 0x27, 0xFB, 0x14, 0x09, 0xAC, 0x58, 0xCE, 0xA3, 0x93, 0x03, 0xAA, 0xF9, 0xC9, 
        0x9F, 0x42, 0x84, 0x39, 0xF7, 0x84, 0x57, 0xD1, 0x7F, 0x16, 0xD6, 0xDB, 0xC6, 0x1F, 0x0C, 0xBC, 
        0x57, 0xA3, 0xDC, 0x01, 0x24, 0x57, 0x7A, 0x74, 0xCB, 0x83, 0xD9, 0x82, 0xE5, 0x4F, 0xD4, 0x11, 
        0x5F, 0x37, 0x7C, 0x17, 0xF8, 0x89, 0x1F, 0x8F, 0x3F, 0x66, 0x3B, 0x1F, 0x02, 0xEA, 0x0D, 0xE6, 
        0x4D, 0x14, 0x17, 0x76, 0x00, 0x3F, 0x24, 0xC7, 0x87, 0x00, 0x7D, 0x36, 0xBE, 0x3F, 0x0A, 0xE7, 
        0x5E, 0xE5, 0x5B, 0x2D, 0xA4, 0xAF, 0xF3, 0x47, 0xB3, 0x26, 0xF1, 0x19, 0x7A, 0x9C, 0xB7, 0xA5, 
        0x25, 0x1F, 0xFB, 0x76, 0x49, 0xB4, 0xBE, 0x4D, 0x3B, 0x7A, 0x9E, 0x6B, 0xF1, 0x9F, 0xC2, 0x92, 
        0xF8, 0xD7, 0xE1, 0xF4, 0xFE, 0x33, 0xB2, 0x53, 0x2C, 0x4F, 0x63, 0x69, 0x76, 0x59, 0x06, 0x7E, 
        0x5D, 0xAB, 0x93, 0xF9, 0x1C, 0xD7, 0xE8, 0x17, 0xC1, 0xEF, 0x12, 0xDA, 0x78, 0xAB, 0xE1, 0x1F, 
        0x83, 0x75, 0x78, 0x59, 0x5D, 0x2E, 0x74, 0xA8, 0x32, 0x47, 0x66, 0x55, 0xDA, 0xC3, 0xF3, 0x15, 
        0xF1, 0x4F, 0xFC, 0x13, 0xAF, 0xC7, 0xBA, 0x27, 0xC4, 0xFF, 0x00, 0x87, 0xB7, 0x3F, 0x0F, 0xBC, 
        0x46, 0xCB, 0x26, 0xEB, 0x67, 0xD2, 0x9D, 0x58, 0xF2, 0x54, 0xAB, 0x79, 0x5F, 0xF7, 0xD4, 0x65, 
        0x94, 0x7B, 0xC5, 0x5E, 0x87, 0xFB, 0x37, 0xF8, 0xB2, 0xFF, 0x00, 0xE0, 0xD7, 0x89, 0x3C, 0x41, 
        0xF0, 0x43, 0xC5, 0x73, 0x18, 0xEF, 0xB4, 0xBB, 0x97, 0xB8, 0xD1, 0x6E, 0x64, 0x38, 0x4B, 0xBB, 
        0x77, 0xE4, 0x6C, 0x3F, 0xED, 0x0C, 0x30, 0xF7, 0xC8, 0xEC, 0x68, 0x7E, 0xE5, 0x5B, 0xBD, 0xA4, 
        0xAD, 0xF3, 0x5F, 0xF0, 0xE2, 0x8A, 0xFA, 0xC6, 0x5E, 0xE1, 0x1F, 0x8A, 0x94, 0x9C, 0xBF, 0xED, 
        0xD9, 0x24, 0x9B, 0xF9, 0x34, 0xAF, 0xEA, 0x7D, 0x6D, 0x77, 0xAD, 0x41, 0x68, 0xA5, 0x8E, 0xDE, 
        0x2B, 0xC7, 0x3E, 0x31, 0x7C, 0x69, 0xBA, 0xD1, 0x34, 0x0B, 0xD8, 0x34, 0xC9, 0xBE, 0xCF, 0x3C, 
        0x91, 0xB2, 0x79, 0x89, 0xD4, 0x64, 0x63, 0x8A, 0x7F, 0x8A, 0x7C, 0x54, 0xC9, 0x1B, 0x80, 0xF8, 
        0x35, 0xF3, 0x9F, 0xC4, 0xBD, 0x6D, 0xEF, 0x7C, 0xC0, 0x58, 0x9C, 0xE6, 0xBA, 0x0F, 0x1C, 0xC4, 
        0xF8, 0x79, 0xF1, 0x73, 0x58, 0xD2, 0xA3, 0x5B, 0x1B, 0xAD, 0x42, 0x7B, 0x98, 0xE3, 0x3B, 0x55, 
        0xA7, 0x90, 0xBB, 0x63, 0xD3, 0x27, 0x9A, 0xF6, 0x4D, 0x27, 0xE2, 0x53, 0x5D, 0xA2, 0x96, 0x93, 
        0x93, 0xEF, 0x5F, 0x27, 0x2C, 0xA6, 0xDE, 0xF0, 0xB0, 0xE3, 0x9A, 0xED, 0xB4, 0x0D, 0x7D, 0xE3, 
        0x0B, 0x96, 0x34, 0x01, 0xF4, 0x1F, 0x8B, 0x3C, 0x7D, 0x1E, 0x9D, 0xE0, 0xBD, 0x76, 0xF2, 0x59, 
        0x40, 0x48, 0xAC, 0x65, 0x62, 0x49, 0xFF, 0x00, 0x64, 0xD7, 0xCB, 0xFF, 0x00, 0x04, 0x2C, 0x2F, 
        0xBC, 0x29, 0xA0, 0x9F, 0x11, 0xDD, 0xEE, 0x8A, 0xC2, 0x0D, 0x3A, 0xF2, 0xF8, 0x96, 0xE0, 0x11, 
        0xB0, 0xE0, 0xFE, 0x99, 0xAE, 0xB7, 0x5B, 0x87, 0x55, 0xF8, 0xB3, 0xAE, 0x68, 0x7F, 0x0C, 0xB4, 
        0x16, 0x63, 0xA8, 0xEB, 0x92, 0xA3, 0xDE, 0xCA, 0x39, 0x5B, 0x4B, 0x35, 0x3B, 0x9E, 0x47, 0xF4, 
        0x18, 0x19, 0xF7, 0xC6, 0x3F, 0x88, 0x55, 0x9F, 0xF8, 0x28, 0x2F, 0x8A, 0xB4, 0x1F, 0x84, 0x7E, 
        0x04, 0x1E, 0x04, 0xF0, 0xD9, 0x44, 0x92, 0x4B, 0x74, 0xD2, 0x80, 0x53, 0xC8, 0x40, 0xA0, 0xCB, 
        0xF9, 0x26, 0x14, 0xFB, 0xCB, 0x5C, 0xEB, 0xDF, 0xAB, 0x75, 0xB4, 0x55, 0xBE, 0x6F, 0xFE, 0x18, 
        0xF6, 0x65, 0xFE, 0xCF, 0x97, 0xA8, 0x4B, 0xE2, 0xAB, 0x25, 0x2F, 0xFB, 0x76, 0x29, 0xA4, 0xFE, 
        0x6D, 0xBB, 0x7A, 0x1F, 0x05, 0xFC, 0x1E, 0xF8, 0xA5, 0xA8, 0x7C, 0x23, 0xF1, 0xAD, 0xA6, 0xB9, 
        0x64, 0xD2, 0x18, 0x81, 0x09, 0x73, 0x0C, 0x6D, 0xB4, 0xBA, 0x64, 0x1C, 0xA9, 0xEC, 0xCA, 0x40, 
        0x65, 0x3E, 0xA3, 0xD0, 0x9A, 0xFD, 0x24, 0xF1, 0x4E, 0xBD, 0xE1, 0xBF, 0xDA, 0xD7, 0xC0, 0x5A, 
        0x36, 0xBD, 0x65, 0xA9, 0xC7, 0xA6, 0xF8, 0xD7, 0x4D, 0x4F, 0x32, 0xC3, 0x59, 0xB7, 0xF9, 0x4B, 
        0x63, 0x92, 0xAC, 0x07, 0x38, 0xCF, 0x55, 0xEA, 0x8D, 0x9C, 0x70, 0x48, 0xAF, 0xCA, 0x4A, 0xEC, 
        0xBE, 0x1B, 0x7C, 0x57, 0xD7, 0xFE, 0x17, 0x6A, 0x46, 0xE3, 0x48, 0xB8, 0xCD, 0xBC, 0x8C, 0x0C, 
        0xD6, 0x72, 0xE4, 0xC5, 0x26, 0x3B, 0xE3, 0xF8, 0x5B, 0xFD, 0xA1, 0xCF, 0xD4, 0x71, 0x5B, 0x4A, 
        0x2A, 0x6B, 0x96, 0x47, 0x9B, 0x42, 0xBD, 0x4C, 0x35, 0x45, 0x56, 0x93, 0xB3, 0x5F, 0xD7, 0xCD, 
        0x3E, 0xAB, 0xA9, 0xF7, 0xAD, 0xAF, 0xC7, 0x6D, 0x47, 0x48, 0x90, 0x68, 0x3F, 0x10, 0xAD, 0x5B, 
        0x4B, 0xD5, 0x63, 0xF9, 0x13, 0x53, 0x40, 0x5A, 0xDE, 0xE4, 0x0F, 0xE2, 0xC8, 0xFE, 0x7F, 0x9E, 
        0x2A, 0x96, 0xB9, 0xA8, 0x47, 0xAD, 0xC4, 0x66, 0xB1, 0x9E, 0x2B, 0xE8, 0x9B, 0x90, 0xF6, 0xF2, 
        0x07, 0x07, 0xF2, 0x35, 0xE5, 0x5A, 0x6F, 0xED, 0x17, 0xE1, 0x1F, 0x89, 0x5A, 0x7A, 0xDA, 0xEB, 
        0x17, 0x23, 0x44, 0xBD, 0x61, 0xF3, 0x43, 0xA9, 0x26, 0xF8, 0x09, 0xF6, 0x90, 0x0C, 0x7E, 0x27, 
        0x6D, 0x3E, 0x3F, 0x87, 0x5A, 0x5E, 0xAA, 0xFE, 0x76, 0x9B, 0x71, 0x63, 0x74, 0xA7, 0x90, 0xF6, 
        0x17, 0xC0, 0x8C, 0x7B, 0x00, 0x6B, 0x1B, 0x55, 0x86, 0x8A, 0xD2, 0x5E, 0x7A, 0x33, 0xD2, 0x72, 
        0xCB, 0xF1, 0x1E, 0xF4, 0xD4, 0xA9, 0x4B, 0xFB, 0xA9, 0x4A, 0x3F, 0x24, 0xDC, 0x5A, 0xF4, 0xBB, 
        0xF2, 0x36, 0x6F, 0x74, 0xFB, 0x88, 0x59, 0xA5, 0x95, 0x16, 0xDA, 0x21, 0xC9, 0x92, 0xE1, 0xD6, 
        0x25, 0x1F, 0x8B, 0x11, 0x4E, 0xD0, 0x6F, 0x2E, 0xF5, 0xCD, 0x45, 0x74, 0xBF, 0x0A, 0xDA, 0xFF, 
        0x00, 0xC2, 0x41, 0xAB, 0x13, 0x83, 0x30, 0x05, 0x6C, 0xAD, 0x7F, 0xDA, 0x77, 0x38, 0xDD, 0x8F, 
        0x4E, 0x07, 0xD7, 0xA5, 0x65, 0x45, 0xF0, 0xF7, 0x47, 0xD1, 0xE6, 0xF3, 0xF5, 0x79, 0xAC, 0xA0, 
        0x8D, 0x79, 0x2D, 0x7D, 0x7C, 0x31, 0xF8, 0x82, 0x6A, 0x7D, 0x63, 0xF6, 0xA4, 0xF0, 0xA7, 0xC3, 
        0x6D, 0x31, 0xAC, 0x7C, 0x3F, 0x2A, 0x6A, 0x77, 0x4A, 0x30, 0xB1, 0x69, 0x88, 0x12, 0x10, 0x7D, 
        0xE4, 0xC6, 0x3F, 0x11, 0xB8, 0xD1, 0x6A, 0xB3, 0xD1, 0xDA, 0x2B, 0xCB, 0x57, 0xFA, 0x02, 0x96, 
        0x5F, 0x87, 0xF7, 0xA0, 0xA5, 0x56, 0x5F, 0xDE, 0x4A, 0x31, 0xF9, 0xA4, 0xDB, 0x7E, 0x97, 0x5E, 
        0x67, 0xD2, 0x7E, 0x1E, 0xD6, 0x7C, 0x31, 0xFB, 0x1E, 0xF8, 0x03, 0x58, 0xD6, 0xAF, 0x75, 0x38, 
        0xB5, 0x4F, 0x1D, 0xEA, 0x51, 0xEF, 0xBF, 0xD5, 0xE6, 0x19, 0xF2, 0xF3, 0xD1, 0x10, 0x75, 0xDA, 
        0x0F, 0xDD, 0x4E, 0xAE, 0xD8, 0xE0, 0x00, 0x05, 0x7E, 0x67, 0x7C, 0x61, 0xF8, 0xA5, 0xA8, 0x7C, 
        0x5D, 0xF1, 0xAD, 0xDE, 0xB9, 0x7A, 0xD2, 0x08, 0x89, 0x29, 0x6F, 0x0C, 0x8D, 0xB8, 0xA2, 0x64, 
        0x9C, 0xB1, 0xEE, 0xCC, 0x49, 0x66, 0x3E, 0xA7, 0xD0, 0x0A, 0x8B, 0xE2, 0x4F, 0xC5, 0x8F, 0x10, 
        0x7C, 0x52, 0xD4, 0xFE, 0xD3, 0xAC, 0x5C, 0xFE, 0xE1, 0x18, 0xB4, 0x36, 0x91, 0x12, 0x23, 0x8F, 
        0x3D, 0xF9, 0xE5, 0x9B, 0xFD, 0xA3, 0xCF, 0xD0, 0x71, 0x5C, 0x6D, 0x6D, 0x18, 0xA8, 0x2E, 0x58, 
        0x9E, 0x6D, 0x7A, 0xF5, 0x31, 0x35, 0x1D, 0x5A, 0xAE, 0xED, 0xFF, 0x00, 0x5F, 0x24, 0xBA, 0x2E, 
        0x87, 0xFF, 0xD9, 0x33, 0x33, 0x33, 0x33, 0x33, 0x33, 0x33, 0x33, 0x33, 0x33, 0x33, 0x33, 0x33, 
        0x33, 0x33, 0x33, 0x33, 0x33, 0x33, 0x33, 0x33, 0x33, 0x33, 0x33, 0x33, 0x33, 0x33, 0x33, 0x33, 
        0xFF, 0xD8, 0xFF, 0xE0, 0x00, 0x10, 0x4A, 0x46, 0x49, 0x46, 0x00, 0x01, 0x01, 0x00, 0x00, 0x01, 
        0x00, 0x01, 0x00, 0x00, 0xFF, 0xDB, 0x00, 0x43, 0x00, 0x03, 0x02, 0x02, 0x03, 0x02, 0x02, 0x03, 
        0x03, 0x03, 0x03, 0x04, 0x03, 0x03, 0x04, 0x05, 0x08, 0x05, 0x05, 0x04, 0x04, 0x05, 0x0A, 0x07, 
        0x07, 0x06, 0x08, 0x0C, 0x0A, 0x0C, 0x0C, 0x0B, 0x0A, 0x0B, 0x0B, 0x0D, 0x0E, 0x12, 0x10, 0x0D, 
        0x0E, 0x11, 0x0E, 0x0B, 0x0B, 0x10, 0x16, 0x10, 0x11, 0x13, 0x14, 0x15, 0x15, 0x15, 0x0C, 0x0F, 
        0x17, 0x18, 0x16, 0x14, 0x18, 0x12, 0x14, 0x15, 0x14, 0xFF, 0xDB, 0x00, 0x43, 0x01, 0x03, 0x04, 
        0x04, 0x05, 0x04, 0x05, 0x09, 0x05, 0x05, 0x09, 0x14, 0x0D, 0x0B, 0x0D, 0x14, 0x14, 0x14, 0x14, 
        0x14, 0x14, 0x14, 0x14, 0x14, 0x14, 0x14, 0x14, 0x14, 0x14, 0x14, 0x14, 0x14, 0x14, 0x14, 0x14, 
        0x14, 0x14, 0x14, 0x14, 0x14, 0x14, 0x14, 0x14, 0x14, 0x14, 0x14, 0x14, 0x14, 0x14, 0x14, 0x14, 
        0x14, 0x14, 0x14, 0x14, 0x14, 0x14, 0x14, 0x14, 0x14, 0x14, 0x14, 0x14, 0x14, 0x14, 0xFF, 0xC0, 
        0x00, 0x11, 0x08, 0x00, 0x40, 0x00, 0x40, 0x03, 0x01, 0x22, 0x00, 0x02, 0x11, 0x01, 0x03, 0x11, 
        0x01, 0xFF, 0xC4, 0x00, 0x1F, 0x00, 0x00, 0x01, 0x05, 0x01, 0x01, 0x01, 0x01, 0x01, 0x01, 0x00, 
        0x00, 0x00, 0x00, 0x00, 0x00, 0x00, 0x00, 0x01, 0x02, 0x03, 0x04, 0x05, 0x06, 0x07, 0x08, 0x09, 
        0x0A, 0x0B, 0xFF, 0xC4, 0x00, 0xB5, 0x10, 0x00, 0x02, 0x01, 0x03, 0x03, 0x02, 0x04, 0x03, 0x05, 
        0x05, 0x04, 0x04, 0x00, 0x00, 0x01, 0x7D, 0x01, 0x02, 0x03, 0x00, 0x04, 0x11, 0x05, 0x12, 0x21, 
        0x31, 0x41, 0x06, 0x13, 0x51, 0x61, 0x07, 0x22, 0x71, 0x14, 0x32, 0x81, 0x91, 0xA1, 0x08, 0x23, 
        0x42, 0xB1, 0xC1, 0x15, 0x52, 0xD1, 0xF0, 0x24, 0x33, 0x62, 0x72, 0x82, 0x09, 0x0A, 0x16, 0x17, 
        0x18, 0x19, 0x1A, 0x25, 0x26, 0x27, 0x28, 0x29, 0x2A, 0x34, 0x35, 0x36, 0x37, 0x38, 0x39, 0x3A, 
        0x43, 0x44, 0x45, 0x46, 0x47, 0x48, 0x49, 0x4A, 0x53, 0x54, 0x55, 0x56, 0x57, 0x58, 0x59, 0x5A, 
        0x63, 0x64, 0x65, 0x66, 0x67, 0x68, 0x69, 0x6A, 0x73, 0x74, 0x75, 0x76, 0x77, 0x78, 0x79, 0x7A, 
        0x83, 0x84, 0x85, 0x86, 0x87, 0x88, 0x89, 0x8A, 0x92, 0x93, 0x94, 0x95, 0x96, 0x97, 0x98, 0x99, 
        0x9A, 0xA2, 0xA3, 0xA4, 0xA5, 0xA6, 0xA7, 0xA8, 0xA9, 0xAA, 0xB2, 0xB3, 0xB4, 0xB5, 0xB6, 0xB7, 
        0xB8, 0xB9, 0xBA, 0xC2, 0xC3, 0xC4, 0xC5, 0xC6, 0xC7, 0xC8, 0xC9, 0xCA, 0xD2, 0xD3, 0xD4, 0xD5, 
        0xD6, 0xD7, 0xD8, 0xD9, 0xDA, 0xE1, 0xE2, 0xE3, 0xE4, 0xE5, 0xE6, 0xE7, 0xE8, 0xE9, 0xEA, 0xF1, 
        0xF2, 0xF3, 0xF4, 0xF5, 0xF6, 0xF7, 0xF8, 0xF9, 0xFA, 0xFF, 0xC4, 0x00, 0x1F, 0x01, 0x00, 0x03, 
        0x01, 0x01, 0x01, 0x01, 0x01, 0x01, 0x01, 0x01, 0x01, 0x00, 0x00, 0x00, 0x00, 0x00, 0x00, 0x01, 
        0x02, 0x03, 0x04, 0x05, 0x06, 0x07, 0x08, 0x09, 0x0A, 0x0B, 0xFF, 0xC4, 0x00, 0xB5, 0x11, 0x00, 
        0x02, 0x01, 0x02, 0x04, 0x04, 0x03, 0x04, 0x07, 0x05, 0x04, 0x04, 0x00, 0x01, 0x02, 0x77, 0x00, 
        0x01, 0x02, 0x03, 0x11, 0x04, 0x05, 0x21, 0x31, 0x06, 0x12, 0x41, 0x51, 0x07, 0x61, 0x71, 0x13, 
        0x22, 0x32, 0x81, 0x08, 0x14, 0x42, 0x91, 0xA1, 0xB1, 0xC1, 0x09, 0x23, 0x33, 0x52, 0xF0, 0x15, 
        0x62, 0x72, 0xD1, 0x0A, 0x16, 0x24, 0x34, 0xE1, 0x25, 0xF1, 0x17, 0x18, 0x19, 0x1A, 0x26, 0x27, 
        0x28, 0x29, 0x2A, 0x35, 0x36, 0x37, 0x38, 0x39, 0x3A, 0x43, 0x44, 0x45, 0x46, 0x47, 0x48, 0x49, 
        0x4A, 0x53, 0x54, 0x55, 0x56, 0x57, 0x58, 0x59, 0x5A, 0x63, 0x64, 0x65, 0x66, 0x67, 0x68, 0x69, 
        0x6A, 0x73, 0x74, 0x75, 0x76, 0x77, 0x78, 0x79, 0x7A, 0x82, 0x83, 0x84, 0x85, 0x86, 0x87, 0x88, 
        0x89, 0x8A, 0x92, 0x93, 0x94, 0x95, 0x96, 0x97, 0x98, 0x99, 0x9A, 0xA2, 0xA3, 0xA4, 0xA5, 0xA6, 
        0xA7, 0xA8, 0xA9, 0xAA, 0xB2, 0xB3, 0xB4, 0xB5, 0xB6, 0xB7, 0xB8, 0xB9, 0xBA, 0xC2, 0xC3, 0xC4, 
        0xC5, 0xC6, 0xC7, 0xC8, 0xC9, 0xCA, 0xD2, 0xD3, 0xD4, 0xD5, 0xD6, 0xD7, 0xD8, 0xD9, 0xDA, 0xE2, 
        0xE3, 0xE4, 0xE5, 0xE6, 0xE7, 0xE8, 0xE9, 0xEA, 0xF2, 0xF3, 0xF4, 0xF5, 0xF6, 0xF7, 0xF8, 0xF9, 
        0xFA, 0xFF, 0xDA, 0x00, 0x0C, 0x03, 0x01, 0x00, 0x02, 0x11, 0x03, 0x11, 0x00, 0x3F, 0x00, 0xFC, 
        0xAA, 0xAF, 0x51, 0xF8, 0x15, 0xFB, 0x39, 0x78, 0xC3, 0xF6, 0x80, 0xD6, 0x65, 0xB6, 0xF0, 0xFD, 
        0xAA, 0x5B, 0xE9, 0x96, 0xA4, 0x7D, 0xBB, 0x59, 0xBD, 0x25, 0x2D, 0x6D, 0x47, 0x5E, 0x5B, 0xF8, 
        0x9B, 0x1C, 0x85, 0x5C, 0x9F, 0xA0, 0xE6, 0x9B, 0xFB, 0x3A, 0xFC, 0x0D, 0xD4, 0xBE, 0x3F, 0xFC, 
        0x49, 0xB2, 0xF0, 0xE5, 0x9B, 0x3D, 0xB5, 0x82, 0x8F, 0x3F, 0x51, 0xBD, 0x55, 0xCF, 0xD9, 0xE0, 
        0x04, 0x03, 0x8F, 0x57, 0x62, 0x42, 0xA8, 0xF5, 0x39, 0x3C, 0x02, 0x47, 0xEA, 0x0F, 0xC6, 0x0D, 
        0x73, 0xC2, 0x1F, 0xB2, 0x37, 0xC2, 0xBD, 0x03, 0xC1, 0x9E, 0x1D, 0xD2, 0x62, 0xBE, 0xF1, 0x15, 
        0xFC, 0x7E, 0x5E, 0x91, 0xE1, 0xBB, 0x66, 0xFB, 0xFF, 0x00, 0xDE, 0xB8, 0xB8, 0x6E, 0xBB, 0x73, 
        0x92, 0xCC, 0x79, 0x63, 0x9E, 0x70, 0x09, 0x09, 0xB4, 0x95, 0xD9, 0x70, 0x84, 0xAA, 0x49, 0x46, 
        0x2B, 0x53, 0xE6, 0xB8, 0x3E, 0x0E, 0x7C, 0x15, 0xFD, 0x9E, 0xEC, 0x95, 0xEE, 0x74, 0x27, 0xF8, 
        0x9D, 0xAF, 0x46, 0x31, 0x26, 0xA7, 0xAF, 0xCB, 0xF6, 0x6D, 0x2D, 0x1F, 0xBE, 0xC8, 0x47, 0xDF, 
        0x1F, 0xEF, 0x6E, 0xFA, 0xD2, 0x2F, 0xED, 0x9B, 0x73, 0xA2, 0x39, 0xB6, 0xF0, 0xDD, 0x9F, 0x87, 
        0x34, 0x38, 0x17, 0x85, 0xB7, 0xD0, 0xB4, 0x04, 0xC2, 0x81, 0xD0, 0x06, 0xC7, 0x35, 0xE0, 0x9E, 
        0x39, 0xF8, 0x89, 0xFD, 0xAF, 0xAE, 0x4D, 0x79, 0xA8, 0x4D, 0x17, 0x8C, 0xF5, 0xE2, 0xC7, 0x74, 
        0xF2, 0x64, 0x69, 0x76, 0x87, 0xFB, 0x90, 0x44, 0xB8, 0xF3, 0x71, 0xD3, 0x71, 0xC2, 0x9C, 0x70, 
        0x1B, 0xAD, 0x61, 0xC1, 0xE2, 0xDF, 0x17, 0x5E, 0x30, 0x48, 0xEF, 0xEE, 0xED, 0xA1, 0x1F, 0x76, 
        0x1B, 0x14, 0x5B, 0x68, 0xD4, 0x7A, 0x05, 0x8C, 0x0A, 0x8F, 0x7D, 0xED, 0xA1, 0xD3, 0x6C, 0x3D, 
        0x3D, 0x1D, 0xE4, 0xFC, 0xB4, 0x5F, 0x93, 0x6F, 0xEE, 0x47, 0xD2, 0xED, 0xFB, 0x66, 0xDC, 0x6B, 
        0x6E, 0x2D, 0xBC, 0x49, 0x67, 0xE1, 0xCD, 0x72, 0x06, 0xE1, 0xAD, 0xF5, 0xDD, 0x01, 0x30, 0xC0, 
        0xF5, 0x05, 0xB1, 0xC5, 0x53, 0xD4, 0xFE, 0x1A, 0x7C, 0x0B, 0xF8, 0xE9, 0x6E, 0x4F, 0xF6, 0x33, 
        0xFC, 0x2C, 0xD7, 0x25, 0x18, 0x8B, 0x56, 0xD0, 0x65, 0xFB, 0x4E, 0x94, 0xCF, 0xDB, 0xCC, 0x84, 
        0xFD, 0xC5, 0xFF, 0x00, 0x77, 0x6F, 0xD6, 0xBC, 0x5A, 0xC3, 0xC4, 0x1E, 0x23, 0x48, 0xFC, 0xBB, 
        0xCB, 0xBB, 0x9B, 0x98, 0x5B, 0x86, 0x8A, 0xFD, 0x04, 0xF1, 0xB0, 0xF4, 0x21, 0xC1, 0xAD, 0x6D, 
        0x2D, 0x61, 0x4B, 0xC4, 0xBB, 0xD1, 0xE5, 0x8F, 0xC2, 0xFA, 0xCE, 0x72, 0x0A, 0x12, 0x74, 0xEB, 
        0x93, 0xFD, 0xD9, 0x10, 0xE7, 0xCA, 0xCF, 0xF7, 0x86, 0x57, 0xD9, 0x7A, 0xD1, 0xEF, 0xAF, 0x30, 
        0xB6, 0x1E, 0xA6, 0x91, 0xBC, 0x5F, 0x9E, 0xAB, 0xF2, 0x4D, 0x7D, 0xCC, 0xF3, 0x3F, 0x8E, 0x7F, 
        0xB3, 0xA7, 0x8B, 0xBE, 0x01, 0x6A, 0xD0, 0x43, 0xAF, 0x5B, 0xC5, 0x77, 0xA4, 0xDE, 0x64, 0xE9, 
        0xFA, 0xDD, 0x83, 0x79, 0x96, 0x77, 0x8B, 0xD4, 0x6D, 0x7E, 0xCD, 0x8E, 0x76, 0x9E, 0x7E, 0xA3, 
        0x9A, 0xF2, 0xFA, 0xFD, 0x42, 0xF8, 0x23, 0xE2, 0x0D, 0x1B, 0xE3, 0x67, 0x82, 0xF5, 0xCF, 0x00, 
        0x78, 0xA7, 0x4B, 0x0C, 0xB1, 0x8F, 0x2F, 0x55, 0xF0, 0xE5, 0xC9, 0xCB, 0x5B, 0x37, 0xF0, 0xDC, 
        0xDB, 0x9E, 0xA0, 0x67, 0x04, 0x15, 0xE8, 0x70, 0x7D, 0x09, 0xF8, 0x2F, 0xF6, 0x89, 0xF8, 0x1D, 
        0xA8, 0xFC, 0x02, 0xF8, 0x91, 0x79, 0xE1, 0xEB, 0xA7, 0x6B, 0xBD, 0x3A, 0x41, 0xF6, 0x8D, 0x36, 
        0xFC, 0x8C, 0x0B, 0x9B, 0x72, 0x4E, 0x09, 0xF4, 0x75, 0x20, 0xAB, 0x0F, 0x51, 0x91, 0xC1, 0x04, 
        0xDA, 0x69, 0xAB, 0xA3, 0x9A, 0x70, 0x95, 0x39, 0x38, 0xC9, 0x6A, 0x7D, 0xCD, 0xFB, 0x12, 0xE9, 
        0x3A, 0x4F, 0xC0, 0x7F, 0x81, 0xD0, 0x78, 0xAB, 0x56, 0x55, 0x8A, 0xFB, 0x5A, 0x8E, 0x4D, 0x6A, 
        0xEA, 0x42, 0x3E, 0x65, 0xB5, 0x8C, 0x11, 0x0A, 0xFD, 0x36, 0xE5, 0x87, 0xBC, 0xA6, 0xBE, 0x78, 
        0xF8, 0x87, 0xE2, 0xEF, 0x13, 0x7C, 0x63, 0xF1, 0x1E, 0xA5, 0xE2, 0x1B, 0xC6, 0x93, 0xFB, 0x6F, 
        0xC5, 0x40, 0xC9, 0x2B, 0x03, 0xFF, 0x00, 0x1E, 0x1A, 0x58, 0x25, 0x61, 0xB5, 0x8F, 0xFB, 0xA1, 
        0xC2, 0x92, 0xD8, 0xEA, 0xA0, 0x7F, 0x7C, 0xE7, 0xD1, 0xFF, 0x00, 0x69, 0x8F, 0x10, 0x4B, 0xE1, 
        0xDF, 0x0B, 0xFF, 0x00, 0xC2, 0x2D, 0x66, 0xC6, 0x38, 0x2D, 0xF4, 0xCB, 0x0D, 0x35, 0x15, 0x78, 
        0x01, 0x76, 0x8C, 0x8F, 0xA6, 0x06, 0x2B, 0xD4, 0x7C, 0x29, 0xF0, 0x4D, 0x2D, 0x34, 0x58, 0x67, 
        0x58, 0x07, 0x99, 0x34, 0x51, 0x85, 0xC2, 0xF4, 0x45, 0x40, 0xAA, 0x07, 0xE0, 0x2A, 0x37, 0x9D, 
        0xBB, 0x1D, 0x2B, 0xF7, 0x78, 0x7B, 0xAD, 0xE4, 0xED, 0xF2, 0x56, 0xFC, 0xDB, 0x5F, 0x71, 0xF3, 
        0x1E, 0x85, 0xF0, 0xF3, 0x4E, 0xD1, 0xA3, 0x51, 0x24, 0x42, 0x49, 0x40, 0xE7, 0x22, 0xBA, 0xFD, 
        0x0A, 0xCA, 0xD2, 0x0D, 0x4A, 0xDC, 0x7D, 0x9E, 0x3D, 0xA5, 0xB1, 0x8C, 0x57, 0xAE, 0xEB, 0xDF, 
        0x05, 0x2F, 0x64, 0x0C, 0xD0, 0x42, 0xDB, 0xBB, 0x60, 0x57, 0x9C, 0x6B, 0xBE, 0x12, 0xD6, 0x3C, 
        0x26, 0xE2, 0x7B, 0xCB, 0x19, 0xD6, 0x08, 0x98, 0x37, 0x9C, 0xB1, 0x92, 0xA3, 0x07, 0xBE, 0x3A, 
        0x56, 0x87, 0x19, 0xF5, 0x97, 0xC3, 0x4F, 0x81, 0x5E, 0x1A, 0xF1, 0xD7, 0x87, 0xD4, 0x6A, 0x1A, 
        0x64, 0x5B, 0x5D, 0x3F, 0xD6, 0x2A, 0xF2, 0x2B, 0xC2, 0xBF, 0x68, 0xAF, 0xD9, 0x22, 0xE7, 0xE1, 
        0xE2, 0x4B, 0xAB, 0x68, 0x39, 0xBB, 0xD3, 0x39, 0x2D, 0x18, 0x19, 0x2A, 0x2B, 0xED, 0x5F, 0x06, 
        0x4D, 0x67, 0xE0, 0x4F, 0x03, 0xE9, 0x36, 0xD7, 0x12, 0x22, 0x5F, 0x4B, 0x6B, 0x1C, 0xD2, 0x47, 
        0x91, 0xB9, 0x77, 0x28, 0x60, 0x0F, 0xE0, 0x6B, 0x1B, 0xC4, 0x7E, 0x2C, 0xB2, 0xD6, 0xAD, 0x27, 
        0xB4, 0x9F, 0x6C, 0xB0, 0x4A, 0xA5, 0x59, 0x5B, 0x91, 0x40, 0x1F, 0x99, 0x9E, 0x12, 0xF1, 0xD6, 
        0xA3, 0xE0, 0x8D, 0x77, 0x4C, 0xF1, 0x6E, 0x9D, 0x96, 0xD6, 0xFC, 0x2E, 0x56, 0x47, 0x8C, 0x9F, 
        0xF8, 0xFD, 0xD3, 0x4B, 0x05, 0x9A, 0x07, 0xF5, 0xD8, 0x0E, 0x41, 0x3D, 0x14, 0x9F, 0xEE, 0x8A, 
        0xFA, 0x97, 0xFE, 0x0A, 0x0D, 0xF0, 0xCB, 0x4C, 0xF8, 0xA1, 0xFB, 0x3D, 0x69, 0x9E, 0x39, 0xD1, 
        0x14, 0x4E, 0xB6, 0x96, 0xE9, 0xAC, 0xD8, 0x4E, 0x07, 0x26, 0xDD, 0xD5, 0x4C, 0xC9, 0x9F, 0x42, 
        0x84, 0x39, 0xF7, 0x84, 0x57, 0xCF, 0xFF, 0x00, 0x15, 0xFC, 0x1B, 0x0F, 0x83, 0xBE, 0x2D, 0xC1, 
        0x6F, 0x1A, 0x83, 0xA7, 0x6A, 0x32, 0xB5, 0xBB, 0x27, 0x62, 0x92, 0xA9, 0x46, 0x1F, 0xF8, 0xF7, 
        0xE9, 0x5E, 0xE3, 0xF0, 0x0F, 0xE2, 0x1A, 0x78, 0xEB, 0xF6, 0x57, 0xD3, 0xFC, 0x05, 0xA9, 0x37, 
        0x9B, 0x71, 0x6D, 0x0D, 0xE6, 0x9B, 0x87, 0x39, 0x26, 0x3F, 0x9C, 0x01, 0xF4, 0xDA, 0xF8, 0xFC, 
        0x2B, 0x3D, 0xA7, 0xEA, 0x75, 0xBF, 0xDE, 0x50, 0xE6, 0x7B, 0xC5, 0xDB, 0xE4, 0xEF, 0xF9, 0x34, 
        0xFE, 0xF3, 0xCD, 0x3E, 0x3F, 0x78, 0x4A, 0x6F, 0x1B, 0x7C, 0x2F, 0xBB, 0xF1, 0xAD, 0x82, 0x99, 
        0x93, 0xEC, 0x56, 0x77, 0xC5, 0x90, 0x67, 0xE5, 0x0A, 0xB9, 0x3F, 0x91, 0xCD, 0x7D, 0xD5, 0xF0, 
        0x72, 0xCE, 0xC3, 0xC6, 0xDF, 0x0A, 0xFC, 0x23, 0xAE, 0xDB, 0x6D, 0x92, 0x1B, 0xED, 0x32, 0x19, 
        0x32, 0xBD, 0x9B, 0x68, 0x0C, 0x3E, 0xA0, 0x83, 0x5F, 0x26, 0x7F, 0xC1, 0x3B, 0xBC, 0x75, 0xA1, 
        0xFC, 0x52, 0xF8, 0x75, 0x77, 0xF0, 0xF3, 0xC4, 0xA5, 0x65, 0x59, 0x2D, 0x64, 0xD2, 0x5D, 0x18, 
        0xF2, 0x54, 0xAB, 0x79, 0x7F, 0x9C, 0x65, 0x94, 0x7B, 0xC5, 0x5E, 0x93, 0xFB, 0x1F, 0xF8, 0xD2, 
        0xF7, 0xE0, 0xBF, 0x8B, 0x7C, 0x47, 0xFB, 0x3D, 0xF8, 0xCE, 0x7F, 0x2B, 0x53, 0xD2, 0x2E, 0x9E, 
        0xE7, 0xC3, 0xF7, 0x72, 0x9D, 0xA9, 0x7B, 0x6C, 0xE7, 0x70, 0x08, 0x7B, 0xEE, 0x18, 0x61, 0xEF, 
        0x91, 0xD8, 0xD1, 0xB4, 0xEF, 0xDC, 0x17, 0xEF, 0x28, 0x72, 0xAD, 0xE2, 0xEF, 0xF2, 0x76, 0xFC, 
        0x9A, 0x5F, 0x79, 0xF5, 0x34, 0x5E, 0x13, 0xD3, 0xAD, 0xC6, 0xE9, 0x23, 0x56, 0xF6, 0xC5, 0x72, 
        0x7F, 0x11, 0x7C, 0x5D, 0x67, 0xE1, 0x2D, 0x06, 0xEC, 0x69, 0xD6, 0xF0, 0x47, 0x74, 0xD1, 0xB2, 
        0xAC, 0x86, 0x35, 0x62, 0xB9, 0x18, 0xC8, 0xCD, 0x6E, 0x6B, 0xDA, 0xF7, 0x91, 0x1B, 0x00, 0xD8, 
        0x22, 0xBE, 0x7F, 0xF8, 0xA3, 0xAD, 0xB5, 0xDC, 0x52, 0xA9, 0x6C, 0xE7, 0x35, 0xA1, 0xC8, 0x7C, 
        0xE7, 0xA5, 0xF8, 0xE7, 0x55, 0xF0, 0xEE, 0xA1, 0x35, 0xA3, 0xDE, 0xCF, 0x34, 0x02, 0x42, 0x53, 
        0xCD, 0x90, 0xB1, 0x00, 0x9C, 0xE3, 0x26, 0xBB, 0xCD, 0x33, 0xE2, 0x24, 0xB7, 0x0A, 0xBB, 0xA4, 
        0x24, 0xFD, 0x6B, 0xCA, 0x7C, 0x4F, 0x06, 0xDB, 0xC7, 0x71, 0xEB, 0x55, 0x74, 0xED, 0x45, 0xA1, 
        0xC0, 0x2C, 0x78, 0xA0, 0x0D, 0xCF, 0x8D, 0x37, 0xB1, 0x6A, 0xBA, 0xDF, 0x87, 0xEF, 0x64, 0x60, 
        0x05, 0xB4, 0xA6, 0xE6, 0x57, 0x3F, 0xC2, 0x91, 0xA9, 0x91, 0x89, 0xFF, 0x00, 0xBE, 0x7F, 0x5A, 
        0xC7, 0xFD, 0x9E, 0xEC, 0x6F, 0xFC, 0x2D, 0xE1, 0x51, 0xE2, 0x6B, 0xDD, 0xD0, 0xD8, 0xA5, 0x85, 
        0xEE, 0xA2, 0x77, 0x70, 0x30, 0x54, 0x90, 0x7F, 0x4C, 0xD2, 0xDC, 0xF8, 0x67, 0x55, 0xF8, 0xB9, 
        0xE3, 0x3D, 0x0B, 0xE1, 0xFE, 0x89, 0x93, 0xAD, 0x78, 0x83, 0x11, 0xCD, 0x28, 0x19, 0x16, 0x1A, 
        0x78, 0x21, 0xA6, 0x9D, 0xFD, 0x37, 0x05, 0xE3, 0x3D, 0x40, 0xFF, 0x00, 0x68, 0x57, 0xA0, 0x7F, 
        0xC1, 0x40, 0xFC, 0x4F, 0xE1, 0xFF, 0x00, 0x83, 0xFE, 0x02, 0x4F, 0x00, 0xF8, 0x64, 0xAC, 0x6E, 
        0xD6, 0xD1, 0xE9, 0x2A, 0x14, 0xF2, 0x11, 0x55, 0x7C, 0xDC, 0xFD, 0x13, 0x0A, 0x7D, 0xE5, 0xAC, 
        0xF7, 0x9F, 0xA1, 0xD8, 0xFF, 0x00, 0x77, 0x87, 0xE5, 0x7B, 0xC9, 0xDF, 0xE4, 0xAF, 0xF9, 0xB6, 
        0xFE, 0xE3, 0xE0, 0xCF, 0x83, 0xDF, 0x14, 0xB5, 0x0F, 0x84, 0x7E, 0x35, 0xB4, 0xD7, 0x2C, 0x9A, 
        0x43, 0x10, 0x21, 0x2E, 0x61, 0x8D, 0xB6, 0x97, 0x4C, 0x83, 0x95, 0x3D, 0x99, 0x48, 0x0C, 0xA7, 
        0xD4, 0x7A, 0x13, 0x5F, 0xA3, 0x7E, 0x37, 0xD4, 0x7C, 0x35, 0xFB, 0x5F, 0xF8, 0x07, 0x44, 0xF1, 
        0x05, 0x86, 0xAA, 0x9A, 0x4F, 0x8F, 0x34, 0xA4, 0x12, 0xE9, 0x9A, 0xED, 0xB7, 0xCA, 0xC4, 0x8E, 
        0x4A, 0xB8, 0x1C, 0xED, 0xCF, 0x55, 0xEA, 0x8D, 0x9C, 0x70, 0x48, 0xAF, 0xCA, 0xDA, 0xEC, 0xBE, 
        0x1B, 0x7C, 0x57, 0xD7, 0xFE, 0x17, 0x6A, 0x46, 0xE3, 0x48, 0xB8, 0xCD, 0xBC, 0x8C, 0x0C, 0xD6, 
        0x72, 0xE4, 0xC5, 0x26, 0x3B, 0xE3, 0xF8, 0x5B, 0xFD, 0xA1, 0xCF, 0xD4, 0x71, 0x56, 0xD2, 0x6A, 
        0xCC, 0xE6, 0x84, 0xE5, 0x4E, 0x4A, 0x51, 0xDC, 0xFD, 0x0C, 0xF0, 0xCF, 0xED, 0x75, 0xA9, 0xF8, 
        0x72, 0x44, 0xF0, 0xBF, 0xC5, 0xEB, 0x09, 0x34, 0x8D, 0x62, 0x21, 0xE5, 0xC7, 0xAE, 0xC0, 0x85, 
        0xED, 0xAE, 0xC0, 0xE8, 0xCC, 0x47, 0x7F, 0x71, 0xF8, 0xE2, 0xB7, 0x75, 0xAF, 0x17, 0x69, 0x3E, 
        0x29, 0xB5, 0x37, 0x1A, 0x56, 0xAB, 0x67, 0xA9, 0x42, 0xE3, 0x2A, 0xD6, 0xF3, 0xAB, 0xFE, 0x80, 
        0xD7, 0xCD, 0x1A, 0x7F, 0xED, 0x11, 0xE0, 0xFF, 0x00, 0x89, 0xBA, 0x68, 0xB3, 0xD6, 0xE7, 0x5D, 
        0x1E, 0xED, 0x87, 0xCF, 0x06, 0xA8, 0x82, 0x48, 0x18, 0xFB, 0x49, 0x8C, 0x7E, 0x27, 0x6D, 0x56, 
        0xFF, 0x00, 0x85, 0x43, 0xA0, 0x6B, 0x0E, 0x67, 0xD3, 0x24, 0xB2, 0x98, 0x37, 0x22, 0x4D, 0x3A, 
        0xFC, 0x60, 0x8F, 0x60, 0x0D, 0x47, 0xBE, 0xB6, 0xD4, 0xE9, 0xBE, 0x1E, 0xA6, 0xB2, 0xBC, 0x5F, 
        0x96, 0xAB, 0xF3, 0x4D, 0x7D, 0xEC, 0xF4, 0x4F, 0x14, 0xC2, 0x90, 0x09, 0x25, 0x9E, 0x68, 0x2D, 
        0xA2, 0x1C, 0x99, 0x2E, 0x26, 0x58, 0xD4, 0x0F, 0xAB, 0x11, 0x5C, 0x66, 0x93, 0xA8, 0xCF, 0xE2, 
        0x6D, 0x5C, 0x69, 0x3E, 0x0B, 0xB2, 0xFF, 0x00, 0x84, 0xA7, 0x59, 0x63, 0x83, 0x3E, 0xD2, 0xBA, 
        0x75, 0xA7, 0xFB, 0x72, 0x48, 0x71, 0xBF, 0x1D, 0x71, 0xC0, 0xFF, 0x00, 0x7B, 0xA5, 0x53, 0xB7, 
        0xF8, 0x49, 0xE1, 0xCD, 0x12, 0x71, 0x73, 0xAC, 0x35, 0x9A, 0x22, 0xF2, 0x5B, 0x51, 0xBF, 0x18, 
        0xFC, 0x41, 0x35, 0xA9, 0xAA, 0xFE, 0xD4, 0x3E, 0x12, 0xF8, 0x65, 0xA5, 0x35, 0x87, 0x87, 0x1E, 
        0x3D, 0x46, 0xE1, 0x46, 0x16, 0x1D, 0x2E, 0x30, 0x90, 0x83, 0xEF, 0x26, 0x31, 0xF8, 0x8D, 0xC6, 
        0x8F, 0x7D, 0xF9, 0x05, 0xF0, 0xF4, 0xF5, 0x8D, 0xE4, 0xFC, 0xF4, 0x5F, 0x9B, 0x6F, 0xEF, 0x47, 
        0xD1, 0x7E, 0x11, 0xBC, 0xF0, 0xBF, 0xEC, 0x65, 0xF0, 0xFF, 0x00, 0x5A, 0xD7, 0x6F, 0xF5, 0x58, 
        0xB5, 0x8F, 0x88, 0x5A, 0xAC, 0x7E, 0x66, 0xA5, 0xAD, 0xCE, 0x33, 0xB3, 0x3D, 0x11, 0x07, 0x50, 
        0x80, 0xFD, 0xD4, 0xEA, 0xEC, 0x07, 0x00, 0x00, 0x2B, 0xF3, 0x5F, 0xE3, 0x0F, 0xC5, 0x2D, 0x43, 
        0xE2, 0xEF, 0x8D, 0x6E, 0xF5, 0xCB, 0xD6, 0x90, 0x44, 0x49, 0x4B, 0x78, 0x64, 0x6D, 0xC5, 0x13, 
        0x24, 0xE5, 0x8F, 0x76, 0x62, 0x4B, 0x31, 0xF5, 0x3E, 0x80, 0x54, 0x5F, 0x12, 0x7E, 0x2C, 0x78, 
        0x83, 0xE2, 0x96, 0xA7, 0xF6, 0x9D, 0x62, 0xE7, 0xF7, 0x08, 0xC5, 0xA1, 0xB4, 0x88, 0x91, 0x1C, 
        0x79, 0xEF, 0xCF, 0x2C, 0xDF, 0xED, 0x1E, 0x7E, 0x83, 0x8A, 0xE3, 0x6A, 0xD2, 0x49, 0x59, 0x1C, 
        0xD3, 0x9C, 0xAA, 0x4B, 0x9A, 0x4F, 0x53, 0xFF, 0xD9, 0x33, 0x33, 0x33, 0x33, 0x33, 0x33, 0x33, 
        0x33, 0x33, 0x33, 0x33, 0x33, 0x33, 0x33, 0x33, 0x33, 0x33, 0x33, 0x33, 0x33, 0x33, 0x33, 0x33, 
        0x33, 0x33, 0x33, 0x33, 0x33, 0x33, 0x33, 0x33, 0x33, 0x33, 0x33, 0x33, 0x33, 0x33, 0x33, 0x33, 
        0x33, 0x33, 0x33, 0x33, 0x33, 0x33, 0x33, 0x33, 0x33, 0x33, 0x33, 0x33, 0x33, 0x33, 0x33, 0x33, 
        0x33, 0x33, 0x33, 0x33, 0x33, 0x33, 0x33, 0x33, 0x33, 0x33, 0x33, 0x33, 0x33, 0x33, 0x33, 0x33, 
        0xFF, 0xD8, 0xFF, 0xE0, 0x00, 0x10, 0x4A, 0x46, 0x49, 0x46, 0x00, 0x01, 0x01, 0x00, 0x00, 0x01, 
        0x00, 0x01, 0x00, 0x00, 0xFF, 0xDB, 0x00, 0x43, 0x00, 0x03, 0x02, 0x02, 0x03, 0x02, 0x02, 0x03, 
        0x03, 0x03, 0x03, 0x04, 0x03, 0x03, 0x04, 0x05, 0x08, 0x05, 0x05, 0x04, 0x04, 0x05, 0x0A, 0x07, 
        0x07, 0x06, 0x08, 0x0C, 0x0A, 0x0C, 0x0C, 0x0B, 0x0A, 0x0B, 0x0B, 0x0D, 0x0E, 0x12, 0x10, 0x0D, 
        0x0E, 0x11, 0x0E, 0x0B, 0x0B, 0x10, 0x16, 0x10, 0x11, 0x13, 0x14, 0x15, 0x15, 0x15, 0x0C, 0x0F, 
        0x17, 0x18, 0x16, 0x14, 0x18, 0x12, 0x14, 0x15, 0x14, 0xFF, 0xDB, 0x00, 0x43, 0x01, 0x03, 0x04, 
        0x04, 0x05, 0x04, 0x05, 0x09, 0x05, 0x05, 0x09, 0x14, 0x0D, 0x0B, 0x0D, 0x14, 0x14, 0x14, 0x14, 
        0x14, 0x14, 0x14, 0x14, 0x14, 0x14, 0x14, 0x14, 0x14, 0x14, 0x14, 0x14, 0x14, 0x14, 0x14, 0x14, 
        0x14, 0x14, 0x14, 0x14, 0x14, 0x14, 0x14, 0x14, 0x14, 0x14, 0x14, 0x14, 0x14, 0x14, 0x14, 0x14, 
        0x14, 0x14, 0x14, 0x14, 0x14, 0x14, 0x14, 0x14, 0x14, 0x14, 0x14, 0x14, 0x14, 0x14, 0xFF, 0xC0, 
        0x00, 0x11, 0x08, 0x00, 0x40, 0x00, 0x40, 0x03, 0x01, 0x22, 0x00, 0x02, 0x11, 0x01, 0x03, 0x11, 
        0x01, 0xFF, 0xC4, 0x00, 0x1F, 0x00, 0x00, 0x01, 0x05, 0x01, 0x01, 0x01, 0x01, 0x01, 0x01, 0x00, 
        0x00, 0x00, 0x00, 0x00, 0x00, 0x00, 0x00, 0x01, 0x02, 0x03, 0x04, 0x05, 0x06, 0x07, 0x08, 0x09, 
        0x0A, 0x0B, 0xFF, 0xC4, 0x00, 0xB5, 0x10, 0x00, 0x02, 0x01, 0x03, 0x03, 0x02, 0x04, 0x03, 0x05, 
        0x05, 0x04, 0x04, 0x00, 0x00, 0x01, 0x7D, 0x01, 0x02, 0x03, 0x00, 0x04, 0x11, 0x05, 0x12, 0x21, 
        0x31, 0x41, 0x06, 0x13, 0x51, 0x61, 0x07, 0x22, 0x71, 0x14, 0x32, 0x81, 0x91, 0xA1, 0x08, 0x23, 
        0x42, 0xB1, 0xC1, 0x15, 0x52, 0xD1, 0xF0, 0x24, 0x33, 0x62, 0x72, 0x82, 0x09, 0x0A, 0x16, 0x17, 
        0x18, 0x19, 0x1A, 0x25, 0x26, 0x27, 0x28, 0x29, 0x2A, 0x34, 0x35, 0x36, 0x37, 0x38, 0x39, 0x3A, 
        0x43, 0x44, 0x45, 0x46, 0x47, 0x48, 0x49, 0x4A, 0x53, 0x54, 0x55, 0x56, 0x57, 0x58, 0x59, 0x5A, 
        0x63, 0x64, 0x65, 0x66, 0x67, 0x68, 0x69, 0x6A, 0x73, 0x74, 0x75, 0x76, 0x77, 0x78, 0x79, 0x7A, 
        0x83, 0x84, 0x85, 0x86, 0x87, 0x88, 0x89, 0x8A, 0x92, 0x93, 0x94, 0x95, 0x96, 0x97, 0x98, 0x99, 
        0x9A, 0xA2, 0xA3, 0xA4, 0xA5, 0xA6, 0xA7, 0xA8, 0xA9, 0xAA, 0xB2, 0xB3, 0xB4, 0xB5, 0xB6, 0xB7, 
        0xB8, 0xB9, 0xBA, 0xC2, 0xC3, 0xC4, 0xC5, 0xC6, 0xC7, 0xC8, 0xC9, 0xCA, 0xD2, 0xD3, 0xD4, 0xD5, 
        0xD6, 0xD7, 0xD8, 0xD9, 0xDA, 0xE1, 0xE2, 0xE3, 0xE4, 0xE5, 0xE6, 0xE7, 0xE8, 0xE9, 0xEA, 0xF1, 
        0xF2, 0xF3, 0xF4, 0xF5, 0xF6, 0xF7, 0xF8, 0xF9, 0xFA, 0xFF, 0xC4, 0x00, 0x1F, 0x01, 0x00, 0x03, 
        0x01, 0x01, 0x01, 0x01, 0x01, 0x01, 0x01, 0x01, 0x01, 0x00, 0x00, 0x00, 0x00, 0x00, 0x00, 0x01, 
        0x02, 0x03, 0x04, 0x05, 0x06, 0x07, 0x08, 0x09, 0x0A, 0x0B, 0xFF, 0xC4, 0x00, 0xB5, 0x11, 0x00, 
        0x02, 0x01, 0x02, 0x04, 0x04, 0x03, 0x04, 0x07, 0x05, 0x04, 0x04, 0x00, 0x01, 0x02, 0x77, 0x00, 
        0x01, 0x02, 0x03, 0x11, 0x04, 0x05, 0x21, 0x31, 0x06, 0x12, 0x41, 0x51, 0x07, 0x61, 0x71, 0x13, 
        0x22, 0x32, 0x81, 0x08, 0x14, 0x42, 0x91, 0xA1, 0xB1, 0xC1, 0x09, 0x23, 0x33, 0x52, 0xF0, 0x15, 
        0x62, 0x72, 0xD1, 0x0A, 0x16, 0x24, 0x34, 0xE1, 0x25, 0xF1, 0x17, 0x18, 0x19, 0x1A, 0x26, 0x27, 
        0x28, 0x29, 0x2A, 0x35, 0x36, 0x37, 0x38, 0x39, 0x3A, 0x43, 0x44, 0x45, 0x46, 0x47, 0x48, 0x49, 
        0x4A, 0x53, 0x54, 0x55, 0x56, 0x57, 0x58, 0x59, 0x5A, 0x63, 0x64, 0x65, 0x66, 0x67, 0x68, 0x69, 
        0x6A, 0x73, 0x74, 0x75, 0x76, 0x77, 0x78, 0x79, 0x7A, 0x82, 0x83, 0x84, 0x85, 0x86, 0x87, 0x88, 
        0x89, 0x8A, 0x92, 0x93, 0x94, 0x95, 0x96, 0x97, 0x98, 0x99, 0x9A, 0xA2, 0xA3, 0xA4, 0xA5, 0xA6, 
        0xA7, 0xA8, 0xA9, 0xAA, 0xB2, 0xB3, 0xB4, 0xB5, 0xB6, 0xB7, 0xB8, 0xB9, 0xBA, 0xC2, 0xC3, 0xC4, 
        0xC5, 0xC6, 0xC7, 0xC8, 0xC9, 0xCA, 0xD2, 0xD3, 0xD4, 0xD5, 0xD6, 0xD7, 0xD8, 0xD9, 0xDA, 0xE2, 
        0xE3, 0xE4, 0xE5, 0xE6, 0xE7, 0xE8, 0xE9, 0xEA, 0xF2, 0xF3, 0xF4, 0xF5, 0xF6, 0xF7, 0xF8, 0xF9, 
        0xFA, 0xFF, 0xDA, 0x00, 0x0C, 0x03, 0x01, 0x00, 0x02, 0x11, 0x03, 0x11, 0x00, 0x3F, 0x00, 0xFC, 
        0xAA, 0xAF, 0x51, 0xF8, 0x15, 0xFB, 0x39, 0x78, 0xC3, 0xF6, 0x80, 0xD6, 0x65, 0xB6, 0xF0, 0xFD, 
        0xAA, 0x5B, 0xE9, 0x96, 0xA4, 0x7D, 0xBB, 0x59, 0xBD, 0x25, 0x2D, 0x6D, 0x47, 0x5E, 0x5B, 0xF8, 
        0x9B, 0x1C, 0x85, 0x5C, 0x9F, 0xA0, 0xE6, 0x9B, 0xFB, 0x3A, 0xFC, 0x0D, 0xD4, 0xBE, 0x3F, 0xFC, 
        0x49, 0xB2, 0xF0, 0xE5, 0x9B, 0x3D, 0xB5, 0x82, 0x8F, 0x3F, 0x51, 0xBD, 0x55, 0xCF, 0xD9, 0xE0, 
        0x04, 0x03, 0x8F, 0x57, 0x62, 0x42, 0xA8, 0xF5, 0x39, 0x3C, 0x02, 0x47, 0xEA, 0xDF, 0x8F, 0x2D, 
        0xBC, 0x25, 0xFB, 0x31, 0xFC, 0x2E, 0xD1, 0xBC, 0x25, 0xA2, 0x69, 0xF1, 0x1B, 0xE9, 0xA2, 0xD9, 
        0x61, 0xA2, 0xC0, 0x7A, 0xFF, 0x00, 0x7A, 0x69, 0x8F, 0x52, 0x33, 0x92, 0x58, 0xF2, 0xCD, 0x9F, 
        0x42, 0x46, 0x55, 0x6A, 0xC2, 0x8C, 0x1C, 0xE6, 0xEC, 0x91, 0xDD, 0x81, 0xC0, 0xE2, 0x33, 0x1C, 
        0x44, 0x70, 0xB8, 0x58, 0xF3, 0x4E, 0x5F, 0x2D, 0xB5, 0x6D, 0xB7, 0xA2, 0x49, 0x6A, 0xDB, 0xD1, 
        0x2D, 0x59, 0xF2, 0xAD, 0x87, 0xC1, 0x4F, 0x83, 0x5F, 0x01, 0xA0, 0x8D, 0x5B, 0xC3, 0xB3, 0x7C, 
        0x55, 0xF1, 0x1A, 0x0C, 0x49, 0xA8, 0x6B, 0x6E, 0x60, 0xD3, 0x11, 0xFB, 0xEC, 0x81, 0x7E, 0xF8, 
        0xFF, 0x00, 0x7B, 0x77, 0xD6, 0xB7, 0xED, 0x7F, 0x68, 0x9F, 0x13, 0x69, 0x5F, 0xB9, 0xF0, 0xEE, 
        0x93, 0xE1, 0x9F, 0x0D, 0x5B, 0x01, 0x85, 0xB7, 0xD2, 0x74, 0x48, 0x94, 0x28, 0xEC, 0x32, 0x6B, 
        0x91, 0xD7, 0x75, 0xE6, 0xD4, 0x35, 0x19, 0x6E, 0xAF, 0x1D, 0x35, 0x4B, 0xE6, 0x27, 0x2C, 0x78, 
        0xB7, 0x8B, 0xFD, 0x94, 0x51, 0xF7, 0xB1, 0xEB, 0xD3, 0xEB, 0xD6, 0xB3, 0x1B, 0x58, 0xBD, 0x23, 
        0x02, 0xE5, 0xE2, 0x51, 0xD1, 0x21, 0x02, 0x35, 0x1F, 0x82, 0xE2, 0xB8, 0xF9, 0xB1, 0x75, 0x75, 
        0x8A, 0x50, 0x5E, 0x6A, 0xEF, 0xE6, 0x93, 0x49, 0x7D, 0xEC, 0xFA, 0x37, 0x4B, 0x20, 0xCB, 0xDF, 
        0x25, 0x69, 0x4F, 0x15, 0x35, 0xBF, 0x23, 0x54, 0xE9, 0xDF, 0xFB, 0xB2, 0x94, 0x67, 0x29, 0xFA, 
        0xF2, 0xC1, 0x3E, 0x97, 0x5A, 0x9E, 0x83, 0x73, 0xFB, 0x44, 0xF8, 0x9B, 0x55, 0xFD, 0xCF, 0x88, 
        0xB4, 0x9F, 0x0C, 0xF8, 0x96, 0xD8, 0xF0, 0xD6, 0xFA, 0xB6, 0x89, 0x13, 0x06, 0x1D, 0xC6, 0x45, 
        0x72, 0x7A, 0xDF, 0xC2, 0xCF, 0x82, 0x1F, 0x1A, 0x15, 0xE2, 0xB8, 0xD0, 0x66, 0xF8, 0x4B, 0xE2, 
        0x29, 0x06, 0x23, 0xD4, 0xF4, 0x57, 0x37, 0x1A, 0x5B, 0x3F, 0x6F, 0x32, 0x03, 0xCA, 0x2F, 0xFB, 
        0xBB, 0x7E, 0xB5, 0xD2, 0x78, 0x0E, 0xCD, 0xB5, 0xCD, 0x91, 0x5D, 0xFF, 0x00, 0xA5, 0xC6, 0xDC, 
        0x15, 0x98, 0x6F, 0xFE, 0x75, 0xDF, 0x6B, 0x5F, 0xB3, 0x55, 0xF5, 0xDE, 0x9E, 0xDA, 0xB7, 0x84, 
        0x72, 0xD7, 0x91, 0x2E, 0xF7, 0xD3, 0x1F, 0x9F, 0x30, 0x77, 0xF2, 0xCF, 0x73, 0xFE, 0xC9, 0xFC, 
        0x28, 0xBE, 0x2E, 0x96, 0xB2, 0x4A, 0x6B, 0xCB, 0x47, 0xF2, 0x4D, 0xB4, 0xFE, 0xF4, 0x0A, 0x9E, 
        0x41, 0x98, 0x3E, 0x4A, 0x32, 0x9E, 0x16, 0x6F, 0x6E, 0x76, 0xAA, 0x53, 0xBF, 0xF7, 0xA5, 0x18, 
        0xC2, 0x50, 0x5E, 0x7C, 0xB3, 0x4B, 0xAD, 0x96, 0xA7, 0xE7, 0xD7, 0xC7, 0x3F, 0xD9, 0xD3, 0xC5, 
        0xDF, 0x00, 0xB5, 0x68, 0x21, 0xD7, 0xAD, 0xE2, 0xBB, 0xD2, 0x6F, 0x32, 0x74, 0xFD, 0x6E, 0xC1, 
        0xBC, 0xCB, 0x3B, 0xC5, 0xEA, 0x36, 0xBF, 0x66, 0xC7, 0x3B, 0x4F, 0x3F, 0x51, 0xCD, 0x79, 0x7D, 
        0x7E, 0xAD, 0xFC, 0x34, 0x4D, 0x23, 0xE2, 0x87, 0x83, 0xB5, 0x7F, 0x03, 0xF8, 0x8A, 0xC0, 0x5E, 
        0xE9, 0x52, 0x03, 0x1D, 0xF6, 0x8D, 0x70, 0x0E, 0xEB, 0x66, 0xCE, 0x04, 0xD0, 0xE7, 0x94, 0x21, 
        0xBD, 0x39, 0x06, 0xBF, 0x3C, 0xBF, 0x68, 0x9F, 0x81, 0xDA, 0x8F, 0xC0, 0x2F, 0x89, 0x17, 0x9E, 
        0x1E, 0xBA, 0x76, 0xBB, 0xD3, 0xA4, 0x1F, 0x68, 0xD3, 0x6F, 0xC8, 0xC0, 0xB9, 0xB7, 0x24, 0xE0, 
        0x9F, 0x47, 0x52, 0x0A, 0xB0, 0xF5, 0x19, 0x1C, 0x10, 0x4F, 0x65, 0x2A, 0xB0, 0xAD, 0x05, 0x38, 
        0x3B, 0xA6, 0x7C, 0xE6, 0x3B, 0x03, 0x88, 0xCB, 0xB1, 0x12, 0xC2, 0xE2, 0xA3, 0xCB, 0x38, 0xFC, 
        0xF7, 0xD5, 0x34, 0xD6, 0x8D, 0x35, 0xAA, 0x6B, 0x46, 0xB5, 0x47, 0xDD, 0x3F, 0xB0, 0xEE, 0x83, 
        0xA6, 0x7C, 0x12, 0xF8, 0x2D, 0x67, 0xE2, 0x3D, 0x45, 0x16, 0x3D, 0x4F, 0x5F, 0x0D, 0xAB, 0x5C, 
        0x39, 0x1F, 0x30, 0xB7, 0x40, 0x44, 0x2B, 0xF4, 0xDB, 0x96, 0x1E, 0xF2, 0x9A, 0x5B, 0xB6, 0xD6, 
        0x3E, 0x29, 0xDE, 0xEA, 0xBE, 0x33, 0xD5, 0x0B, 0xB5, 0xC6, 0xA5, 0x23, 0x47, 0x02, 0xF6, 0x86, 
        0x05, 0xE1, 0x63, 0x5F, 0x41, 0x8E, 0x3F, 0x3F, 0x53, 0x5C, 0xFF, 0x00, 0xC5, 0x3D, 0x61, 0xF4, 
        0x39, 0x2D, 0x7C, 0x35, 0x6C, 0x4C, 0x76, 0xBA, 0x7E, 0x93, 0x67, 0x66, 0xA8, 0xBC, 0x00, 0xAB, 
        0x18, 0xC8, 0xFE, 0x55, 0xF5, 0x9F, 0x83, 0x3E, 0x16, 0xC5, 0x07, 0x80, 0x3C, 0x3D, 0x6E, 0xB1, 
        0x0F, 0xF8, 0xF0, 0x89, 0x8F, 0x1D, 0x4B, 0x2E, 0xE2, 0x7F, 0x5A, 0xE3, 0x97, 0xEF, 0x71, 0x6A, 
        0x2F, 0x68, 0x24, 0xFE, 0x6E, 0xE9, 0x3F, 0x92, 0x4F, 0xEF, 0x3E, 0x8E, 0x9B, 0x79, 0x7F, 0x0F, 
        0xCA, 0xB4, 0x34, 0x9E, 0x2A, 0x6E, 0x17, 0xEB, 0xEC, 0xE9, 0xA8, 0xCA, 0x51, 0xFF, 0x00, 0xB7, 
        0xE5, 0x38, 0xDF, 0xBA, 0x85, 0xB6, 0x6C, 0xF8, 0x97, 0xC4, 0x5E, 0x1B, 0x9B, 0x4C, 0x91, 0x9B, 
        0xCB, 0x3B, 0x7B, 0xF1, 0x58, 0x07, 0xA5, 0x7D, 0xBB, 0xE2, 0x8F, 0x81, 0x27, 0x53, 0x89, 0xC2, 
        0x43, 0x92, 0x7A, 0x71, 0x5F, 0x37, 0xFC, 0x4F, 0xF8, 0x1D, 0xE2, 0x0F, 0x04, 0xA4, 0xFA, 0x82, 
        0x69, 0xD7, 0x13, 0xE9, 0xC8, 0x0B, 0x48, 0xF1, 0x46, 0x5B, 0xCB, 0x1E, 0xA4, 0x0E, 0xD5, 0xE8, 
        0x9F, 0x1C, 0x76, 0x3F, 0xB3, 0xFF, 0x00, 0x86, 0x1F, 0x57, 0x68, 0x9C, 0x26, 0xE1, 0xC7, 0x6A, 
        0xFB, 0x47, 0xC3, 0x1E, 0x1D, 0x4D, 0x2E, 0xD6, 0x32, 0xC3, 0x0C, 0x06, 0x6B, 0xCD, 0x3F, 0x67, 
        0x6F, 0x87, 0xF1, 0x78, 0x1B, 0xE1, 0xF6, 0x93, 0x7D, 0xAB, 0x28, 0x82, 0xFE, 0xF2, 0xDD, 0x2E, 
        0x04, 0x0F, 0xC3, 0x22, 0xB0, 0xCA, 0xE4, 0x76, 0xC8, 0x20, 0xD7, 0xA6, 0xDD, 0x78, 0x9A, 0x0E, 
        0x42, 0x38, 0xC5, 0x00, 0x7C, 0xFF, 0x00, 0xFB, 0x4E, 0xF8, 0x45, 0xBE, 0x1E, 0x78, 0xA7, 0x48, 
        0xF8, 0xB5, 0xE1, 0xC8, 0x16, 0x39, 0xA2, 0xB8, 0x58, 0x35, 0x9B, 0x68, 0xC6, 0x12, 0x70, 0xDC, 
        0x07, 0x23, 0xFD, 0xB1, 0x95, 0x3E, 0xF8, 0x35, 0xE7, 0x3F, 0xF0, 0x50, 0xEF, 0x85, 0x56, 0x1F, 
        0x11, 0x3E, 0x01, 0x59, 0x78, 0xCB, 0x4A, 0x41, 0x33, 0xE9, 0xF1, 0x2E, 0xAD, 0x67, 0x30, 0x1C, 
        0x98, 0x19, 0x57, 0xCE, 0x4C, 0xFA, 0x14, 0x21, 0xCF, 0xBC, 0x22, 0xBE, 0x8D, 0xF8, 0xA9, 0x24, 
        0x1E, 0x28, 0xF8, 0x73, 0xE2, 0x6D, 0x32, 0x5C, 0x3A, 0x4F, 0x63, 0x26, 0x33, 0xD9, 0x94, 0x6E, 
        0x53, 0xF5, 0xC8, 0xAF, 0x03, 0xF0, 0x37, 0x8F, 0xA1, 0xF1, 0xBF, 0xC0, 0x28, 0x3C, 0x0F, 0x7C, 
        0xC2, 0x49, 0x45, 0xB5, 0xCD, 0xA0, 0x0F, 0xCE, 0x63, 0x2A, 0xE3, 0x1F, 0x4D, 0xAD, 0x8A, 0xF3, 
        0xA3, 0xFB, 0x9C, 0x5B, 0x8A, 0xDA, 0x6A, 0xFF, 0x00, 0x35, 0x64, 0xDF, 0xCD, 0x35, 0xF7, 0x1F, 
        0x63, 0x51, 0xBC, 0xC3, 0x87, 0xE3, 0x5A, 0x7A, 0xCF, 0x0B, 0x35, 0x0B, 0xF5, 0xF6, 0x75, 0x14, 
        0xA5, 0x18, 0xFF, 0x00, 0xDB, 0x92, 0x84, 0xAD, 0xD9, 0x4E, 0xDB, 0x24, 0x79, 0xAF, 0x8E, 0x7C, 
        0x35, 0x27, 0x8C, 0x3C, 0x39, 0xFF, 0x00, 0x09, 0x95, 0xA2, 0x99, 0x61, 0x9E, 0xC2, 0xD6, 0xE1, 
        0x99, 0x79, 0xF9, 0x4A, 0x2E, 0x4F, 0xE4, 0x41, 0xAF, 0xBB, 0x3E, 0x12, 0x6B, 0xF6, 0xDE, 0x21, 
        0xF8, 0x55, 0xE1, 0x2D, 0x46, 0x32, 0x18, 0x4B, 0xA6, 0xC4, 0xAD, 0xEC, 0xE8, 0x36, 0xB0, 0xFA, 
        0xE5, 0x6B, 0xE2, 0x9F, 0xF8, 0x27, 0x37, 0xC4, 0x2D, 0x1B, 0xE2, 0x3F, 0x80, 0xE6, 0xF0, 0x1F, 
        0x88, 0x19, 0x5D, 0xD6, 0x06, 0xD3, 0x0A, 0xB1, 0xE4, 0x8D, 0xA7, 0xCA, 0xFF, 0x00, 0xBE, 0xA3, 
        0xDC, 0xA3, 0xDE, 0x2A, 0xF5, 0xBF, 0x82, 0x7E, 0x24, 0xBC, 0xF8, 0x49, 0xE2, 0x3D, 0x6F, 0xE1, 
        0x3F, 0x88, 0xA5, 0xD9, 0x2D, 0xAD, 0xC3, 0x5C, 0x69, 0x37, 0x0F, 0xC2, 0x4E, 0x8D, 0xCE, 0x14, 
        0xFA, 0x30, 0xC3, 0x0F, 0x7C, 0x8A, 0x24, 0xFD, 0x96, 0x2D, 0x49, 0xED, 0x34, 0x97, 0xCD, 0x5D, 
        0xA5, 0xF3, 0x4D, 0xFD, 0xC1, 0x49, 0x3C, 0xC3, 0x87, 0xE5, 0x46, 0x1A, 0xCF, 0x0B, 0x37, 0x3B, 
        0x75, 0xF6, 0x75, 0x14, 0x63, 0x29, 0x7F, 0xDB, 0x92, 0x84, 0x6F, 0xD9, 0x4E, 0xFB, 0x26, 0x7D, 
        0x37, 0x77, 0xAD, 0x41, 0x68, 0xA5, 0x8E, 0xDE, 0x2B, 0xC7, 0x3E, 0x31, 0x7C, 0x69, 0xBA, 0xD1, 
        0x34, 0x0B, 0xD8, 0x34, 0xC9, 0xBE, 0xCF, 0x3C, 0x91, 0xB2, 0x79, 0x89, 0xD4, 0x64, 0x63, 0x8A, 
        0x7F, 0x8A, 0x7C, 0x54, 0xC9, 0x1B, 0x80, 0xF8, 0x35, 0xF3, 0x9F, 0xC4, 0xBD, 0x6D, 0xEF, 0x7C, 
        0xC0, 0x58, 0x9C, 0xE6, 0xBD, 0x13, 0xE3, 0x8C, 0x4F, 0x87, 0x9F, 0x17, 0x35, 0x8D, 0x2A, 0x35, 
        0xB1, 0xBA, 0xD4, 0x27, 0xB9, 0x8E, 0x33, 0xB5, 0x5A, 0x79, 0x0B, 0xB6, 0x3D, 0x32, 0x79, 0xAF, 
        0x64, 0xD2, 0x7E, 0x25, 0x35, 0xDA, 0x29, 0x69, 0x39, 0x3E, 0xF5, 0xF2, 0x72, 0xCA, 0x6D, 0xEF, 
        0x0B, 0x0E, 0x39, 0xAE, 0xDB, 0x40, 0xD7, 0xDE, 0x30, 0xB9, 0x63, 0x40, 0x1F, 0x43, 0x78, 0x9B, 
        0xC7, 0x0B, 0x6F, 0xE1, 0x2D, 0x62, 0x77, 0x93, 0x85, 0xB4, 0x90, 0x7E, 0x25, 0x71, 0xFD, 0x6B, 
        0xE7, 0x4F, 0x87, 0xB6, 0xF7, 0x9E, 0x1A, 0xFB, 0x47, 0x88, 0xAE, 0x4B, 0x45, 0xA7, 0x5A, 0x69, 
        0xB7, 0x57, 0x59, 0x6E, 0x07, 0x08, 0x70, 0x7F, 0x43, 0x5D, 0x85, 0xBD, 0x8E, 0xA7, 0xF1, 0x3F, 
        0x5C, 0xD2, 0x7C, 0x13, 0xA5, 0x16, 0xFB, 0x4E, 0xA5, 0x2A, 0xB5, 0xC4, 0x83, 0xA4, 0x10, 0x0E, 
        0x59, 0xDB, 0xD0, 0x01, 0x93, 0xF9, 0x7A, 0x8A, 0xCF, 0xFF, 0x00, 0x82, 0x85, 0xF8, 0xBF, 0x43, 
        0xF8, 0x57, 0xE0, 0xA7, 0xF0, 0x4F, 0x87, 0xD9, 0x56, 0xE2, 0xE2, 0x14, 0xD3, 0x0E, 0xD3, 0xCE, 
        0xD0, 0x01, 0x97, 0xF2, 0x4C, 0x29, 0xF7, 0x96, 0xBC, 0xE8, 0xFE, 0xF7, 0x16, 0xE4, 0xB6, 0x82, 
        0xB7, 0xCD, 0xD9, 0xB5, 0xF2, 0x49, 0x7D, 0xE7, 0xD8, 0xD5, 0x4F, 0x2F, 0xE1, 0xF8, 0xD1, 0x9E, 
        0x93, 0xC5, 0x4D, 0x4E, 0xDD, 0x7D, 0x9D, 0x35, 0x28, 0xC6, 0x5E, 0x93, 0x94, 0xE5, 0x6E, 0xEA, 
        0x17, 0xD9, 0xA3, 0xE0, 0x9F, 0x83, 0xDF, 0x14, 0xB5, 0x0F, 0x84, 0x7E, 0x35, 0xB4, 0xD7, 0x2C, 
        0x9A, 0x43, 0x10, 0x21, 0x2E, 0x61, 0x8D, 0xB6, 0x97, 0x4C, 0x83, 0x95, 0x3D, 0x99, 0x48, 0x0C, 
        0xA7, 0xD4, 0x7A, 0x13, 0x5F, 0xA6, 0xBA, 0x97, 0x8D, 0xBC, 0x3B, 0xFB, 0x51, 0x78, 0x13, 0x4A, 
        0xD6, 0x6D, 0xEF, 0xE2, 0xB6, 0xF1, 0x45, 0xA4, 0x7B, 0xED, 0xB5, 0x18, 0x7E, 0x5F, 0x33, 0x1C, 
        0x90, 0x47, 0x51, 0xCF, 0x55, 0xEA, 0x8D, 0x9C, 0x70, 0x6B, 0xF2, 0x4E, 0xBB, 0x2F, 0x86, 0xDF, 
        0x15, 0xF5, 0xFF, 0x00, 0x85, 0xDA, 0x91, 0xB8, 0xD2, 0x2E, 0x33, 0x6F, 0x23, 0x03, 0x35, 0x9C, 
        0xB9, 0x31, 0x49, 0x8E, 0xF8, 0xFE, 0x16, 0xFF, 0x00, 0x68, 0x73, 0xF5, 0x1C, 0x57, 0x65, 0x5A, 
        0x50, 0xAD, 0x07, 0x09, 0xAB, 0xA6, 0x7C, 0xE6, 0x07, 0x1D, 0x88, 0xCB, 0xB1, 0x11, 0xC5, 0x61, 
        0x65, 0xCB, 0x38, 0xFC, 0xF7, 0xD1, 0xA6, 0x9E, 0x8D, 0x35, 0xA3, 0x4F, 0x46, 0xB4, 0x67, 0xE8, 
        0x7A, 0xFC, 0x54, 0xD4, 0x2C, 0xBF, 0xE2, 0x53, 0xE2, 0xC8, 0x8C, 0x17, 0xB1, 0xFC, 0x8B, 0x7C, 
        0xBC, 0xA4, 0xA3, 0xD4, 0x91, 0xFC, 0xEB, 0x9B, 0xF1, 0x0D, 0xD1, 0xD4, 0xD4, 0xC9, 0x6C, 0xC2, 
        0xE5, 0x1B, 0x90, 0xD1, 0x10, 0xC3, 0xF4, 0xAF, 0x29, 0xD2, 0x3F, 0x69, 0x0F, 0x0A, 0x7C, 0x42, 
        0xB3, 0x48, 0x75, 0x4B, 0xC3, 0xA0, 0x6A, 0x04, 0x7C, 0xD1, 0xDF, 0x8D, 0xD0, 0x93, 0xED, 0x20, 
        0xE3, 0x1E, 0xE7, 0x6D, 0x6C, 0xDA, 0xE8, 0xFF, 0x00, 0x6F, 0xFD, 0xE6, 0x9D, 0x7F, 0x61, 0x7D, 
        0x19, 0xE4, 0x3D, 0xA5, 0xDA, 0xB0, 0x23, 0xF0, 0x35, 0xC6, 0xA3, 0x8B, 0xA5, 0xA4, 0x5A, 0x9A, 
        0xF3, 0x76, 0x7F, 0x36, 0x93, 0x4F, 0xEE, 0x47, 0xD1, 0xBA, 0x9C, 0x3F, 0x98, 0x3E, 0x7A, 0xD1, 
        0x9E, 0x16, 0x6F, 0x75, 0x08, 0xAA, 0x94, 0xEF, 0xFD, 0xD8, 0xCA, 0x50, 0x94, 0x3D, 0x39, 0xA6, 
        0x97, 0x4B, 0x2D, 0x09, 0x2E, 0x34, 0x8B, 0xC6, 0x90, 0xBF, 0xD9, 0xDA, 0x34, 0xEA, 0x5E, 0x52, 
        0x11, 0x47, 0xE2, 0x71, 0x5B, 0x5E, 0x1A, 0xD2, 0x6E, 0xF5, 0x3B, 0xD4, 0xB3, 0xD3, 0x22, 0x1A, 
        0x9D, 0xF9, 0x38, 0xF9, 0x72, 0x2D, 0xE1, 0xFF, 0x00, 0x69, 0xDC, 0xF5, 0xFE, 0x5F, 0x5A, 0xC7, 
        0x3A, 0x5C, 0x7A, 0x64, 0x9E, 0x76, 0xAD, 0x79, 0x61, 0x69, 0x10, 0xE4, 0xB5, 0xD5, 0xDA, 0xA8, 
        0xFD, 0x4D, 0x51, 0xD7, 0x7F, 0x6A, 0x9F, 0x0C, 0x7C, 0x3D, 0xB0, 0x7B, 0x5D, 0x12, 0xE0, 0x6B, 
        0x17, 0xC0, 0x61, 0x53, 0x4F, 0x5D, 0xB1, 0x03, 0xEF, 0x21, 0x18, 0xFC, 0x46, 0xE3, 0x45, 0xB1, 
        0x75, 0x74, 0x93, 0x50, 0x5E, 0x5A, 0xBF, 0x93, 0x69, 0x25, 0xF7, 0x30, 0x55, 0x32, 0x0C, 0xBD, 
        0xF3, 0xD1, 0x8C, 0xF1, 0x53, 0x5B, 0x29, 0xA5, 0x4E, 0x9D, 0xFF, 0x00, 0xBD, 0x18, 0xCA, 0x72, 
        0x9A, 0xF2, 0xE6, 0x82, 0x7D, 0x6E, 0xB4, 0x3E, 0xA1, 0xB6, 0xF1, 0x8F, 0x86, 0x7F, 0x65, 0x0F, 
        0x00, 0xEA, 0x9A, 0xB5, 0xCD, 0xFC, 0x37, 0x7E, 0x2E, 0xBC, 0x8B, 0x75, 0xD6, 0xA1, 0x28, 0xCF, 
        0x94, 0x0F, 0x40, 0xA3, 0xAE, 0x33, 0xF7, 0x53, 0xAB, 0xB6, 0x3B, 0x0A, 0xFC, 0xBD, 0xF8, 0xC3, 
        0xF1, 0x4B, 0x50, 0xF8, 0xBB, 0xE3, 0x5B, 0xBD, 0x72, 0xF5, 0xA4, 0x11, 0x12, 0x52, 0xDE, 0x19, 
        0x1B, 0x71, 0x44, 0xC9, 0x39, 0x63, 0xDD, 0x98, 0x92, 0xCC, 0x7D, 0x4F, 0xA0, 0x15, 0x17, 0xC4, 
        0x9F, 0x8B, 0x1E, 0x20, 0xF8, 0xA5, 0xA9, 0xFD, 0xA7, 0x58, 0xB9, 0xFD, 0xC2, 0x31, 0x68, 0x6D, 
        0x22, 0x24, 0x47, 0x1E, 0x7B, 0xF3, 0xCB, 0x37, 0xFB, 0x47, 0x9F, 0xA0, 0xE2, 0xB8, 0xDA, 0xEC, 
        0xA5, 0x4A, 0x14, 0x60, 0xA1, 0x05, 0x64, 0x8F, 0x9C, 0xC7, 0x63, 0xB1, 0x19, 0x96, 0x22, 0x58, 
        0xAC, 0x54, 0xB9, 0xA7, 0x2F, 0x96, 0xDA, 0x24, 0x92, 0xD1, 0x24, 0xB4, 0x49, 0x68, 0x96, 0x88, 
        0xFF, 0xD9, 0x33, 0x33, 0x33, 0x33, 0x33, 0x33, 0x33, 0x33, 0x33, 0x33, 0x33, 0x33, 0x33, 0x33, 
        0x33, 0x33, 0x33, 0x33, 0x33, 0x33, 0x33, 0x33, 0x33, 0x33, 0x33, 0x33, 0x33, 0x33, 0x33, 0x33, 
        0x33, 0x33, 0x33, 0x33, 0x33, 0x33, 0x33, 0x33, 0x33, 0x33, 0x33, 0x33, 0x33, 0x33, 0x33, 0x33, 
        0x33, 0x33, 0x33, 0x33, 0x33, 0x33, 0x33, 0x33, 0x33, 0x33, 0x33, 0x33, 0x33, 0x33, 0x33, 0x33, 
        0x33, 0x33, 0x33, 0x33, 0x33, 0x33, 0x33, 0x33, 0x33, 0x33, 0x33, 0x33, 0x33, 0x33, 0x33, 0x33, 
        0x33, 0x33, 0x33, 0x33, 0x33, 0x33, 0x33, 0x33, 0x33, 0x33, 0x33, 0x33, 0x33, 0x33, 0x33, 0x33, 
        0x33, 0x33, 0x33, 0x33, 0x33, 0x33, 0x33, 0x33, 0x33, 0x33, 0x33, 0x33, 0x33, 0x33, 0x33, 0x33, 
        0x33, 0x33, 0x33, 0x33, 0x33, 0x33, 0x33, 0x33, 0x33, 0x33, 0x33, 0x33, 0x33, 0x33, 0x33, 0x33, 
        0x33, 0x33, 0x33, 0x33, 0x33, 0x33, 0x33, 0x33, 0x33, 0x33, 0x33, 0x33, 0x33, 0x33, 0x33, 0x33, 
        0x33, 0x33, 0x33, 0x33, 0x33, 0x33, 0x33, 0x33, 0x33, 0x33, 0x33, 0x33, 0x33, 0x33, 0x33, 0x33, 
        0x33, 0x33, 0x33, 0x33, 0x33, 0x33, 0x33, 0x33, 0x33, 0x33, 0x33, 0x33, 0x33, 0x33, 0x33, 0x33, 
        0x33, 0x33, 0x33, 0x33, 0x33, 0x33, 0x33, 0x33, 0x33, 0x33, 0x33, 0x33, 0x33, 0x33, 0x33, 0x33, 
        0x33, 0x33, 0x33, 0x33, 0x33, 0x33, 0x33, 0x33, 0x33, 0x33, 0x33, 0x33, 0x33, 0x33, 0x33, 0x33, 
        0x33, 0x33, 0x33, 0x33, 0x33, 0x33, 0x33, 0x33, 0x33, 0x33, 0x33, 0x33, 0x33, 0x33, 0x33, 0x33, 
        0x33, 0x33, 0x33, 0x33, 0x33, 0x33, 0x33, 0x33, 0x33, 0x33, 0x33, 0x33, 0x33, 0x33, 0x33, 0x33, 
        0x33, 0x33, 0x33, 0x33, 0x33, 0x33, 0x33, 0x33, 0x33, 0x33, 0x33, 0x33, 0x33, 0x33, 0x33, 0x33, 
        0x33, 0x33, 0x33, 0x33, 0x33, 0x33, 0x33, 0x33, 0x33, 0x33, 0x33, 0x33, 0x33, 0x33, 0x33, 0x33, 
        0x33, 0x33, 0x33, 0x33, 0x33, 0x33, 0x33, 0x33, 0x33, 0x33, 0x33, 0x33, 0x33, 0x33, 0x33, 0x33, 
        0x33, 0x33, 0x33, 0x33, 0x33, 0x33, 0x33, 0x33, 0x33, 0x33, 0x33, 0x33, 0x33, 0x33, 0x33, 0x33, 
        0x33, 0x33, 0x33, 0x33, 0x33, 0x33, 0x33, 0x33, 0x33, 0x33, 0x33, 0x33, 0x33, 0x33, 0x33, 0x33, 
        0x33, 0x33, 0x33, 0x33, 0x33, 0x33, 0x33, 0x33, 0x33, 0x33, 0x33, 0x33, 0x33, 0x33, 0x33, 0x33, 
        0x33, 0x33, 0x33, 0x33, 0x33, 0x33, 0x33, 0x33, 0x33, 0x33, 0x33, 0x33, 0x33, 0x33, 0x33, 0x33, 
        0x33, 0x33, 0x33, 0x33, 0x33, 0x33, 0x33, 0x33, 0x33, 0x33, 0x33, 0x33, 0x33, 0x33, 0x33, 0x33, 
        0x33, 0x33, 0x33, 0x33, 0x33, 0x33, 0x33, 0x33, 0x33, 0x33, 0x33, 0x33, 0x33, 0x33, 0x33, 0x33, 
        0x33, 0x33, 0x33, 0x33, 0x33, 0x33, 0x33, 0x33, 0x33, 0x33, 0x33, 0x33, 0x33, 0x33, 0x33, 0x33, 
        0x33, 0x33, 0x33, 0x33, 0x33, 0x33, 0x33, 0x33, 0x33, 0x33, 0x33, 0x33, 0x33, 0x33, 0x33, 0x33, 
        0x33, 0x33, 0x33, 0x33, 0x33, 0x33, 0x33, 0x33, 0x33, 0x33, 0x33, 0x33, 0x33, 0x33, 0x33, 0x33, 
        0x33, 0x33, 0x33, 0x33, 0x33, 0x33, 0x33, 0x33, 0x33, 0x33, 0x33, 0x33, 0x33, 0x33, 0x33, 0x33, 
        0xFF, 0xD8, 0xFF, 0xE0, 0x00, 0x10, 0x4A, 0x46, 0x49, 0x46, 0x00, 0x01, 0x01, 0x00, 0x00, 0x01, 
        0x00, 0x01, 0x00, 0x00, 0xFF, 0xDB, 0x00, 0x43, 0x00, 0x03, 0x02, 0x02, 0x03, 0x02, 0x02, 0x03, 
        0x03, 0x03, 0x03, 0x04, 0x03, 0x03, 0x04, 0x05, 0x08, 0x05, 0x05, 0x04, 0x04, 0x05, 0x0A, 0x07, 
        0x07, 0x06, 0x08, 0x0C, 0x0A, 0x0C, 0x0C, 0x0B, 0x0A, 0x0B, 0x0B, 0x0D, 0x0E, 0x12, 0x10, 0x0D, 
        0x0E, 0x11, 0x0E, 0x0B, 0x0B, 0x10, 0x16, 0x10, 0x11, 0x13, 0x14, 0x15, 0x15, 0x15, 0x0C, 0x0F, 
        0x17, 0x18, 0x16, 0x14, 0x18, 0x12, 0x14, 0x15, 0x14, 0xFF, 0xDB, 0x00, 0x43, 0x01, 0x03, 0x04, 
        0x04, 0x05, 0x04, 0x05, 0x09, 0x05, 0x05, 0x09, 0x14, 0x0D, 0x0B, 0x0D, 0x14, 0x14, 0x14, 0x14, 
        0x14, 0x14, 0x14, 0x14, 0x14, 0x14, 0x14, 0x14, 0x14, 0x14, 0x14, 0x14, 0x14, 0x14, 0x14, 0x14, 
        0x14, 0x14, 0x14, 0x14, 0x14, 0x14, 0x14, 0x14, 0x14, 0x14, 0x14, 0x14, 0x14, 0x14, 0x14, 0x14, 
        0x14, 0x14, 0x14, 0x14, 0x14, 0x14, 0x14, 0x14, 0x14, 0x14, 0x14, 0x14, 0x14, 0x14, 0xFF, 0xC0, 
        0x00, 0x11, 0x08, 0x00, 0x40, 0x00, 0x40, 0x03, 0x01, 0x22, 0x00, 0x02, 0x11, 0x01, 0x03, 0x11, 
        0x01, 0xFF, 0xC4, 0x00, 0x1F, 0x00, 0x00, 0x01, 0x05, 0x01, 0x01, 0x01, 0x01, 0x01, 0x01, 0x00, 
        0x00, 0x00, 0x00, 0x00, 0x00, 0x00, 0x00, 0x01, 0x02, 0x03, 0x04, 0x05, 0x06, 0x07, 0x08, 0x09, 
        0x0A, 0x0B, 0xFF, 0xC4, 0x00, 0xB5, 0x10, 0x00, 0x02, 0x01, 0x03, 0x03, 0x02, 0x04, 0x03, 0x05, 
        0x05, 0x04, 0x04, 0x00, 0x00, 0x01, 0x7D, 0x01, 0x02, 0x03, 0x00, 0x04, 0x11, 0x05, 0x12, 0x21, 
        0x31, 0x41, 0x06, 0x13, 0x51, 0x61, 0x07, 0x22, 0x71, 0x14, 0x32, 0x81, 0x91, 0xA1, 0x08, 0x23, 
        0x42, 0xB1, 0xC1, 0x15, 0x52, 0xD1, 0xF0, 0x24, 0x33, 0x62, 0x72, 0x82, 0x09, 0x0A, 0x16, 0x17, 
        0x18, 0x19, 0x1A, 0x25, 0x26, 0x27, 0x28, 0x29, 0x2A, 0x34, 0x35, 0x36, 0x37, 0x38, 0x39, 0x3A, 
        0x43, 0x44, 0x45, 0x46, 0x47, 0x48, 0x49, 0x4A, 0x53, 0x54, 0x55, 0x56, 0x57, 0x58, 0x59, 0x5A, 
        0x63, 0x64, 0x65, 0x66, 0x67, 0x68, 0x69, 0x6A, 0x73, 0x74, 0x75, 0x76, 0x77, 0x78, 0x79, 0x7A, 
        0x83, 0x84, 0x85, 0x86, 0x87, 0x88, 0x89, 0x8A, 0x92, 0x93, 0x94, 0x95, 0x96, 0x97, 0x98, 0x99, 
        0x9A, 0xA2, 0xA3, 0xA4, 0xA5, 0xA6, 0xA7, 0xA8, 0xA9, 0xAA, 0xB2, 0xB3, 0xB4, 0xB5, 0xB6, 0xB7, 
        0xB8, 0xB9, 0xBA, 0xC2, 0xC3, 0xC4, 0xC5, 0xC6, 0xC7, 0xC8, 0xC9, 0xCA, 0xD2, 0xD3, 0xD4, 0xD5, 
        0xD6, 0xD7, 0xD8, 0xD9, 0xDA, 0xE1, 0xE2, 0xE3, 0xE4, 0xE5, 0xE6, 0xE7, 0xE8, 0xE9, 0xEA, 0xF1, 
        0xF2, 0xF3, 0xF4, 0xF5, 0xF6, 0xF7, 0xF8, 0xF9, 0xFA, 0xFF, 0xC4, 0x00, 0x1F, 0x01, 0x00, 0x03, 
        0x01, 0x01, 0x01, 0x01, 0x01, 0x01, 0x01, 0x01, 0x01, 0x00, 0x00, 0x00, 0x00, 0x00, 0x00, 0x01, 
        0x02, 0x03, 0x04, 0x05, 0x06, 0x07, 0x08, 0x09, 0x0A, 0x0B, 0xFF, 0xC4, 0x00, 0xB5, 0x11, 0x00, 
        0x02, 0x01, 0x02, 0x04, 0x04, 0x03, 0x04, 0x07, 0x05, 0x04, 0x04, 0x00, 0x01, 0x02, 0x77, 0x00, 
        0x01, 0x02, 0x03, 0x11, 0x04, 0x05, 0x21, 0x31, 0x06, 0x12, 0x41, 0x51, 0x07, 0x61, 0x71, 0x13, 
        0x22, 0x32, 0x81, 0x08, 0x14, 0x42, 0x91, 0xA1, 0xB1, 0xC1, 0x09, 0x23, 0x33, 0x52, 0xF0, 0x15, 
        0x62, 0x72, 0xD1, 0x0A, 0x16, 0x24, 0x34, 0xE1, 0x25, 0xF1, 0x17, 0x18, 0x19, 0x1A, 0x26, 0x27, 
        0x28, 0x29, 0x2A, 0x35, 0x36, 0x37, 0x38, 0x39, 0x3A, 0x43, 0x44, 0x45, 0x46, 0x47, 0x48, 0x49, 
        0x4A, 0x53, 0x54, 0x55, 0x56, 0x57, 0x58, 0x59, 0x5A, 0x63, 0x64, 0x65, 0x66, 0x67, 0x68, 0x69, 
        0x6A, 0x73, 0x74, 0x75, 0x76, 0x77, 0x78, 0x79, 0x7A, 0x82, 0x83, 0x84, 0x85, 0x86, 0x87, 0x88, 
        0x89, 0x8A, 0x92, 0x93, 0x94, 0x95, 0x96, 0x97, 0x98, 0x99, 0x9A, 0xA2, 0xA3, 0xA4, 0xA5, 0xA6, 
        0xA7, 0xA8, 0xA9, 0xAA, 0xB2, 0xB3, 0xB4, 0xB5, 0xB6, 0xB7, 0xB8, 0xB9, 0xBA, 0xC2, 0xC3, 0xC4, 
        0xC5, 0xC6, 0xC7, 0xC8, 0xC9, 0xCA, 0xD2, 0xD3, 0xD4, 0xD5, 0xD6, 0xD7, 0xD8, 0xD9, 0xDA, 0xE2, 
        0xE3, 0xE4, 0xE5, 0xE6, 0xE7, 0xE8, 0xE9, 0xEA, 0xF2, 0xF3, 0xF4, 0xF5, 0xF6, 0xF7, 0xF8, 0xF9, 
        0xFA, 0xFF, 0xDA, 0x00, 0x0C, 0x03, 0x01, 0x00, 0x02, 0x11, 0x03, 0x11, 0x00, 0x3F, 0x00, 0xFC, 
        0xAA, 0xAF, 0x51, 0xF8, 0x15, 0xFB, 0x39, 0x78, 0xC3, 0xF6, 0x80, 0xD6, 0x65, 0xB6, 0xF0, 0xFD, 
        0xAA, 0x5B, 0xE9, 0x96, 0xA4, 0x7D, 0xBB, 0x59, 0xBD, 0x25, 0x2D, 0x6D, 0x47, 0x5E, 0x5B, 0xF8, 
        0x9B, 0x1C, 0x85, 0x5C, 0x9F, 0xA0, 0xE6, 0x9B, 0xFB, 0x3A, 0xFC, 0x0D, 0xD4, 0xBE, 0x3F, 0xFC, 
        0x49, 0xB2, 0xF0, 0xE5, 0x9B, 0x3D, 0xB5, 0x82, 0x8F, 0x3F, 0x51, 0xBD, 0x55, 0xCF, 0xD9, 0xE0, 
        0x04, 0x03, 0x8F, 0x57, 0x62, 0x42, 0xA8, 0xF5, 0x39, 0x3C, 0x02, 0x47, 0xEA, 0xA7, 0xC4, 0x56, 
        0xF0, 0x8F, 0xEC, 0xB9, 0xF0, 0xB7, 0x45, 0xF0, 0x86, 0x85, 0xA6, 0xC5, 0x2E, 0xA9, 0x71, 0x16, 
        0xCD, 0x3B, 0x43, 0x81, 0xB8, 0x3F, 0xDE, 0x9E, 0x76, 0xEA, 0x46, 0x72, 0x4B, 0x1E, 0x58, 0xE7, 
        0xB0, 0x24, 0x67, 0x52, 0xA4, 0x69, 0x45, 0xCE, 0x6F, 0x43, 0xAF, 0x09, 0x84, 0xAD, 0x8E, 0xAD, 
        0x1C, 0x3E, 0x1E, 0x37, 0x93, 0xFF, 0x00, 0x87, 0x6D, 0xB7, 0xA2, 0x49, 0x6A, 0xDB, 0xD1, 0x2D, 
        0x59, 0xF2, 0xDD, 0x9F, 0xC1, 0x7F, 0x83, 0x3F, 0x00, 0xED, 0x93, 0xCC, 0xF0, 0xFC, 0xBF, 0x14, 
        0xBC, 0x42, 0x83, 0x12, 0x6A, 0x3A, 0xEC, 0x9F, 0x67, 0xD3, 0x11, 0xFB, 0xEC, 0x80, 0x7D, 0xF1, 
        0xFE, 0xF6, 0xEF, 0xAD, 0x6B, 0x41, 0xFB, 0x4E, 0x6B, 0xDA, 0x41, 0xF2, 0x7C, 0x3B, 0xA5, 0xF8, 
        0x6F, 0xC3, 0x96, 0xE0, 0x61, 0x2D, 0xF4, 0x7D, 0x0A, 0x35, 0x0A, 0x3B, 0x00, 0x4F, 0x5A, 0xF0, 
        0x8F, 0x88, 0x3F, 0x1A, 0xC5, 0xE6, 0xB1, 0x3B, 0xDA, 0xF9, 0x5E, 0x24, 0xD5, 0xB7, 0x10, 0xF7, 
        0xD2, 0x83, 0xF6, 0x18, 0x0F, 0xF7, 0x61, 0x8C, 0x63, 0xCC, 0xC7, 0xF7, 0x8E, 0x17, 0xD3, 0x77, 
        0x5A, 0xE2, 0x07, 0x8D, 0x3C, 0x67, 0xAA, 0x4A, 0x33, 0xAA, 0x5F, 0x22, 0x76, 0x8A, 0xD7, 0x10, 
        0x46, 0xA3, 0xD0, 0x2A, 0x01, 0x5C, 0xD7, 0xC4, 0x54, 0xD5, 0x5A, 0x0B, 0xCF, 0x57, 0xF7, 0x5D, 
        0x25, 0xF7, 0xB3, 0xDB, 0x74, 0xF2, 0x7C, 0x13, 0xE4, 0xA9, 0x29, 0xD7, 0x92, 0xDF, 0x91, 0xA8, 
        0x43, 0xE5, 0x27, 0x19, 0x4A, 0x5E, 0xBC, 0xB1, 0x4F, 0xA5, 0xD6, 0xA7, 0xD5, 0xD3, 0xFE, 0xD3, 
        0x9A, 0xF6, 0xAE, 0x7C, 0x8F, 0x11, 0x69, 0x7E, 0x1B, 0xF1, 0x1D, 0xB9, 0x18, 0x7B, 0x7D, 0x63, 
        0x42, 0x8D, 0x83, 0x0E, 0xE0, 0x91, 0xD2, 0xB9, 0xCD, 0x63, 0xE1, 0x7F, 0xC0, 0xFF, 0x00, 0x8D, 
        0x91, 0xB2, 0x4B, 0xA1, 0x4B, 0xF0, 0x9F, 0xC4, 0x12, 0x0C, 0x47, 0xAA, 0x68, 0x6E, 0x6E, 0x34, 
        0xA6, 0x7E, 0xDE, 0x64, 0x07, 0xEE, 0x2F, 0xFB, 0xBB, 0x7E, 0xB5, 0xE2, 0xDA, 0x5F, 0x89, 0xBC, 
        0x51, 0x66, 0x00, 0x9F, 0x50, 0xBC, 0x92, 0x33, 0xD6, 0x3B, 0xCF, 0xDF, 0x21, 0xF6, 0x21, 0xC1, 
        0xAE, 0xC7, 0x43, 0xF1, 0x24, 0x17, 0x17, 0x11, 0xBB, 0x79, 0x5A, 0x2E, 0xA2, 0x4F, 0xCB, 0x71, 
        0x1E, 0x7E, 0xCB, 0x29, 0xF4, 0x91, 0x4E, 0x76, 0x67, 0xD4, 0x65, 0x7E, 0x9D, 0x68, 0x6F, 0x11, 
        0x4F, 0x56, 0x94, 0xD7, 0x96, 0x8F, 0xEE, 0x6D, 0xA7, 0xF7, 0xA0, 0x54, 0xF2, 0x6C, 0x6B, 0xE4, 
        0xA7, 0x29, 0xE1, 0xE4, 0xF6, 0xE7, 0x6A, 0x70, 0xF9, 0xC9, 0x46, 0x32, 0x8F, 0xAF, 0x2C, 0x92, 
        0xEB, 0x65, 0xA9, 0xE2, 0xBF, 0x1C, 0xFF, 0x00, 0x67, 0x4F, 0x17, 0x7C, 0x02, 0xD5, 0xA0, 0x87, 
        0x5E, 0xB7, 0x8A, 0xEF, 0x49, 0xBC, 0xC9, 0xD3, 0xF5, 0xBB, 0x06, 0xF3, 0x2C, 0xEF, 0x17, 0xA8, 
        0xDA, 0xFD, 0x9B, 0x1C, 0xED, 0x3C, 0xFD, 0x47, 0x35, 0xE5, 0xF5, 0xFA, 0xAB, 0xF0, 0xAE, 0x6D, 
        0x1F, 0xE2, 0xB7, 0x83, 0x75, 0x8F, 0x02, 0xF8, 0x93, 0x4F, 0x5B, 0xBD, 0x39, 0xD7, 0x65, 0xF6, 
        0x8B, 0x3F, 0x26, 0x03, 0xFC, 0x37, 0x16, 0xE7, 0xAA, 0xE0, 0xE0, 0xE5, 0x7A, 0x1C, 0x1F, 0x42, 
        0x7F, 0x3E, 0x3F, 0x68, 0x9F, 0x81, 0xDA, 0x8F, 0xC0, 0x2F, 0x89, 0x17, 0x9E, 0x1E, 0xBA, 0x76, 
        0xBB, 0xD3, 0xA4, 0x1F, 0x68, 0xD3, 0x6F, 0xC8, 0xC0, 0xB9, 0xB7, 0x24, 0xE0, 0x9F, 0x47, 0x52, 
        0x0A, 0xB0, 0xF5, 0x19, 0x1C, 0x10, 0x4F, 0x4D, 0x3A, 0x91, 0xAB, 0x15, 0x38, 0x3D, 0x0F, 0x13, 
        0x17, 0x84, 0xAD, 0x81, 0xAD, 0x2C, 0x3E, 0x22, 0x36, 0x92, 0xFF, 0x00, 0x87, 0x4D, 0x35, 0xA3, 
        0x4D, 0x6A, 0x9A, 0xD1, 0xAD, 0x51, 0xF7, 0x47, 0xEC, 0x3F, 0xA2, 0x69, 0x7F, 0x03, 0xBE, 0x09, 
        0xDA, 0xF8, 0x97, 0x53, 0x55, 0x8F, 0x52, 0xD7, 0x95, 0xF5, 0x7B, 0x99, 0x08, 0xF9, 0x85, 0xB2, 
        0x02, 0x21, 0x5F, 0xA6, 0xDC, 0xB0, 0xF7, 0x94, 0xD7, 0x8A, 0x7C, 0x6A, 0xF1, 0xB7, 0x88, 0xFE, 
        0x2C, 0x78, 0x8A, 0xF6, 0x76, 0x79, 0x06, 0xA7, 0xAF, 0x0F, 0x36, 0xED, 0xD4, 0x9F, 0xF4, 0x4B, 
        0x00, 0x76, 0xC5, 0x6C, 0x9E, 0x81, 0x80, 0xC9, 0xC7, 0x55, 0x1F, 0xED, 0x1A, 0xF4, 0x3F, 0x8C, 
        0xDA, 0xD4, 0x9A, 0x15, 0xBD, 0xBF, 0x86, 0x6D, 0x4E, 0xCB, 0x6B, 0x1D, 0x2E, 0xCA, 0xC5, 0x51, 
        0x78, 0x01, 0x42, 0x0C, 0x8F, 0xD2, 0xBB, 0xAF, 0x0D, 0x7C, 0x19, 0x09, 0xA6, 0x0B, 0xCF, 0x23, 
        0x33, 0x5D, 0x2A, 0x90, 0x71, 0xD1, 0x02, 0x85, 0x50, 0x3F, 0x01, 0x5C, 0xCF, 0xF7, 0x98, 0x85, 
        0x17, 0xB4, 0x15, 0xFE, 0x6E, 0xF6, 0xFB, 0x92, 0x7F, 0x79, 0xED, 0xC1, 0xBC, 0x1E, 0x4E, 0xEA, 
        0x43, 0x49, 0x57, 0x9B, 0x85, 0xFF, 0x00, 0xB9, 0x05, 0x17, 0x25, 0xFF, 0x00, 0x6F, 0x4A, 0x51, 
        0xBF, 0x75, 0x1B, 0x6C, 0xD9, 0xF3, 0x06, 0x85, 0xF0, 0xF3, 0x4E, 0xD1, 0xA3, 0x51, 0x24, 0x42, 
        0x49, 0x40, 0xE7, 0x22, 0xBA, 0xFD, 0x0A, 0xCA, 0xD2, 0x0D, 0x4A, 0xDC, 0x7D, 0x9E, 0x3D, 0xA5, 
        0xB1, 0x8C, 0x57, 0xAE, 0xEB, 0xDF, 0x05, 0x2F, 0x64, 0x0C, 0xD0, 0x42, 0xDB, 0xBB, 0x60, 0x57, 
        0x9C, 0x6B, 0xBE, 0x12, 0xD6, 0x3C, 0x26, 0xE2, 0x7B, 0xCB, 0x19, 0xD6, 0x08, 0x98, 0x37, 0x9C, 
        0xB1, 0x92, 0xA3, 0x07, 0xBE, 0x3A, 0x57, 0x69, 0xF3, 0x27, 0xD6, 0x5F, 0x0D, 0x3E, 0x05, 0x78, 
        0x6B, 0xC7, 0x5E, 0x1F, 0x51, 0xA8, 0x69, 0x91, 0x6D, 0x74, 0xFF, 0x00, 0x58, 0xAB, 0xC8, 0xAF, 
        0x0A, 0xFD, 0xA2, 0xBF, 0x64, 0x8B, 0x9F, 0x87, 0x89, 0x2E, 0xAD, 0xA0, 0xE6, 0xEF, 0x4C, 0xE4, 
        0xB4, 0x60, 0x64, 0xA8, 0xAF, 0xB5, 0x7C, 0x19, 0x35, 0x9F, 0x81, 0x3C, 0x0F, 0xA4, 0xDB, 0x5C, 
        0x48, 0x89, 0x7D, 0x2D, 0xAC, 0x73, 0x49, 0x1E, 0x46, 0xE5, 0xDC, 0xA1, 0x80, 0x3F, 0x81, 0xAC, 
        0x6F, 0x11, 0xF8, 0xB2, 0xCB, 0x5A, 0xB4, 0x9E, 0xD2, 0x7D, 0xB2, 0xC1, 0x2A, 0x95, 0x65, 0x6E, 
        0x45, 0x00, 0x7E, 0x75, 0x7C, 0x2B, 0xF8, 0x85, 0x7F, 0xE1, 0x4D, 0x6E, 0xCB, 0x53, 0xB7, 0x2C, 
        0xFA, 0x9E, 0x84, 0x44, 0x8A, 0x8C, 0x7F, 0xE3, 0xE6, 0xCF, 0x38, 0x96, 0x06, 0xF5, 0xDA, 0x0F, 
        0x1E, 0x80, 0xFF, 0x00, 0xB2, 0x2B, 0xE8, 0xAF, 0xF8, 0x28, 0x67, 0xC2, 0xDD, 0x3F, 0xE2, 0x47, 
        0xEC, 0xFF, 0x00, 0x61, 0xE3, 0x4D, 0x21, 0x04, 0xCD, 0x63, 0x0A, 0xEA, 0xF6, 0x53, 0xA8, 0xE4, 
        0xC0, 0xCA, 0xBE, 0x72, 0x67, 0xD0, 0xA1, 0x0E, 0x7D, 0xE1, 0x15, 0xF3, 0xFF, 0x00, 0xC5, 0x1F, 
        0x09, 0x47, 0xE0, 0x6F, 0x8C, 0x56, 0x6B, 0x02, 0xFF, 0x00, 0xA0, 0x5F, 0x4F, 0xE5, 0x15, 0xEC, 
        0x56, 0x40, 0x50, 0x8F, 0xFC, 0x7A, 0xBE, 0x88, 0xF8, 0x69, 0xE3, 0xE8, 0xFC, 0x6D, 0xFB, 0x3B, 
        0xDB, 0xF8, 0x13, 0x50, 0x61, 0x24, 0xD1, 0xC1, 0x77, 0x64, 0x03, 0x9C, 0xFE, 0xEC, 0x87, 0x18, 
        0xFA, 0x6D, 0x7C, 0x7E, 0x15, 0xC4, 0xBF, 0x77, 0x88, 0xB2, 0xDA, 0x4A, 0xFF, 0x00, 0x35, 0x65, 
        0xF8, 0xA6, 0xBE, 0xE3, 0xE9, 0xAA, 0x37, 0x8C, 0xC9, 0xD5, 0x49, 0xEB, 0x2A, 0x13, 0x50, 0xBF, 
        0xF7, 0x26, 0xA4, 0xE2, 0xBF, 0xED, 0xD9, 0x46, 0x56, 0xEC, 0xA5, 0x6D, 0x92, 0x3C, 0xD3, 0xE2, 
        0x6F, 0x85, 0xE5, 0xF1, 0x97, 0x84, 0x1F, 0xC6, 0x76, 0x40, 0xC9, 0x14, 0xB6, 0x36, 0x97, 0x45, 
        0x94, 0x67, 0xE5, 0xD8, 0xB9, 0x3F, 0x91, 0xCD, 0x7D, 0xA7, 0xF0, 0x8F, 0x4D, 0xB2, 0xF1, 0x77, 
        0xC3, 0x2F, 0x0A, 0xEB, 0x10, 0x85, 0x78, 0xEE, 0xB4, 0xF8, 0x89, 0x23, 0xB3, 0x01, 0xB5, 0x87, 
        0xD7, 0x20, 0xD7, 0xC9, 0x9F, 0xF0, 0x4E, 0x8F, 0x88, 0x1A, 0x2F, 0xC4, 0xBF, 0x00, 0x4F, 0xE0, 
        0x1F, 0x11, 0x32, 0xC8, 0x7E, 0xCE, 0xFA, 0x5B, 0x2B, 0x1E, 0x4A, 0x95, 0x6F, 0x2B, 0xFE, 0xFA, 
        0x8C, 0xB2, 0x8F, 0x78, 0xAB, 0xD9, 0x3F, 0x66, 0x5F, 0x16, 0x5D, 0x7C, 0x23, 0xF1, 0x66, 0xBB, 
        0xF0, 0x57, 0xC5, 0x53, 0x79, 0x57, 0x56, 0x77, 0x2F, 0x71, 0xA2, 0x5D, 0x48, 0x70, 0x97, 0x31, 
        0xB7, 0x3B, 0x54, 0xFF, 0x00, 0xB6, 0x30, 0xC3, 0xDF, 0x23, 0xB5, 0x0F, 0xF7, 0x78, 0x8E, 0x67, 
        0xB4, 0xD5, 0xBE, 0x6A, 0xF6, 0xFB, 0xD3, 0x7F, 0x70, 0x41, 0x3C, 0x66, 0x4E, 0xE9, 0xC3, 0x59, 
        0x50, 0x9B, 0x9D, 0xBF, 0xB9, 0x35, 0x14, 0xDF, 0xFD, 0xBB, 0x28, 0xC6, 0xFD, 0x94, 0xAF, 0xB2, 
        0x3E, 0x88, 0x8B, 0xC2, 0x7A, 0x75, 0xB8, 0xDD, 0x24, 0x6A, 0xDE, 0xD8, 0xAE, 0x4F, 0xE2, 0x2F, 
        0x8B, 0xAC, 0xFC, 0x25, 0xA0, 0xDD, 0x8D, 0x3A, 0xDE, 0x08, 0xEE, 0x9A, 0x36, 0x55, 0x90, 0xC6, 
        0xAC, 0x57, 0x23, 0x19, 0x19, 0xAD, 0xCD, 0x7B, 0x5E, 0xF2, 0x23, 0x60, 0x1B, 0x04, 0x57, 0xCF, 
        0xFF, 0x00, 0x14, 0x75, 0xB6, 0xBB, 0x8A, 0x55, 0x2D, 0x9C, 0xE6, 0xBB, 0x4F, 0x99, 0x3E, 0x73, 
        0xD2, 0xFC, 0x73, 0xAA, 0xF8, 0x77, 0x50, 0x9A, 0xD1, 0xEF, 0x67, 0x9A, 0x01, 0x21, 0x29, 0xE6, 
        0xC8, 0x58, 0x80, 0x4E, 0x71, 0x93, 0x5D, 0xE6, 0x99, 0xF1, 0x12, 0x5B, 0x85, 0x5D, 0xD2, 0x12, 
        0x7E, 0xB5, 0xE5, 0x3E, 0x27, 0x83, 0x6D, 0xE3, 0xB8, 0xF5, 0xAA, 0xBA, 0x76, 0xA2, 0xD0, 0xE0, 
        0x6E, 0x3C, 0x50, 0x06, 0xFF, 0x00, 0xC6, 0x39, 0xE3, 0xD7, 0x7C, 0x45, 0xE1, 0xA9, 0xD8, 0x8C, 
        0xC3, 0x70, 0x27, 0x91, 0xBD, 0x12, 0x30, 0x5D, 0x89, 0xFF, 0x00, 0xBE, 0x69, 0x3E, 0x16, 0x5B, 
        0x5F, 0x78, 0x6E, 0xD6, 0x7F, 0x12, 0x5D, 0x93, 0x16, 0x9F, 0x6F, 0xA7, 0xDE, 0x5E, 0x92, 0x78, 
        0x07, 0x08, 0x70, 0x7F, 0x4C, 0xD4, 0xBA, 0x0F, 0x84, 0x75, 0x2F, 0x8A, 0x1E, 0x32, 0xD2, 0x3C, 
        0x33, 0xA6, 0x83, 0xFD, 0xA3, 0xAA, 0xE2, 0x3F, 0x33, 0x1C, 0x5A, 0x5A, 0x64, 0x19, 0x66, 0x6F, 
        0x40, 0x40, 0xE3, 0x3D, 0x40, 0xFF, 0x00, 0x68, 0x57, 0x49, 0xFF, 0x00, 0x05, 0x08, 0xF1, 0x6E, 
        0x85, 0xF0, 0x9F, 0xC0, 0xE7, 0xC0, 0xFE, 0x1D, 0x65, 0x49, 0xA6, 0x81, 0x34, 0xBF, 0x94, 0xF2, 
        0x14, 0x00, 0x65, 0xFC, 0x93, 0x0A, 0x7D, 0xE5, 0xAE, 0x25, 0xFB, 0xCC, 0x47, 0x32, 0xDA, 0x0A, 
        0xDF, 0x37, 0x66, 0xFE, 0xE4, 0x97, 0xDE, 0x7D, 0x35, 0x45, 0xF5, 0x3C, 0x9D, 0x53, 0x9E, 0x92, 
        0xAF, 0x35, 0x3B, 0x7F, 0x72, 0x0A, 0x4A, 0x2F, 0xFE, 0xDE, 0x94, 0xA5, 0x6E, 0xEA, 0x37, 0xD9, 
        0x9F, 0x05, 0x7C, 0x1E, 0xF8, 0xA5, 0xA8, 0x7C, 0x23, 0xF1, 0xAD, 0xA6, 0xB9, 0x64, 0xD2, 0x18, 
        0x81, 0x09, 0x73, 0x0C, 0x6D, 0xB4, 0xBA, 0x64, 0x1C, 0xA9, 0xEC, 0xCA, 0x40, 0x65, 0x3E, 0xA3, 
        0xD0, 0x9A, 0xFD, 0x2E, 0xD7, 0x3C, 0x57, 0xE1, 0xCF, 0xDA, 0xAB, 0xC0, 0x7A, 0x4E, 0xB7, 0x69, 
        0xA8, 0x47, 0x65, 0xE2, 0xEB, 0x18, 0xC3, 0xD9, 0xEA, 0xB0, 0x7C, 0xA5, 0xF1, 0xC9, 0x0C, 0x07, 
        0x20, 0x67, 0xAA, 0xF5, 0x46, 0xCE, 0x38, 0x35, 0xF9, 0x35, 0x5D, 0x97, 0xC3, 0x6F, 0x8A, 0xFA, 
        0xFF, 0x00, 0xC2, 0xED, 0x48, 0xDC, 0x69, 0x17, 0x19, 0xB7, 0x91, 0x81, 0x9A, 0xCE, 0x5C, 0x98, 
        0xA4, 0xC7, 0x7C, 0x7F, 0x0B, 0x7F, 0xB4, 0x39, 0xFA, 0x8E, 0x2B, 0xA6, 0xA5, 0x38, 0xD5, 0x8B, 
        0x84, 0xD6, 0x87, 0x89, 0x84, 0xC5, 0xD6, 0xC0, 0xD6, 0x8E, 0x23, 0x0F, 0x2B, 0x49, 0x7F, 0xC3, 
        0x34, 0xD3, 0xD1, 0xA6, 0xB4, 0x69, 0xE8, 0xD6, 0x8C, 0xFD, 0x2A, 0xD0, 0x7F, 0x69, 0x4D, 0x4B, 
        0x47, 0xDB, 0xA0, 0x7C, 0x44, 0xB6, 0x92, 0xDE, 0xFE, 0x21, 0xE5, 0xC7, 0xAB, 0x42, 0xBB, 0x92, 
        0x70, 0x3A, 0x16, 0xC7, 0x5F, 0xF7, 0x87, 0xE3, 0x4E, 0xF1, 0x07, 0x89, 0xF4, 0xEF, 0x10, 0xC0, 
        0x66, 0xD3, 0xEF, 0xED, 0xEF, 0x63, 0x61, 0x90, 0x62, 0x90, 0x13, 0xF9, 0x57, 0xCC, 0xFA, 0x57, 
        0xED, 0x1B, 0xE1, 0x3F, 0x88, 0xD6, 0x2B, 0x6F, 0xAB, 0x5D, 0xFF, 0x00, 0x61, 0x5F, 0x91, 0xF3, 
        0x45, 0xA8, 0xAE, 0xF8, 0x49, 0xF6, 0x90, 0x71, 0xF8, 0x9D, 0xB5, 0x7E, 0x1F, 0x09, 0x5B, 0x6A, 
        0x67, 0xCD, 0xD3, 0xAF, 0x2C, 0x6F, 0x50, 0xF2, 0xAF, 0x67, 0x7A, 0xAC, 0x31, 0xED, 0xCD, 0x73, 
        0x25, 0x88, 0xA7, 0xA2, 0x6A, 0x6B, 0xCF, 0x47, 0xF7, 0xD9, 0xA7, 0xF7, 0x23, 0xDB, 0x75, 0x32, 
        0x7C, 0x67, 0xBF, 0x52, 0x33, 0xA1, 0x27, 0xBF, 0x22, 0x53, 0x87, 0xCA, 0x2E, 0x51, 0x94, 0x7D, 
        0x39, 0xA4, 0x97, 0x4B, 0x2D, 0x0E, 0xB7, 0xC4, 0x76, 0x4C, 0x59, 0xD9, 0xB6, 0x46, 0x9D, 0x4B, 
        0xCA, 0xEA, 0x80, 0x7E, 0x24, 0xD6, 0x3E, 0x81, 0xA4, 0xCD, 0xAD, 0x6A, 0x8B, 0x65, 0xA2, 0xDB, 
        0x8D, 0x6F, 0x51, 0x27, 0x1C, 0x02, 0x2D, 0x60, 0xFF, 0x00, 0x6A, 0x47, 0x38, 0xDD, 0x8F, 0x4E, 
        0x07, 0xD7, 0xA5, 0x67, 0xAF, 0x85, 0xAC, 0xB4, 0x99, 0x7C, 0xED, 0x5A, 0xEA, 0xCA, 0xD6, 0x21, 
        0xC9, 0x6B, 0xBB, 0xD5, 0x03, 0x1E, 0xFC, 0xD3, 0x35, 0xAF, 0xDA, 0x9B, 0xC2, 0xDF, 0x0E, 0xB4, 
        0xD6, 0xB3, 0xD0, 0x67, 0x5D, 0x5A, 0xF1, 0x46, 0x16, 0x3D, 0x39, 0x42, 0xC4, 0x0F, 0xBC, 0x84, 
        0x63, 0xF1, 0x1B, 0x8D, 0x16, 0xC4, 0x54, 0xD1, 0xB5, 0x05, 0xE5, 0xAB, 0xFB, 0xEC, 0x92, 0xFB, 
        0x98, 0x2A, 0x99, 0x3E, 0x0F, 0xDF, 0xA6, 0xA7, 0x5E, 0x4B, 0x6E, 0x74, 0xA1, 0x0F, 0x9C, 0x54, 
        0xA5, 0x29, 0x7A, 0x73, 0x45, 0x3E, 0xB7, 0x5A, 0x1F, 0x4D, 0xE9, 0x9E, 0x27, 0xF0, 0xCF, 0xEC, 
        0x91, 0xE0, 0x1D, 0x5B, 0x58, 0xBB, 0xD4, 0x61, 0xBF, 0xF1, 0x9D, 0xF4, 0x5B, 0xAF, 0x35, 0x39, 
        0x46, 0x7C, 0xA1, 0xD9, 0x54, 0x75, 0xC6, 0x7E, 0xEA, 0x75, 0x76, 0xC7, 0x00, 0x00, 0x2B, 0xF3, 
        0x13, 0xE3, 0x0F, 0xC5, 0x2D, 0x43, 0xE2, 0xEF, 0x8D, 0x6E, 0xF5, 0xCB, 0xD6, 0x90, 0x44, 0x49, 
        0x4B, 0x78, 0x64, 0x6D, 0xC5, 0x13, 0x24, 0xE5, 0x8F, 0x76, 0x62, 0x4B, 0x31, 0xF5, 0x3E, 0x80, 
        0x54, 0x5F, 0x12, 0x7E, 0x2C, 0x78, 0x83, 0xE2, 0x96, 0xA7, 0xF6, 0x9D, 0x62, 0xE7, 0xF7, 0x08, 
        0xC5, 0xA1, 0xB4, 0x88, 0x91, 0x1C, 0x79, 0xEF, 0xCF, 0x2C, 0xDF, 0xED, 0x1E, 0x7E, 0x83, 0x8A, 
        0xE3, 0x6B, 0xA6, 0x9D, 0x38, 0xD2, 0x8A, 0x84, 0x16, 0x87, 0x89, 0x8B, 0xC5, 0xD6, 0xC6, 0xD6, 
        0x96, 0x23, 0x11, 0x2B, 0xC9, 0xFF, 0x00, 0xC3, 0x24, 0x92, 0xD1, 0x24, 0xB4, 0x49, 0x68, 0x96, 
        0x88, 0xFF, 0xD9, 0x33, 0x33, 0x33, 0x33, 0x33, 0x33, 0x33, 0x33, 0x33, 0x33, 0x33, 0x33, 0x33, 
        0x33, 0x33, 0x33, 0x33, 0x33, 0x33, 0x33, 0x33, 0x33, 0x33, 0x33, 0x33, 0x33, 0x33, 0x33, 0x33, 
        0x33, 0x33, 0x33, 0x33, 0x33, 0x33, 0x33, 0x33, 0x33, 0x33, 0x33, 0x33, 0x33, 0x33, 0x33, 0x33, 
        0x33, 0x33, 0x33, 0x33, 0x33, 0x33, 0x33, 0x33, 0x33, 0x33, 0x33, 0x33, 0x33, 0x33, 0x33, 0x33, 
        0x33, 0x33, 0x33, 0x33, 0x33, 0x33, 0x33, 0x33, 0x33, 0x33, 0x33, 0x33, 0x33, 0x33, 0x33, 0x33, 
        0x33, 0x33, 0x33, 0x33, 0x33, 0x33, 0x33, 0x33, 0x33, 0x33, 0x33, 0x33, 0x33, 0x33, 0x33, 0x33, 
        0x33, 0x33, 0x33, 0x33, 0x33, 0x33, 0x33, 0x33, 0x33, 0x33, 0x33, 0x33, 0x33, 0x33, 0x33, 0x33, 
        0x33, 0x33, 0x33, 0x33, 0x33, 0x33, 0x33, 0x33, 0x33, 0x33, 0x33, 0x33, 0x33, 0x33, 0x33, 0x33, 
        0x33, 0x33, 0x33, 0x33, 0x33, 0x33, 0x33, 0x33, 0x33, 0x33, 0x33, 0x33, 0x33, 0x33, 0x33, 0x33, 
        0x33, 0x33, 0x33, 0x33, 0x33, 0x33, 0x33, 0x33, 0x33, 0x33, 0x33, 0x33, 0x33, 0x33, 0x33, 0x33, 
        0x33, 0x33, 0x33, 0x33, 0x33, 0x33, 0x33, 0x33, 0x33, 0x33, 0x33, 0x33, 0x33, 0x33, 0x33, 0x33, 
        0x33, 0x33, 0x33, 0x33, 0x33, 0x33, 0x33, 0x33, 0x33, 0x33, 0x33, 0x33, 0x33, 0x33, 0x33, 0x33, 
        0x33, 0x33, 0x33, 0x33, 0x33, 0x33, 0x33, 0x33, 0x33, 0x33, 0x33, 0x33, 0x33, 0x33, 0x33, 0x33, 
        0x33, 0x33, 0x33, 0x33, 0x33, 0x33, 0x33, 0x33, 0x33, 0x33, 0x33, 0x33, 0x33, 0x33, 0x33, 0x33, 
        0x33, 0x33, 0x33, 0x33, 0x33, 0x33, 0x33, 0x33, 0x33, 0x33, 0x33, 0x33, 0x33, 0x33, 0x33, 0x33, 
        0x33, 0x33, 0x33, 0x33, 0x33, 0x33, 0x33, 0x33, 0x33, 0x33, 0x33, 0x33, 0x33, 0x33, 0x33, 0x33, 
        0x33, 0x33, 0x33, 0x33, 0x33, 0x33, 0x33, 0x33, 0x33, 0x33, 0x33, 0x33, 0x33, 0x33, 0x33, 0x33, 
        0x33, 0x33, 0x33, 0x33, 0x33, 0x33, 0x33, 0x33, 0x33, 0x33, 0x33, 0x33, 0x33, 0x33, 0x33, 0x33, 
        0x33, 0x33, 0x33, 0x33, 0x33, 0x33, 0x33, 0x33, 0x33, 0x33, 0x33, 0x33, 0x33, 0x33, 0x33, 0x33, 
        0x33, 0x33, 0x33, 0x33, 0x33, 0x33, 0x33, 0x33, 0x33, 0x33, 0x33, 0x33, 0x33, 0x33, 0x33, 0x33, 
        0x33, 0x33, 0x33, 0x33, 0x33, 0x33, 0x33, 0x33, 0x33, 0x33, 0x33, 0x33, 0x33, 0x33, 0x33, 0x33, 
        0x33, 0x33, 0x33, 0x33, 0x33, 0x33, 0x33, 0x33, 0x33, 0x33, 0x33, 0x33, 0x33, 0x33, 0x33, 0x33, 
        0x33, 0x33, 0x33, 0x33, 0x33, 0x33, 0x33, 0x33, 0x33, 0x33, 0x33, 0x33, 0x33, 0x33, 0x33, 0x33, 
        0x33, 0x33, 0x33, 0x33, 0x33, 0x33, 0x33, 0x33, 0x33, 0x33, 0x33, 0x33, 0x33, 0x33, 0x33, 0x33, 
        0xFF, 0xD8, 0xFF, 0xE0, 0x00, 0x10, 0x4A, 0x46, 0x49, 0x46, 0x00, 0x01, 0x01, 0x00, 0x00, 0x01, 
        0x00, 0x01, 0x00, 0x00, 0xFF, 0xDB, 0x00, 0x43, 0x00, 0x03, 0x02, 0x02, 0x03, 0x02, 0x02, 0x03, 
        0x03, 0x03, 0x03, 0x04, 0x03, 0x03, 0x04, 0x05, 0x08, 0x05, 0x05, 0x04, 0x04, 0x05, 0x0A, 0x07, 
        0x07, 0x06, 0x08, 0x0C, 0x0A, 0x0C, 0x0C, 0x0B, 0x0A, 0x0B, 0x0B, 0x0D, 0x0E, 0x12, 0x10, 0x0D, 
        0x0E, 0x11, 0x0E, 0x0B, 0x0B, 0x10, 0x16, 0x10, 0x11, 0x13, 0x14, 0x15, 0x15, 0x15, 0x0C, 0x0F, 
        0x17, 0x18, 0x16, 0x14, 0x18, 0x12, 0x14, 0x15, 0x14, 0xFF, 0xDB, 0x00, 0x43, 0x01, 0x03, 0x04, 
        0x04, 0x05, 0x04, 0x05, 0x09, 0x05, 0x05, 0x09, 0x14, 0x0D, 0x0B, 0x0D, 0x14, 0x14, 0x14, 0x14, 
        0x14, 0x14, 0x14, 0x14, 0x14, 0x14, 0x14, 0x14, 0x14, 0x14, 0x14, 0x14, 0x14, 0x14, 0x14, 0x14, 
        0x14, 0x14, 0x14, 0x14, 0x14, 0x14, 0x14, 0x14, 0x14, 0x14, 0x14, 0x14, 0x14, 0x14, 0x14, 0x14, 
        0x14, 0x14, 0x14, 0x14, 0x14, 0x14, 0x14, 0x14, 0x14, 0x14, 0x14, 0x14, 0x14, 0x14, 0xFF, 0xC0, 
        0x00, 0x11, 0x08, 0x00, 0x40, 0x00, 0x40, 0x03, 0x01, 0x22, 0x00, 0x02, 0x11, 0x01, 0x03, 0x11, 
        0x01, 0xFF, 0xC4, 0x00, 0x1F, 0x00, 0x00, 0x01, 0x05, 0x01, 0x01, 0x01, 0x01, 0x01, 0x01, 0x00, 
        0x00, 0x00, 0x00, 0x00, 0x00, 0x00, 0x00, 0x01, 0x02, 0x03, 0x04, 0x05, 0x06, 0x07, 0x08, 0x09, 
        0x0A, 0x0B, 0xFF, 0xC4, 0x00, 0xB5, 0x10, 0x00, 0x02, 0x01, 0x03, 0x03, 0x02, 0x04, 0x03, 0x05, 
        0x05, 0x04, 0x04, 0x00, 0x00, 0x01, 0x7D, 0x01, 0x02, 0x03, 0x00, 0x04, 0x11, 0x05, 0x12, 0x21, 
        0x31, 0x41, 0x06, 0x13, 0x51, 0x61, 0x07, 0x22, 0x71, 0x14, 0x32, 0x81, 0x91, 0xA1, 0x08, 0x23, 
        0x42, 0xB1, 0xC1, 0x15, 0x52, 0xD1, 0xF0, 0x24, 0x33, 0x62, 0x72, 0x82, 0x09, 0x0A, 0x16, 0x17, 
        0x18, 0x19, 0x1A, 0x25, 0x26, 0x27, 0x28, 0x29, 0x2A, 0x34, 0x35, 0x36, 0x37, 0x38, 0x39, 0x3A, 
        0x43, 0x44, 0x45, 0x46, 0x47, 0x48, 0x49, 0x4A, 0x53, 0x54, 0x55, 0x56, 0x57, 0x58, 0x59, 0x5A, 
        0x63, 0x64, 0x65, 0x66, 0x67, 0x68, 0x69, 0x6A, 0x73, 0x74, 0x75, 0x76, 0x77, 0x78, 0x79, 0x7A, 
        0x83, 0x84, 0x85, 0x86, 0x87, 0x88, 0x89, 0x8A, 0x92, 0x93, 0x94, 0x95, 0x96, 0x97, 0x98, 0x99, 
        0x9A, 0xA2, 0xA3, 0xA4, 0xA5, 0xA6, 0xA7, 0xA8, 0xA9, 0xAA, 0xB2, 0xB3, 0xB4, 0xB5, 0xB6, 0xB7, 
        0xB8, 0xB9, 0xBA, 0xC2, 0xC3, 0xC4, 0xC5, 0xC6, 0xC7, 0xC8, 0xC9, 0xCA, 0xD2, 0xD3, 0xD4, 0xD5, 
        0xD6, 0xD7, 0xD8, 0xD9, 0xDA, 0xE1, 0xE2, 0xE3, 0xE4, 0xE5, 0xE6, 0xE7, 0xE8, 0xE9, 0xEA, 0xF1, 
        0xF2, 0xF3, 0xF4, 0xF5, 0xF6, 0xF7, 0xF8, 0xF9, 0xFA, 0xFF, 0xC4, 0x00, 0x1F, 0x01, 0x00, 0x03, 
        0x01, 0x01, 0x01, 0x01, 0x01, 0x01, 0x01, 0x01, 0x01, 0x00, 0x00, 0x00, 0x00, 0x00, 0x00, 0x01, 
        0x02, 0x03, 0x04, 0x05, 0x06, 0x07, 0x08, 0x09, 0x0A, 0x0B, 0xFF, 0xC4, 0x00, 0xB5, 0x11, 0x00, 
        0x02, 0x01, 0x02, 0x04, 0x04, 0x03, 0x04, 0x07, 0x05, 0x04, 0x04, 0x00, 0x01, 0x02, 0x77, 0x00, 
        0x01, 0x02, 0x03, 0x11, 0x04, 0x05, 0x21, 0x31, 0x06, 0x12, 0x41, 0x51, 0x07, 0x61, 0x71, 0x13, 
        0x22, 0x32, 0x81, 0x08, 0x14, 0x42, 0x91, 0xA1, 0xB1, 0xC1, 0x09, 0x23, 0x33, 0x52, 0xF0, 0x15, 
        0x62, 0x72, 0xD1, 0x0A, 0x16, 0x24, 0x34, 0xE1, 0x25, 0xF1, 0x17, 0x18, 0x19, 0x1A, 0x26, 0x27, 
        0x28, 0x29, 0x2A, 0x35, 0x36, 0x37, 0x38, 0x39, 0x3A, 0x43, 0x44, 0x45, 0x46, 0x47, 0x48, 0x49, 
        0x4A, 0x53, 0x54, 0x55, 0x56, 0x57, 0x58, 0x59, 0x5A, 0x63, 0x64, 0x65, 0x66, 0x67, 0x68, 0x69, 
        0x6A, 0x73, 0x74, 0x75, 0x76, 0x77, 0x78, 0x79, 0x7A, 0x82, 0x83, 0x84, 0x85, 0x86, 0x87, 0x88, 
        0x89, 0x8A, 0x92, 0x93, 0x94, 0x95, 0x96, 0x97, 0x98, 0x99, 0x9A, 0xA2, 0xA3, 0xA4, 0xA5, 0xA6, 
        0xA7, 0xA8, 0xA9, 0xAA, 0xB2, 0xB3, 0xB4, 0xB5, 0xB6, 0xB7, 0xB8, 0xB9, 0xBA, 0xC2, 0xC3, 0xC4, 
        0xC5, 0xC6, 0xC7, 0xC8, 0xC9, 0xCA, 0xD2, 0xD3, 0xD4, 0xD5, 0xD6, 0xD7, 0xD8, 0xD9, 0xDA, 0xE2, 
        0xE3, 0xE4, 0xE5, 0xE6, 0xE7, 0xE8, 0xE9, 0xEA, 0xF2, 0xF3, 0xF4, 0xF5, 0xF6, 0xF7, 0xF8, 0xF9, 
        0xFA, 0xFF, 0xDA, 0x00, 0x0C, 0x03, 0x01, 0x00, 0x02, 0x11, 0x03, 0x11, 0x00, 0x3F, 0x00, 0xFC, 
        0xAA, 0xAF, 0x51, 0xF8, 0x15, 0xFB, 0x39, 0x78, 0xC3, 0xF6, 0x80, 0xD6, 0x65, 0xB6, 0xF0, 0xFD, 
        0xAA, 0x5B, 0xE9, 0x96, 0xA4, 0x7D, 0xBB, 0x59, 0xBD, 0x25, 0x2D, 0x6D, 0x47, 0x5E, 0x5B, 0xF8, 
        0x9B, 0x1C, 0x85, 0x5C, 0x9F, 0xA0, 0xE6, 0x9B, 0xFB, 0x3A, 0xFC, 0x0D, 0xD4, 0xBE, 0x3F, 0xFC, 
        0x49, 0xB2, 0xF0, 0xE5, 0x9B, 0x3D, 0xB5, 0x82, 0x8F, 0x3F, 0x51, 0xBD, 0x55, 0xCF, 0xD9, 0xE0, 
        0x04, 0x03, 0x8F, 0x57, 0x62, 0x42, 0xA8, 0xF5, 0x39, 0x3C, 0x02, 0x47, 0xEA, 0x57, 0xC5, 0x3B, 
        0xFF, 0x00, 0x08, 0x7E, 0xCA, 0x3F, 0x0B, 0x34, 0x2F, 0x07, 0x68, 0x1A, 0x5C, 0x57, 0x5A, 0xDD, 
        0xE4, 0x7E, 0x5E, 0x95, 0xE1, 0xEB, 0x63, 0xF7, 0xCF, 0xF1, 0x4F, 0x39, 0xEA, 0x57, 0x39, 0x25, 
        0x8F, 0x2E, 0xD9, 0xEC, 0x09, 0x13, 0x29, 0x28, 0x2E, 0x69, 0x1B, 0xD0, 0xA1, 0x53, 0x13, 0x51, 
        0x52, 0xA4, 0xAE, 0xDF, 0xF5, 0xF2, 0x4B, 0xAB, 0xE8, 0x7C, 0xC7, 0x6D, 0xF0, 0x6B, 0xE0, 0xBF, 
        0xEC, 0xFF, 0x00, 0x68, 0x86, 0x6D, 0x02, 0x4F, 0x8A, 0x1E, 0x20, 0x8C, 0x62, 0x4D, 0x4B, 0x5E, 
        0x93, 0xEC, 0xDA, 0x62, 0x3F, 0x7D, 0x90, 0x0F, 0xBE, 0x3F, 0xDE, 0xDD, 0xF5, 0xAB, 0x51, 0xFE, 
        0xD6, 0xDA, 0x96, 0x8A, 0xDE, 0x47, 0x87, 0x6C, 0x3C, 0x37, 0xE1, 0xFB, 0x71, 0xC2, 0xDB, 0xE8, 
        0xBA, 0x0C, 0x60, 0x28, 0xF4, 0x0C, 0x47, 0x35, 0xC7, 0x6A, 0xB1, 0xBE, 0xB3, 0xAA, 0xC9, 0xA9, 
        0x78, 0x8A, 0xE1, 0x7C, 0x41, 0xAB, 0xB3, 0x64, 0xA6, 0x4A, 0xD9, 0x5B, 0xFF, 0x00, 0xB0, 0x88, 
        0x31, 0xBF, 0x1D, 0x33, 0xC0, 0xFA, 0xF5, 0xA9, 0x63, 0xD4, 0xAE, 0x60, 0x8C, 0x24, 0x12, 0x0B, 
        0x58, 0xC0, 0xC0, 0x8E, 0xD9, 0x16, 0x25, 0x03, 0xE8, 0xA0, 0x56, 0x37, 0xAB, 0x3D, 0x55, 0xA2, 
        0xBC, 0xF5, 0x7F, 0xA1, 0xE9, 0x38, 0xE5, 0xF8, 0x7F, 0x76, 0x6E, 0x55, 0x65, 0xFD, 0xD6, 0xA3, 
        0x1F, 0x93, 0x6A, 0x4D, 0xFA, 0xD9, 0x1D, 0x64, 0x9F, 0xB5, 0xBE, 0xA5, 0xAD, 0x37, 0x91, 0xE2, 
        0x2B, 0x0F, 0x0D, 0x78, 0x82, 0xDC, 0xF0, 0xD6, 0xFA, 0xD6, 0x83, 0x19, 0x0C, 0x3D, 0x0B, 0x01, 
        0xC5, 0x64, 0x6A, 0xBF, 0x0C, 0xBE, 0x06, 0xFC, 0x70, 0x85, 0x83, 0xE8, 0x92, 0x7C, 0x29, 0xD7, 
        0xA5, 0x18, 0x8F, 0x55, 0xD0, 0xA4, 0x37, 0x3A, 0x53, 0x3F, 0x6F, 0x32, 0x13, 0xF7, 0x17, 0xFD, 
        0xDD, 0xBF, 0x5A, 0xE9, 0x3C, 0x13, 0xA6, 0xAF, 0x89, 0x15, 0x6D, 0xF5, 0x08, 0x93, 0x50, 0x85, 
        0xF8, 0x64, 0xB9, 0x41, 0x20, 0x23, 0xF1, 0xAE, 0x9F, 0xC4, 0x3F, 0xB2, 0x45, 0xFB, 0x59, 0xBE, 
        0xBF, 0xF0, 0xEA, 0x56, 0xB5, 0xD5, 0x22, 0x1E, 0x63, 0xE8, 0xF2, 0x1D, 0xD1, 0x5C, 0x01, 0xD4, 
        0x26, 0x7B, 0xFB, 0x1F, 0xC3, 0x14, 0x5E, 0xAC, 0x35, 0x76, 0x92, 0xF2, 0xD1, 0xFE, 0xA0, 0xA3, 
        0x97, 0xE2, 0x3D, 0xD8, 0x39, 0x52, 0x97, 0xF7, 0x9A, 0x94, 0x7E, 0x6D, 0x24, 0xD7, 0xAD, 0xA5, 
        0xE6, 0x7C, 0x29, 0xF1, 0xCF, 0xF6, 0x74, 0xF1, 0x77, 0xC0, 0x2D, 0x5A, 0x08, 0x75, 0xEB, 0x78, 
        0xAE, 0xF4, 0x9B, 0xCC, 0x9D, 0x3F, 0x5B, 0xB0, 0x6F, 0x32, 0xCE, 0xF1, 0x7A, 0x8D, 0xAF, 0xD9, 
        0xB1, 0xCE, 0xD3, 0xCF, 0xD4, 0x73, 0x5E, 0x5F, 0x5F, 0xA9, 0x7F, 0x07, 0x75, 0x4D, 0x1F, 0xE3, 
        0x1F, 0x83, 0x35, 0xBF, 0x01, 0x78, 0x9F, 0x4C, 0xF3, 0x6D, 0xD4, 0x18, 0xB5, 0x3F, 0x0F, 0xDD, 
        0x02, 0x1E, 0xD5, 0xF3, 0x81, 0x3C, 0x19, 0xE5, 0x30, 0xDE, 0x9C, 0xA9, 0xC7, 0xB1, 0x3F, 0x01, 
        0x7E, 0xD1, 0x3F, 0x03, 0xB5, 0x1F, 0x80, 0x5F, 0x12, 0x2F, 0x3C, 0x3D, 0x74, 0xED, 0x77, 0xA7, 
        0x48, 0x3E, 0xD1, 0xA6, 0xDF, 0x91, 0x81, 0x73, 0x6E, 0x49, 0xC1, 0x3E, 0x8E, 0xA4, 0x15, 0x61, 
        0xEA, 0x32, 0x38, 0x20, 0x9D, 0xA3, 0x25, 0x35, 0xCD, 0x13, 0xCD, 0xAF, 0x42, 0xA6, 0x1A, 0xA3, 
        0xA5, 0x55, 0x59, 0xAF, 0xEA, 0xEB, 0xBA, 0x7D, 0x1F, 0x53, 0xEE, 0x7F, 0xD8, 0x8F, 0x47, 0xD2, 
        0xBE, 0x05, 0x7C, 0x10, 0xB7, 0xF1, 0x46, 0xA8, 0xAB, 0x16, 0xA1, 0xAE, 0x23, 0xEB, 0x17, 0x32, 
        0x11, 0xF3, 0x0B, 0x64, 0x04, 0x42, 0xBF, 0x4D, 0xB9, 0x61, 0xEF, 0x29, 0xAC, 0x6D, 0x1E, 0x1D, 
        0x6F, 0xE2, 0xE5, 0xF6, 0xB5, 0xF1, 0x2B, 0x5D, 0xDE, 0xDA, 0x86, 0xB9, 0x23, 0x45, 0x68, 0x87, 
        0x91, 0x6B, 0x66, 0xA7, 0x6A, 0xC6, 0x9E, 0x83, 0x03, 0x1C, 0x75, 0x03, 0xFD, 0xA3, 0x58, 0x7F, 
        0xB4, 0x0E, 0xBD, 0x27, 0x87, 0xB4, 0x54, 0xF0, 0xC5, 0xA1, 0xF2, 0xED, 0xEC, 0xF4, 0xBB, 0x2D, 
        0x3D, 0x15, 0x78, 0x01, 0x42, 0x0C, 0x8F, 0xC8, 0x62, 0xBE, 0xC8, 0xF0, 0x37, 0xC2, 0x78, 0x6C, 
        0x3E, 0x1C, 0xF8, 0x66, 0xCA, 0x38, 0x40, 0x58, 0xF4, 0xD8, 0x3A, 0x0E, 0xA4, 0xA0, 0x24, 0xFE, 
        0xB5, 0x8B, 0xF7, 0xEA, 0xD9, 0xED, 0x15, 0x7F, 0x9B, 0xFF, 0x00, 0x86, 0x3D, 0x28, 0xBF, 0xAB, 
        0xE5, 0xEE, 0x71, 0xF8, 0xAA, 0xC9, 0xC7, 0xFE, 0xDD, 0x8A, 0x4D, 0xAF, 0x9B, 0x6A, 0xFE, 0x96, 
        0x3E, 0x28, 0xF1, 0x17, 0x86, 0xE6, 0xD3, 0x24, 0x66, 0x11, 0x9D, 0xA3, 0xDA, 0xB0, 0x0F, 0x4A, 
        0xFB, 0x77, 0xC5, 0x1F, 0x02, 0x4E, 0xA7, 0x13, 0x84, 0x87, 0x24, 0xF4, 0xE2, 0xBE, 0x6F, 0xF8, 
        0x9F, 0xF0, 0x3B, 0xC4, 0x1E, 0x09, 0x49, 0xF5, 0x04, 0xD3, 0xAE, 0x27, 0xD3, 0x90, 0x16, 0x91, 
        0xE2, 0x8C, 0xB7, 0x96, 0x3D, 0x48, 0x1D, 0xAB, 0xA0, 0xF1, 0x8E, 0xC7, 0xF6, 0x7F, 0xF0, 0xC3, 
        0xEA, 0xED, 0x13, 0x84, 0xDC, 0x38, 0xED, 0x5F, 0x68, 0x78, 0x63, 0xC3, 0xA9, 0xA5, 0xDA, 0xC6, 
        0x58, 0x61, 0x80, 0xCD, 0x79, 0xAF, 0xEC, 0xED, 0xF0, 0xFE, 0x2F, 0x03, 0x7C, 0x3E, 0xD2, 0x6F, 
        0xB5, 0x65, 0x10, 0x5F, 0xDE, 0x5B, 0xA5, 0xC0, 0x81, 0xF8, 0x64, 0x56, 0x19, 0x5C, 0x8E, 0xD9, 
        0x04, 0x1A, 0xF4, 0xDB, 0xAF, 0x13, 0x41, 0xC8, 0x47, 0x18, 0xA0, 0x0F, 0x99, 0x3F, 0x6C, 0x0F, 
        0x05, 0x49, 0xF0, 0xCB, 0xC5, 0x3A, 0x1F, 0xC7, 0x1F, 0x0A, 0x5B, 0xAC, 0x57, 0xD6, 0x17, 0x29, 
        0x6F, 0xAE, 0xDA, 0xC4, 0x30, 0x97, 0x51, 0x31, 0xC6, 0xE6, 0x03, 0xFB, 0xC3, 0x2A, 0x7D, 0xF0, 
        0x7B, 0x57, 0x25, 0xFF, 0x00, 0x05, 0x09, 0xF8, 0x5F, 0xA6, 0xFC, 0x4C, 0xFD, 0x9F, 0x74, 0xEF, 
        0x1B, 0x68, 0xC8, 0x27, 0xFB, 0x14, 0x09, 0xAC, 0x58, 0xCE, 0xA3, 0x93, 0x03, 0xAA, 0xF9, 0xC9, 
        0x9F, 0x42, 0x84, 0x39, 0xF7, 0x84, 0x57, 0xD1, 0x7F, 0x16, 0xD6, 0xDB, 0xC6, 0x1F, 0x0C, 0xBC, 
        0x57, 0xA3, 0xDC, 0x01, 0x24, 0x57, 0x7A, 0x74, 0xCB, 0x83, 0xD9, 0x82, 0xE5, 0x4F, 0xD4, 0x11, 
        0x5F, 0x37, 0x7C, 0x17, 0xF8, 0x89, 0x1F, 0x8F, 0x3F, 0x66, 0x3B, 0x1F, 0x02, 0xEA, 0x0D, 0xE6, 
        0x4D, 0x14, 0x17, 0x76, 0x00, 0x3F, 0x24, 0xC7, 0x87, 0x00, 0x7D, 0x36, 0xBE, 0x3F, 0x0A, 0xE7, 
        0x5E, 0xE5, 0x5B, 0x2D, 0xA4, 0xAF, 0xF3, 0x47, 0xB3, 0x26, 0xF1, 0x19, 0x7A, 0x9C, 0xB7, 0xA5, 
        0x25, 0x1F, 0xFB, 0x76, 0x49, 0xB4, 0xBE, 0x4D, 0x3B, 0x7A, 0x9E, 0x6B, 0xF1, 0x9F, 0xC2, 0x92, 
        0xF8, 0xD7, 0xE1, 0xF4, 0xFE, 0x33, 0xB2, 0x53, 0x2C, 0x4F, 0x63, 0x69, 0x76, 0x59, 0x06, 0x7E, 
        0x5D, 0xAB, 0x93, 0xF9, 0x1C, 0xD7, 0xE8, 0x17, 0xC1, 0xEF, 0x12, 0xDA, 0x78, 0xAB, 0xE1, 0x1F, 
        0x83, 0x75, 0x78, 0x59, 0x5D, 0x2E, 0x74, 0xA8, 0x32, 0x47, 0x66, 0x55, 0xDA, 0xC3, 0xF3, 0x15, 
        0xF1, 0x4F, 0xFC, 0x13, 0xAF, 0xC7, 0xBA, 0x27, 0xC4, 0xFF, 0x00, 0x87, 0xB7, 0x3F, 0x0F, 0xBC, 
        0x46, 0xCB, 0x26, 0xEB, 0x67, 0xD2, 0x9D, 0x58, 0xF2, 0x54, 0xAB, 0x79, 0x5F, 0xF7, 0xD4, 0x65, 
        0x94, 0x7B, 0xC5, 0x5E, 0x87, 0xFB, 0x37, 0xF8, 0xB2, 0xFF, 0x00, 0xE0, 0xD7, 0x89, 0x3C, 0x41, 
        0xF0, 0x43, 0xC5, 0x73, 0x18, 0xEF, 0xB4, 0xBB, 0x97, 0xB8, 0xD1, 0x6E, 0x64, 0x38, 0x4B, 0xBB, 
        0x77, 0xE4, 0x6C, 0x3F, 0xED, 0x0C, 0x30, 0xF7, 0xC8, 0xEC, 0x68, 0x7E, 0xE5, 0x5B, 0xBD, 0xA4, 
        0xAD, 0xF3, 0x5F, 0xF0, 0xE2, 0x8A, 0xFA, 0xC6, 0x5E, 0xE1, 0x1F, 0x8A, 0x94, 0x9C, 0xBF, 0xED, 
        0xD9, 0x24, 0x9B, 0xF9, 0x34, 0xAF, 0xEA, 0x7D, 0x6D, 0x77, 0xAD, 0x41, 0x68, 0xA5, 0x8E, 0xDE, 
        0x2B, 0xC7, 0x3E, 0x31, 0x7C, 0x69, 0xBA, 0xD1, 0x34, 0x0B, 0xD8, 0x34, 0xC9, 0xBE, 0xCF, 0x3C, 
        0x91, 0xB2, 0x79, 0x89, 0xD4, 0x64, 0x63, 0x8A, 0x7F, 0x8A, 0x7C, 0x54, 0xC9, 0x1B, 0x80, 0xF8, 
        0x35, 0xF3, 0x9F, 0xC4, 0xBD, 0x6D, 0xEF, 0x7C, 0xC0, 0x58, 0x9C, 0xE6, 0xBA, 0x0F, 0x1C, 0xC4, 
        0xF8, 0x79, 0xF1, 0x73, 0x58, 0xD2, 0xA3, 0x5B, 0x1B, 0xAD, 0x42, 0x7B, 0x98, 0xE3, 0x3B, 0x55, 
        0xA7, 0x90, 0xBB, 0x63, 0xD3, 0x27, 0x9A, 0xF6, 0x4D, 0x27, 0xE2, 0x53, 0x5D, 0xA2, 0x96, 0x93, 
        0x93, 0xEF, 0x5F, 0x27, 0x2C, 0xA6, 0xDE, 0xF0, 0xB0, 0xE3, 0x9A, 0xED, 0xB4, 0x0D, 0x7D, 0xE3, 
        0x0B, 0x96, 0x34, 0x01, 0xF4, 0x1F, 0x8B, 0x3C, 0x7D, 0x1E, 0x9D, 0xE0, 0xBD, 0x76, 0xF2, 0x59, 
        0x40, 0x48, 0xAC, 0x65, 0x62, 0x49, 0xFF, 0x00, 0x64, 0xD7, 0xCB, 0xFF, 0x00, 0x04, 0x2C, 0x2F, 
        0xBC, 0x29, 0xA0, 0x9F, 0x11, 0xDD, 0xEE, 0x8A, 0xC2, 0x0D, 0x3A, 0xF2, 0xF8, 0x96, 0xE0, 0x11, 
        0xB0, 0xE0, 0xFE, 0x99, 0xAE, 0xB7, 0x5B, 0x87, 0x55, 0xF8, 0xB3, 0xAE, 0x68, 0x7F, 0x0C, 0xB4, 
        0x16, 0x63, 0xA8, 0xEB, 0x92, 0xA3, 0xDE, 0xCA, 0x39, 0x5B, 0x4B, 0x35, 0x3B, 0x9E, 0x47, 0xF4, 
        0x18, 0x19, 0xF7, 0xC6, 0x3F, 0x88, 0x55, 0x9F, 0xF8, 0x28, 0x2F, 0x8A, 0xB4, 0x1F, 0x84, 0x7E, 
        0x04, 0x1E, 0x04, 0xF0, 0xD9, 0x44, 0x92, 0x4B, 0x74, 0xD2, 0x80, 0x53, 0xC8, 0x40, 0xA0, 0xCB, 
        0xF9, 0x26, 0x14, 0xFB, 0xCB, 0x5C, 0xEB, 0xDF, 0xAB, 0x75, 0xB4, 0x55, 0xBE, 0x6F, 0xFE, 0x18, 
        0xF6, 0x65, 0xFE, 0xCF, 0x97, 0xA8, 0x4B, 0xE2, 0xAB, 0x25, 0x2F, 0xFB, 0x76, 0x29, 0xA4, 0xFE, 
        0x6D, 0xBB, 0x7A, 0x1F, 0x05, 0xFC, 0x1E, 0xF8, 0xA5, 0xA8, 0x7C, 0x23, 0xF1, 0xAD, 0xA6, 0xB9, 
        0x64, 0xD2, 0x18, 0x81, 0x09, 0x73, 0x0C, 0x6D, 0xB4, 0xBA, 0x64, 0x1C, 0xA9, 0xEC, 0xCA, 0x40, 
        0x65, 0x3E, 0xA3, 0xD0, 0x9A, 0xFD, 0x24, 0xF1, 0x4E, 0xBD, 0xE1, 0xBF, 0xDA, 0xD7, 0xC0, 0x5A, 
        0x36, 0xBD, 0x65, 0xA9, 0xC7, 0xA6, 0xF8, 0xD7, 0x4D, 0x4F, 0x32, 0xC3, 0x59, 0xB7, 0xF9, 0x4B, 
        0x63, 0x92, 0xAC, 0x07, 0x38, 0xCF, 0x55, 0xEA, 0x8D, 0x9C, 0x70, 0x48, 0xAF, 0xCA, 0x4A, 0xEC, 
        0xBE, 0x1B, 0x7C, 0x57, 0xD7, 0xFE, 0x17, 0x6A, 0x46, 0xE3, 0x48, 0xB8, 0xCD, 0xBC, 0x8C, 0x0C, 
        0xD6, 0x72, 0xE4, 0xC5, 0x26, 0x3B, 0xE3, 0xF8, 0x5B, 0xFD, 0xA1, 0xCF, 0xD4, 0x71, 0x5B, 0x4A, 
        0x2A, 0x6B, 0x96, 0x47, 0x9B, 0x42, 0xBD, 0x4C, 0x35, 0x45, 0x56, 0x93, 0xB3, 0x5F, 0xD7, 0xCD, 
        0x3E, 0xAB, 0xA9, 0xF7, 0xAD, 0xAF, 0xC7, 0x6D, 0x47, 0x48, 0x90, 0x68, 0x3F, 0x10, 0xAD, 0x5B, 
        0x4B, 0xD5, 0x63, 0xF9, 0x13, 0x53, 0x40, 0x5A, 0xDE, 0xE4, 0x0F, 0xE2, 0xC8, 0xFE, 0x7F, 0x9E, 
        0x2A, 0x96, 0xB9, 0xA8, 0x47, 0xAD, 0xC4, 0x66, 0xB1, 0x9E, 0x2B, 0xE8, 0x9B, 0x90, 0xF6, 0xF2, 
        0x07, 0x07, 0xF2, 0x35, 0xE5, 0x5A, 0x6F, 0xED, 0x17, 0xE1, 0x1F, 0x89, 0x5A, 0x7A, 0xDA, 0xEB, 
        0x17, 0x23, 0x44, 0xBD, 0x61, 0xF3, 0x43, 0xA9, 0x26, 0xF8, 0x09, 0xF6, 0x90, 0x0C, 0x7E, 0x27, 
        0x6D, 0x3E, 0x3F, 0x87, 0x5A, 0x5E, 0xAA, 0xFE, 0x76, 0x9B, 0x71, 0x63, 0x74, 0xA7, 0x90, 0xF6, 
        0x17, 0xC0, 0x8C, 0x7B, 0x00, 0x6B, 0x1B, 0x55, 0x86, 0x8A, 0xD2, 0x5E, 0x7A, 0x33, 0xD2, 0x72, 
        0xCB, 0xF1, 0x1E, 0xF4, 0xD4, 0xA9, 0x4B, 0xFB, 0xA9, 0x4A, 0x3F, 0x24, 0xDC, 0x5A, 0xF4, 0xBB, 
        0xF2, 0x36, 0x6F, 0x74, 0xFB, 0x88, 0x59, 0xA5, 0x95, 0x16, 0xDA, 0x21, 0xC9, 0x92, 0xE1, 0xD6, 
        0x25, 0x1F, 0x8B, 0x11, 0x4E, 0xD0, 0x6F, 0x2E, 0xF5, 0xCD, 0x45, 0x74, 0xBF, 0x0A, 0xDA, 0xFF, 
        0x00, 0xC2, 0x41, 0xAB, 0x13, 0x83, 0x30, 0x05, 0x6C, 0xAD, 0x7F, 0xDA, 0x77, 0x38, 0xDD, 0x8F, 
        0x4E, 0x07, 0xD7, 0xA5, 0x65, 0x45, 0xF0, 0xF7, 0x47, 0xD1, 0xE6, 0xF3, 0xF5, 0x79, 0xAC, 0xA0, 
        0x8D, 0x79, 0x2D, 0x7D, 0x7C, 0x31, 0xF8, 0x82, 0x6A, 0x7D, 0x63, 0xF6, 0xA4, 0xF0, 0xA7, 0xC3, 
        0x6D, 0x31, 0xAC, 0x7C, 0x3F, 0x2A, 0x6A, 0x77, 0x4A, 0x30, 0xB1, 0x69, 0x88, 0x12, 0x10, 0x7D, 
        0xE4, 0xC6, 0x3F, 0x11, 0xB8, 0xD1, 0x6A, 0xB3, 0xD1, 0xDA, 0x2B, 0xCB, 0x57, 0xFA, 0x02, 0x96, 
        0x5F, 0x87, 0xF7, 0xA0, 0xA5, 0x56, 0x5F, 0xDE, 0x4A, 0x31, 0xF9, 0xA4, 0xDB, 0x7E, 0x97, 0x5E, 
        0x67, 0xD2, 0x7E, 0x1E, 0xD6, 0x7C, 0x31, 0xFB, 0x1E, 0xF8, 0x03, 0x58, 0xD6, 0xAF, 0x75, 0x38, 
        0xB5, 0x4F, 0x1D, 0xEA, 0x51, 0xEF, 0xBF, 0xD5, 0xE6, 0x19, 0xF2, 0xF3, 0xD1, 0x10, 0x75, 0xDA, 
        0x0F, 0xDD, 0x4E, 0xAE, 0xD8, 0xE0, 0x00, 0x05, 0x7E, 0x67, 0x7C, 0x61, 0xF8, 0xA5, 0xA8, 0x7C, 
        0x5D, 0xF1, 0xAD, 0xDE, 0xB9, 0x7A, 0xD2, 0x08, 0x89, 0x29, 0x6F, 0x0C, 0x8D, 0xB8, 0xA2, 0x64, 
        0x9C, 0xB1, 0xEE, 0xCC, 0x49, 0x66, 0x3E, 0xA7, 0xD0, 0x0A, 0x8B, 0xE2, 0x4F, 0xC5, 0x8F, 0x10, 
        0x7C, 0x52, 0xD4, 0xFE, 0xD3, 0xAC, 0x5C, 0xFE, 0xE1, 0x18, 0xB4, 0x36, 0x91, 0x12, 0x23, 0x8F, 
        0x3D, 0xF9, 0xE5, 0x9B, 0xFD, 0xA3, 0xCF, 0xD0, 0x71, 0x5C, 0x6D, 0x6D, 0x18, 0xA8, 0x2E, 0x58, 
        0x9E, 0x6D, 0x7A, 0xF5, 0x31, 0x35, 0x1D, 0x5A, 0xAE, 0xED, 0xFF, 0x00, 0x5F, 0x24, 0xBA, 0x2E, 
        0x87, 0xFF, 0xD9, 0x33, 0x33, 0x33, 0x33, 0x33, 0x33, 0x33, 0x33, 0x33, 0x33, 0x33, 0x33, 0x33, 
        0x33, 0x33, 0x33, 0x33, 0x33, 0x33, 0x33, 0x33, 0x33, 0x33, 0x33, 0x33, 0x33, 0x33, 0x33, 0x33, 
        0xFF, 0xD8, 0xFF, 0xE0, 0x00, 0x10, 0x4A, 0x46, 0x49, 0x46, 0x00, 0x01, 0x01, 0x00, 0x00, 0x01, 
        0x00, 0x01, 0x00, 0x00, 0xFF, 0xDB, 0x00, 0x43, 0x00, 0x03, 0x02, 0x02, 0x03, 0x02, 0x02, 0x03, 
        0x03, 0x03, 0x03, 0x04, 0x03, 0x03, 0x04, 0x05, 0x08, 0x05, 0x05, 0x04, 0x04, 0x05, 0x0A, 0x07, 
        0x07, 0x06, 0x08, 0x0C, 0x0A, 0x0C, 0x0C, 0x0B, 0x0A, 0x0B, 0x0B, 0x0D, 0x0E, 0x12, 0x10, 0x0D, 
        0x0E, 0x11, 0x0E, 0x0B, 0x0B, 0x10, 0x16, 0x10, 0x11, 0x13, 0x14, 0x15, 0x15, 0x15, 0x0C, 0x0F, 
        0x17, 0x18, 0x16, 0x14, 0x18, 0x12, 0x14, 0x15, 0x14, 0xFF, 0xDB, 0x00, 0x43, 0x01, 0x03, 0x04, 
        0x04, 0x05, 0x04, 0x05, 0x09, 0x05, 0x05, 0x09, 0x14, 0x0D, 0x0B, 0x0D, 0x14, 0x14, 0x14, 0x14, 
        0x14, 0x14, 0x14, 0x14, 0x14, 0x14, 0x14, 0x14, 0x14, 0x14, 0x14, 0x14, 0x14, 0x14, 0x14, 0x14, 
        0x14, 0x14, 0x14, 0x14, 0x14, 0x14, 0x14, 0x14, 0x14, 0x14, 0x14, 0x14, 0x14, 0x14, 0x14, 0x14, 
        0x14, 0x14, 0x14, 0x14, 0x14, 0x14, 0x14, 0x14, 0x14, 0x14, 0x14, 0x14, 0x14, 0x14, 0xFF, 0xC0, 
        0x00, 0x11, 0x08, 0x00, 0x40, 0x00, 0x40, 0x03, 0x01, 0x22, 0x00, 0x02, 0x11, 0x01, 0x03, 0x11, 
        0x01, 0xFF, 0xC4, 0x00, 0x1F, 0x00, 0x00, 0x01, 0x05, 0x01, 0x01, 0x01, 0x01, 0x01, 0x01, 0x00, 
        0x00, 0x00, 0x00, 0x00, 0x00, 0x00, 0x00, 0x01, 0x02, 0x03, 0x04, 0x05, 0x06, 0x07, 0x08, 0x09, 
        0x0A, 0x0B, 0xFF, 0xC4, 0x00, 0xB5, 0x10, 0x00, 0x02, 0x01, 0x03, 0x03, 0x02, 0x04, 0x03, 0x05, 
        0x05, 0x04, 0x04, 0x00, 0x00, 0x01, 0x7D, 0x01, 0x02, 0x03, 0x00, 0x04, 0x11, 0x05, 0x12, 0x21, 
        0x31, 0x41, 0x06, 0x13, 0x51, 0x61, 0x07, 0x22, 0x71, 0x14, 0x32, 0x81, 0x91, 0xA1, 0x08, 0x23, 
        0x42, 0xB1, 0xC1, 0x15, 0x52, 0xD1, 0xF0, 0x24, 0x33, 0x62, 0x72, 0x82, 0x09, 0x0A, 0x16, 0x17, 
        0x18, 0x19, 0x1A, 0x25, 0x26, 0x27, 0x28, 0x29, 0x2A, 0x34, 0x35, 0x36, 0x37, 0x38, 0x39, 0x3A, 
        0x43, 0x44, 0x45, 0x46, 0x47, 0x48, 0x49, 0x4A, 0x53, 0x54, 0x55, 0x56, 0x57, 0x58, 0x59, 0x5A, 
        0x63, 0x64, 0x65, 0x66, 0x67, 0x68, 0x69, 0x6A, 0x73, 0x74, 0x75, 0x76, 0x77, 0x78, 0x79, 0x7A, 
        0x83, 0x84, 0x85, 0x86, 0x87, 0x88, 0x89, 0x8A, 0x92, 0x93, 0x94, 0x95, 0x96, 0x97, 0x98, 0x99, 
        0x9A, 0xA2, 0xA3, 0xA4, 0xA5, 0xA6, 0xA7, 0xA8, 0xA9, 0xAA, 0xB2, 0xB3, 0xB4, 0xB5, 0xB6, 0xB7, 
        0xB8, 0xB9, 0xBA, 0xC2, 0xC3, 0xC4, 0xC5, 0xC6, 0xC7, 0xC8, 0xC9, 0xCA, 0xD2, 0xD3, 0xD4, 0xD5, 
        0xD6, 0xD7, 0xD8, 0xD9, 0xDA, 0xE1, 0xE2, 0xE3, 0xE4, 0xE5, 0xE6, 0xE7, 0xE8, 0xE9, 0xEA, 0xF1, 
        0xF2, 0xF3, 0xF4, 0xF5, 0xF6, 0xF7, 0xF8, 0xF9, 0xFA, 0xFF, 0xC4, 0x00, 0x1F, 0x01, 0x00, 0x03, 
        0x01, 0x01, 0x01, 0x01, 0x01, 0x01, 0x01, 0x01, 0x01, 0x00, 0x00, 0x00, 0x00, 0x00, 0x00, 0x01, 
        0x02, 0x03, 0x04, 0x05, 0x06, 0x07, 0x08, 0x09, 0x0A, 0x0B, 0xFF, 0xC4, 0x00, 0xB5, 0x11, 0x00, 
        0x02, 0x01, 0x02, 0x04, 0x04, 0x03, 0x04, 0x07, 0x05, 0x04, 0x04, 0x00, 0x01, 0x02, 0x77, 0x00, 
        0x01, 0x02, 0x03, 0x11, 0x04, 0x05, 0x21, 0x31, 0x06, 0x12, 0x41, 0x51, 0x07, 0x61, 0x71, 0x13, 
        0x22, 0x32, 0x81, 0x08, 0x14, 0x42, 0x91, 0xA1, 0xB1, 0xC1, 0x09, 0x23, 0x33, 0x52, 0xF0, 0x15, 
        0x62, 0x72, 0xD1, 0x0A, 0x16, 0x24, 0x34, 0xE1, 0x25, 0xF1, 0x17, 0x18, 0x19, 0x1A, 0x26, 0x27, 
        0x28, 0x29, 0x2A, 0x35, 0x36, 0x37, 0x38, 0x39, 0x3A, 0x43, 0x44, 0x45, 0x46, 0x47, 0x48, 0x49, 
        0x4A, 0x53, 0x54, 0x55, 0x56, 0x57, 0x58, 0x59, 0x5A, 0x63, 0x64, 0x65, 0x66, 0x67, 0x68, 0x69, 
        0x6A, 0x73, 0x74, 0x75, 0x76, 0x77, 0x78, 0x79, 0x7A, 0x82, 0x83, 0x84, 0x85, 0x86, 0x87, 0x88, 
        0x89, 0x8A, 0x92, 0x93, 0x94, 0x95, 0x96, 0x97, 0x98, 0x99, 0x9A, 0xA2, 0xA3, 0xA4, 0xA5, 0xA6, 
        0xA7, 0xA8, 0xA9, 0xAA, 0xB2, 0xB3, 0xB4, 0xB5, 0xB6, 0xB7, 0xB8, 0xB9, 0xBA, 0xC2, 0xC3, 0xC4, 
        0xC5, 0xC6, 0xC7, 0xC8, 0xC9, 0xCA, 0xD2, 0xD3, 0xD4, 0xD5, 0xD6, 0xD7, 0xD8, 0xD9, 0xDA, 0xE2, 
        0xE3, 0xE4, 0xE5, 0xE6, 0xE7, 0xE8, 0xE9, 0xEA, 0xF2, 0xF3, 0xF4, 0xF5, 0xF6, 0xF7, 0xF8, 0xF9, 
        0xFA, 0xFF, 0xDA, 0x00, 0x0C, 0x03, 0x01, 0x00, 0x02, 0x11, 0x03, 0x11, 0x00, 0x3F, 0x00, 0xFC, 
        0xAA, 0xAF, 0x51, 0xF8, 0x15, 0xFB, 0x39, 0x78, 0xC3, 0xF6, 0x80, 0xD6, 0x65, 0xB6, 0xF0, 0xFD, 
        0xAA, 0x5B, 0xE9, 0x96, 0xA4, 0x7D, 0xBB, 0x59, 0xBD, 0x25, 0x2D, 0x6D, 0x47, 0x5E, 0x5B, 0xF8, 
        0x9B, 0x1C, 0x85, 0x5C, 0x9F, 0xA0, 0xE6, 0x9B, 0xFB, 0x3A, 0xFC, 0x0D, 0xD4, 0xBE, 0x3F, 0xFC, 
        0x49, 0xB2, 0xF0, 0xE5, 0x9B, 0x3D, 0xB5, 0x82, 0x8F, 0x3F, 0x51, 0xBD, 0x55, 0xCF, 0xD9, 0xE0, 
        0x04, 0x03, 0x8F, 0x57, 0x62, 0x42, 0xA8, 0xF5, 0x39, 0x3C, 0x02, 0x47, 0xEA, 0x0F, 0xC6, 0x0D, 
        0x73, 0xC2, 0x1F, 0xB2, 0x37, 0xC2, 0xBD, 0x03, 0xC1, 0x9E, 0x1D, 0xD2, 0x62, 0xBE, 0xF1, 0x15, 
        0xFC, 0x7E, 0x5E, 0x91, 0xE1, 0xBB, 0x66, 0xFB, 0xFF, 0x00, 0xDE, 0xB8, 0xB8, 0x6E, 0xBB, 0x73, 
        0x92, 0xCC, 0x79, 0x63, 0x9E, 0x70, 0x09, 0x09, 0xB4, 0x95, 0xD9, 0x70, 0x84, 0xAA, 0x49, 0x46, 
        0x2B, 0x53, 0xE6, 0xB8, 0x3E, 0x0E, 0x7C, 0x15, 0xFD, 0x9E, 0xEC, 0x95, 0xEE, 0x74, 0x27, 0xF8, 
        0x9D, 0xAF, 0x46, 0x31, 0x26, 0xA7, 0xAF, 0xCB, 0xF6, 0x6D, 0x2D, 0x1F, 0xBE, 0xC8, 0x47, 0xDF, 
        0x1F, 0xEF, 0x6E, 0xFA, 0xD2, 0x2F, 0xED, 0x9B, 0x73, 0xA2, 0x39, 0xB6, 0xF0, 0xDD, 0x9F, 0x87, 
        0x34, 0x38, 0x17, 0x85, 0xB7, 0xD0, 0xB4, 0x04, 0xC2, 0x81, 0xD0, 0x06, 0xC7, 0x35, 0xE0, 0x9E, 
        0x39, 0xF8, 0x89, 0xFD, 0xAF, 0xAE, 0x4D, 0x79, 0xA8, 0x4D, 0x17, 0x8C, 0xF5, 0xE2, 0xC7, 0x74, 
        0xF2, 0x64, 0x69, 0x76, 0x87, 0xFB, 0x90, 0x44, 0xB8, 0xF3, 0x71, 0xD3, 0x71, 0xC2, 0x9C, 0x70, 
        0x1B, 0xAD, 0x61, 0xC1, 0xE2, 0xDF, 0x17, 0x5E, 0x30, 0x48, 0xEF, 0xEE, 0xED, 0xA1, 0x1F, 0x76, 
        0x1B, 0x14, 0x5B, 0x68, 0xD4, 0x7A, 0x05, 0x8C, 0x0A, 0x8F, 0x7D, 0xED, 0xA1, 0xD3, 0x6C, 0x3D, 
        0x3D, 0x1D, 0xE4, 0xFC, 0xB4, 0x5F, 0x93, 0x6F, 0xEE, 0x47, 0xD2, 0xED, 0xFB, 0x66, 0xDC, 0x6B, 
        0x6E, 0x2D, 0xBC, 0x49, 0x67, 0xE1, 0xCD, 0x72, 0x06, 0xE1, 0xAD, 0xF5, 0xDD, 0x01, 0x30, 0xC0, 
        0xF5, 0x05, 0xB1, 0xC5, 0x53, 0xD4, 0xFE, 0x1A, 0x7C, 0x0B, 0xF8, 0xE9, 0x6E, 0x4F, 0xF6, 0x33, 
        0xFC, 0x2C, 0xD7, 0x25, 0x18, 0x8B, 0x56, 0xD0, 0x65, 0xFB, 0x4E, 0x94, 0xCF, 0xDB, 0xCC, 0x84, 
        0xFD, 0xC5, 0xFF, 0x00, 0x77, 0x6F, 0xD6, 0xBC, 0x5A, 0xC3, 0xC4, 0x1E, 0x23, 0x48, 0xFC, 0xBB, 
        0xCB, 0xBB, 0x9B, 0x98, 0x5B, 0x86, 0x8A, 0xFD, 0x04, 0xF1, 0xB0, 0xF4, 0x21, 0xC1, 0xAD, 0x6D, 
        0x2D, 0x61, 0x4B, 0xC4, 0xBB, 0xD1, 0xE5, 0x8F, 0xC2, 0xFA, 0xCE, 0x72, 0x0A, 0x12, 0x74, 0xEB, 
        0x93, 0xFD, 0xD9, 0x10, 0xE7, 0xCA, 0xCF, 0xF7, 0x86, 0x57, 0xD9, 0x7A, 0xD1, 0xEF, 0xAF, 0x30, 
        0xB6, 0x1E, 0xA6, 0x91, 0xBC, 0x5F, 0x9E, 0xAB, 0xF2, 0x4D, 0x7D, 0xCC, 0xF3, 0x3F, 0x8E, 0x7F, 
        0xB3, 0xA7, 0x8B, 0xBE, 0x01, 0x6A, 0xD0, 0x43, 0xAF, 0x5B, 0xC5, 0x77, 0xA4, 0xDE, 0x64, 0xE9, 
        0xFA, 0xDD, 0x83, 0x79, 0x96, 0x77, 0x8B, 0xD4, 0x6D, 0x7E, 0xCD, 0x8E, 0x76, 0x9E, 0x7E, 0xA3, 
        0x9A, 0xF2, 0xFA, 0xFD, 0x42, 0xF8, 0x23, 0xE2, 0x0D, 0x1B, 0xE3, 0x67, 0x82, 0xF5, 0xCF, 0x00, 
        0x78, 0xA7, 0x4B, 0x0C, 0xB1, 0x8F, 0x2F, 0x55, 0xF0, 0xE5, 0xC9, 0xCB, 0x5B, 0x37, 0xF0, 0xDC, 
        0xDB, 0x9E, 0xA0, 0x67, 0x04, 0x15, 0xE8, 0x70, 0x7D, 0x09, 0xF8, 0x2F, 0xF6, 0x89, 0xF8, 0x1D, 
        0xA8, 0xFC, 0x02, 0xF8, 0x91, 0x79, 0xE1, 0xEB, 0xA7, 0x6B, 0xBD, 0x3A, 0x41, 0xF6, 0x8D, 0x36, 
        0xFC, 0x8C, 0x0B, 0x9B, 0x72, 0x4E, 0x09, 0xF4, 0x75, 0x20, 0xAB, 0x0F, 0x51, 0x91, 0xC1, 0x04, 
        0xDA, 0x69, 0xAB, 0xA3, 0x9A, 0x70, 0x95, 0x39, 0x38, 0xC9, 0x6A, 0x7D, 0xCD, 0xFB, 0x12, 0xE9, 
        0x3A, 0x4F, 0xC0, 0x7F, 0x81, 0xD0, 0x78, 0xAB, 0x56, 0x55, 0x8A, 0xFB, 0x5A, 0x8E, 0x4D, 0x6A, 
        0xEA, 0x42, 0x3E, 0x65, 0xB5, 0x8C, 0x11, 0x0A, 0xFD, 0x36, 0xE5, 0x87, 0xBC, 0xA6, 0xBE, 0x78, 
        0xF8, 0x87, 0xE2, 0xEF, 0x13, 0x7C, 0x63, 0xF1, 0x1E, 0xA5, 0xE2, 0x1B, 0xC6, 0x93, 0xFB, 0x6F, 
        0xC5, 0x40, 0xC9, 0x2B, 0x03, 0xFF, 0x00, 0x1E, 0x1A, 0x58, 0x25, 0x61, 0xB5, 0x8F, 0xFB, 0xA1, 
        0xC2, 0x92, 0xD8, 0xEA, 0xA0, 0x7F, 0x7C, 0xE7, 0xD1, 0xFF, 0x00, 0x69, 0x8F, 0x10, 0x4B, 0xE1, 
        0xDF, 0x0B, 0xFF, 0x00, 0xC2, 0x2D, 0x66, 0xC6, 0x38, 0x2D, 0xF4, 0xCB, 0x0D, 0x35, 0x15, 0x78, 
        0x01, 0x76, 0x8C, 0x8F, 0xA6, 0x06, 0x2B, 0xD4, 0x7C, 0x29, 0xF0, 0x4D, 0x2D, 0x34, 0x58, 0x67, 
        0x58, 0x07, 0x99, 0x34, 0x51, 0x85, 0xC2, 0xF4, 0x45, 0x40, 0xAA, 0x07, 0xE0, 0x2A, 0x37, 0x9D, 
        0xBB, 0x1D, 0x2B, 0xF7, 0x78, 0x7B, 0xAD, 0xE4, 0xED, 0xF2, 0x56, 0xFC, 0xDB, 0x5F, 0x71, 0xF3, 
        0x1E, 0x85, 0xF0, 0xF3, 0x4E, 0xD1, 0xA3, 0x51, 0x24, 0x42, 0x49, 0x40, 0xE7, 0x22, 0xBA, 0xFD, 
        0x0A, 0xCA, 0xD2, 0x0D, 0x4A, 0xDC, 0x7D, 0x9E, 0x3D, 0xA5, 0xB1, 0x8C, 0x57, 0xAE, 0xEB, 0xDF, 
        0x05, 0x2F, 0x64, 0x0C, 0xD0, 0x42, 0xDB, 0xBB, 0x60, 0x57, 0x9C, 0x6B, 0xBE, 0x12, 0xD6, 0x3C, 
        0x26, 0xE2, 0x7B, 0xCB, 0x19, 0xD6, 0x08, 0x98, 0x37, 0x9C, 0xB1, 0x92, 0xA3, 0x07, 0xBE, 0x3A, 
        0x56, 0x87, 0x19, 0xF5, 0x97, 0xC3, 0x4F, 0x81, 0x5E, 0x1A, 0xF1, 0xD7, 0x87, 0xD4, 0x6A, 0x1A, 
        0x64, 0x5B, 0x5D, 0x3F, 0xD6, 0x2A, 0xF2, 0x2B, 0xC2, 0xBF, 0x68, 0xAF, 0xD9, 0x22, 0xE7, 0xE1, 
        0xE2, 0x4B, 0xAB, 0x68, 0x39, 0xBB, 0xD3, 0x39, 0x2D, 0x18, 0x19, 0x2A, 0x2B, 0xED, 0x5F, 0x06, 
        0x4D, 0x67, 0xE0, 0x4F, 0x03, 0xE9, 0x36, 0xD7, 0x12, 0x22, 0x5F, 0x4B, 0x6B, 0x1C, 0xD2, 0x47, 
        0x91, 0xB9, 0x77, 0x28, 0x60, 0x0F, 0xE0, 0x6B, 0x1B, 0xC4, 0x7E, 0x2C, 0xB2, 0xD6, 0xAD, 0x27, 
        0xB4, 0x9F, 0x6C, 0xB0, 0x4A, 0xA5, 0x59, 0x5B, 0x91, 0x40, 0x1F, 0x99, 0x9E, 0x12, 0xF1, 0xD6, 
        0xA3, 0xE0, 0x8D, 0x77, 0x4C, 0xF1, 0x6E, 0x9D, 0x96, 0xD6, 0xFC, 0x2E, 0x56, 0x47, 0x8C, 0x9F, 
        0xF8, 0xFD, 0xD3, 0x4B, 0x05, 0x9A, 0x07, 0xF5, 0xD8, 0x0E, 0x41, 0x3D, 0x14, 0x9F, 0xEE, 0x8A, 
        0xFA, 0x97, 0xFE, 0x0A, 0x0D, 0xF0, 0xCB, 0x4C, 0xF8, 0xA1, 0xFB, 0x3D, 0x69, 0x9E, 0x39, 0xD1, 
        0x14, 0x4E, 0xB6, 0x96, 0xE9, 0xAC, 0xD8, 0x4E, 0x07, 0x26, 0xDD, 0xD5, 0x4C, 0xC9, 0x9F, 0x42, 
        0x84, 0x39, 0xF7, 0x84, 0x57, 0xCF, 0xFF, 0x00, 0x15, 0xFC, 0x1B, 0x0F, 0x83, 0xBE, 0x2D, 0xC1, 
        0x6F, 0x1A, 0x83, 0xA7, 0x6A, 0x32, 0xB5, 0xBB, 0x27, 0x62, 0x92, 0xA9, 0x46, 0x1F, 0xF8, 0xF7, 
        0xE9, 0x5E, 0xE3, 0xF0, 0x0F, 0xE2, 0x1A, 0x78, 0xEB, 0xF6, 0x57, 0xD3, 0xFC, 0x05, 0xA9, 0x37, 
        0x9B, 0x71, 0x6D, 0x0D, 0xE6, 0x9B, 0x87, 0x39, 0x26, 0x3F, 0x9C, 0x01, 0xF4, 0xDA, 0xF8, 0xFC, 
        0x2B, 0x3D, 0xA7, 0xEA, 0x75, 0xBF, 0xDE, 0x50, 0xE6, 0x7B, 0xC5, 0xDB, 0xE4, 0xEF, 0xF9, 0x34, 
        0xFE, 0xF3, 0xCD, 0x3E, 0x3F, 0x78, 0x4A, 0x6F, 0x1B, 0x7C, 0x2F, 0xBB, 0xF1, 0xAD, 0x82, 0x99, 
        0x93, 0xEC, 0x56, 0x77, 0xC5, 0x90, 0x67, 0xE5, 0x0A, 0xB9, 0x3F, 0x91, 0xCD, 0x7D, 0xD5, 0xF0, 
        0x72, 0xCE, 0xC3, 0xC6, 0xDF, 0x0A, 0xFC, 0x23, 0xAE, 0xDB, 0x6D, 0x92, 0x1B, 0xED, 0x32, 0x19, 
        0x32, 0xBD, 0x9B, 0x68, 0x0C, 0x3E, 0xA0, 0x83, 0x5F, 0x26, 0x7F, 0xC1, 0x3B, 0xBC, 0x75, 0xA1, 
        0xFC, 0x52, 0xF8, 0x75, 0x77, 0xF0, 0xF3, 0xC4, 0xA5, 0x65, 0x59, 0x2D, 0x64, 0xD2, 0x5D, 0x18, 
        0xF2, 0x54, 0xAB, 0x79, 0x7F, 0x9C, 0x65, 0x94, 0x7B, 0xC5, 0x5E, 0x93, 0xFB, 0x1F, 0xF8, 0xD2, 
        0xF7, 0xE0, 0xBF, 0x8B, 0x7C, 0x47, 0xFB, 0x3D, 0xF8, 0xCE, 0x7F, 0x2B, 0x53, 0xD2, 0x2E, 0x9E, 
        0xE7, 0xC3, 0xF7, 0x72, 0x9D, 0xA9, 0x7B, 0x6C, 0xE7, 0x70, 0x08, 0x7B, 0xEE, 0x18, 0x61, 0xEF, 
        0x91, 0xD8, 0xD1, 0xB4, 0xEF, 0xDC, 0x17, 0xEF, 0x28, 0x72, 0xAD, 0xE2, 0xEF, 0xF2, 0x76, 0xFC, 
        0x9A, 0x5F, 0x79, 0xF5, 0x34, 0x5E, 0x13, 0xD3, 0xAD, 0xC6, 0xE9, 0x23, 0x56, 0xF6, 0xC5, 0x72, 
        0x7F, 0x11, 0x7C, 0x5D, 0x67, 0xE1, 0x2D, 0x06, 0xEC, 0x69, 0xD6, 0xF0, 0x47, 0x74, 0xD1, 0xB2, 
        0xAC, 0x86, 0x35, 0x62, 0xB9, 0x18, 0xC8, 0xCD, 0x6E, 0x6B, 0xDA, 0xF7, 0x91, 0x1B, 0x00, 0xD8, 
        0x22, 0xBE, 0x7F, 0xF8, 0xA3, 0xAD, 0xB5, 0xDC, 0x52, 0xA9, 0x6C, 0xE7, 0x35, 0xA1, 0xC8, 0x7C, 
        0xE7, 0xA5, 0xF8, 0xE7, 0x55, 0xF0, 0xEE, 0xA1, 0x35, 0xA3, 0xDE, 0xCF, 0x34, 0x02, 0x42, 0x53, 
        0xCD, 0x90, 0xB1, 0x00, 0x9C, 0xE3, 0x26, 0xBB, 0xCD, 0x33, 0xE2, 0x24, 0xB7, 0x0A, 0xBB, 0xA4, 
        0x24, 0xFD, 0x6B, 0xCA, 0x7C, 0x4F, 0x06, 0xDB, 0xC7, 0x71, 0xEB, 0x55, 0x74, 0xED, 0x45, 0xA1, 
        0xC0, 0x2C, 0x78, 0xA0, 0x0D, 0xCF, 0x8D, 0x37, 0xB1, 0x6A, 0xBA, 0xDF, 0x87, 0xEF, 0x64, 0x60, 
        0x05, 0xB4, 0xA6, 0xE6, 0x57, 0x3F, 0xC2, 0x91, 0xA9, 0x91, 0x89, 0xFF, 0x00, 0xBE, 0x7F, 0x5A, 
        0xC7, 0xFD, 0x9E, 0xEC, 0x6F, 0xFC, 0x2D, 0xE1, 0x51, 0xE2, 0x6B, 0xDD, 0xD0, 0xD8, 0xA5, 0x85, 
        0xEE, 0xA2, 0x77, 0x70, 0x30, 0x54, 0x90, 0x7F, 0x4C, 0xD2, 0xDC, 0xF8, 0x67, 0x55, 0xF8, 0xB9, 
        0xE3, 0x3D, 0x0B, 0xE1, 0xFE, 0x89, 0x93, 0xAD, 0x78, 0x83, 0x11, 0xCD, 0x28, 0x19, 0x16, 0x1A, 
        0x78, 0x21, 0xA6, 0x9D, 0xFD, 0x37, 0x05, 0xE3, 0x3D, 0x40, 0xFF, 0x00, 0x68, 0x57, 0xA0, 0x7F, 
        0xC1, 0x40, 0xFC, 0x4F, 0xE1, 0xFF, 0x00, 0x83, 0xFE, 0x02, 0x4F, 0x00, 0xF8, 0x64, 0xAC, 0x6E, 
        0xD6, 0xD1, 0xE9, 0x2A, 0x14, 0xF2, 0x11, 0x55, 0x7C, 0xDC, 0xFD, 0x13, 0x0A, 0x7D, 0xE5, 0xAC, 
        0xF7, 0x9F, 0xA1, 0xD8, 0xFF, 0x00, 0x77, 0x87, 0xE5, 0x7B, 0xC9, 0xDF, 0xE4, 0xAF, 0xF9, 0xB6, 
        0xFE, 0xE3, 0xE0, 0xCF, 0x83, 0xDF, 0x14, 0xB5, 0x0F, 0x84, 0x7E, 0x35, 0xB4, 0xD7, 0x2C, 0x9A, 
        0x43, 0x10, 0x21, 0x2E, 0x61, 0x8D, 0xB6, 0x97, 0x4C, 0x83, 0x95, 0x3D, 0x99, 0x48, 0x0C, 0xA7, 
        0xD4, 0x7A, 0x13, 0x5F, 0xA3, 0x7E, 0x37, 0xD4, 0x7C, 0x35, 0xFB, 0x5F, 0xF8, 0x07, 0x44, 0xF1, 
        0x05, 0x86, 0xAA, 0x9A, 0x4F, 0x8F, 0x34, 0xA4, 0x12, 0xE9, 0x9A, 0xED, 0xB7, 0xCA, 0xC4, 0x8E, 
        0x4A, 0xB8, 0x1C, 0xED, 0xCF, 0x55, 0xEA, 0x8D, 0x9C, 0x70, 0x48, 0xAF, 0xCA, 0xDA, 0xEC, 0xBE, 
        0x1B, 0x7C, 0x57, 0xD7, 0xFE, 0x17, 0x6A, 0x46, 0xE3, 0x48, 0xB8, 0xCD, 0xBC, 0x8C, 0x0C, 0xD6, 
        0x72, 0xE4, 0xC5, 0x26, 0x3B, 0xE3, 0xF8, 0x5B, 0xFD, 0xA1, 0xCF, 0xD4, 0x71, 0x56, 0xD2, 0x6A, 
        0xCC, 0xE6, 0x84, 0xE5, 0x4E, 0x4A, 0x51, 0xDC, 0xFD, 0x0C, 0xF0, 0xCF, 0xED, 0x75, 0xA9, 0xF8, 
        0x72, 0x44, 0xF0, 0xBF, 0xC5, 0xEB, 0x09, 0x34, 0x8D, 0x62, 0x21, 0xE5, 0xC7, 0xAE, 0xC0, 0x85, 
        0xED, 0xAE, 0xC0, 0xE8, 0xCC, 0x47, 0x7F, 0x71, 0xF8, 0xE2, 0xB7, 0x75, 0xAF, 0x17, 0x69, 0x3E, 
        0x29, 0xB5, 0x37, 0x1A, 0x56, 0xAB, 0x67, 0xA9, 0x42, 0xE3, 0x2A, 0xD6, 0xF3, 0xAB, 0xFE, 0x80, 
        0xD7, 0xCD, 0x1A, 0x7F, 0xED, 0x11, 0xE0, 0xFF, 0x00, 0x89, 0xBA, 0x68, 0xB3, 0xD6, 0xE7, 0x5D, 
        0x1E, 0xED, 0x87, 0xCF, 0x06, 0xA8, 0x82, 0x48, 0x18, 0xFB, 0x49, 0x8C, 0x7E, 0x27, 0x6D, 0x56, 
        0xFF, 0x00, 0x85, 0x43, 0xA0, 0x6B, 0x0E, 0x67, 0xD3, 0x24, 0xB2, 0x98, 0x37, 0x22, 0x4D, 0x3A, 
        0xFC, 0x60, 0x8F, 0x60, 0x0D, 0x47, 0xBE, 0xB6, 0xD4, 0xE9, 0xBE, 0x1E, 0xA6, 0xB2, 0xBC, 0x5F, 
        0x96, 0xAB, 0xF3, 0x4D, 0x7D, 0xEC, 0xF4, 0x4F, 0x14, 0xC2, 0x90, 0x09, 0x25, 0x9E, 0x68, 0x2D, 
        0xA2, 0x1C, 0x99, 0x2E, 0x26, 0x58, 0xD4, 0x0F, 0xAB, 0x11, 0x5C, 0x66, 0x93, 0xA8, 0xCF, 0xE2, 
        0x6D, 0x5C, 0x69, 0x3E, 0x0B, 0xB2, 0xFF, 0x00, 0x84, 0xA7, 0x59, 0x63, 0x83, 0x3E, 0xD2, 0xBA, 
        0x75, 0xA7, 0xFB, 0x72, 0x48, 0x71, 0xBF, 0x1D, 0x71, 0xC0, 0xFF, 0x00, 0x7B, 0xA5, 0x53, 0xB7, 
        0xF8, 0x49, 0xE1, 0xCD, 0x12, 0x71, 0x73, 0xAC, 0x35, 0x9A, 0x22, 0xF2, 0x5B, 0x51, 0xBF, 0x18, 
        0xFC, 0x41, 0x35, 0xA9, 0xAA, 0xFE, 0xD4, 0x3E, 0x12, 0xF8, 0x65, 0xA5, 0x35, 0x87, 0x87, 0x1E, 
        0x3D, 0x46, 0xE1, 0x46, 0x16, 0x1D, 0x2E, 0x30, 0x90, 0x83, 0xEF, 0x26, 0x31, 0xF8, 0x8D, 0xC6, 
        0x8F, 0x7D, 0xF9, 0x05, 0xF0, 0xF4, 0xF5, 0x8D, 0xE4, 0xFC, 0xF4, 0x5F, 0x9B, 0x6F, 0xEF, 0x47, 
        0xD1, 0x7E, 0x11, 0xBC, 0xF0, 0xBF, 0xEC, 0x65, 0xF0, 0xFF, 0x00, 0x5A, 0xD7, 0x6F, 0xF5, 0x58, 
        0xB5, 0x8F, 0x88, 0x5A, 0xAC, 0x7E, 0x66, 0xA5, 0xAD, 0xCE, 0x33, 0xB3, 0x3D, 0x11, 0x07, 0x50, 
        0x80, 0xFD, 0xD4, 0xEA, 0xEC, 0x07, 0x00, 0x00, 0x2B, 0xF3, 0x5F, 0xE3, 0x0F, 0xC5, 0x2D, 0x43, 
        0xE2, 0xEF, 0x8D, 0x6E, 0xF5, 0xCB, 0xD6, 0x90, 0x44, 0x49, 0x4B, 0x78, 0x64, 0x6D, 0xC5, 0x13, 
        0x24, 0xE5, 0x8F, 0x76, 0x62, 0x4B, 0x31, 0xF5, 0x3E, 0x80, 0x54, 0x5F, 0x12, 0x7E, 0x2C, 0x78, 
        0x83, 0xE2, 0x96, 0xA7, 0xF6, 0x9D, 0x62, 0xE7, 0xF7, 0x08, 0xC5, 0xA1, 0xB4, 0x88, 0x91, 0x1C, 
        0x79, 0xEF, 0xCF, 0x2C, 0xDF, 0xED, 0x1E, 0x7E, 0x83, 0x8A, 0xE3, 0x6A, 0xD2, 0x49, 0x59, 0x1C, 
        0xD3, 0x9C, 0xAA, 0x4B, 0x9A, 0x4F, 0x53, 0xFF, 0xD9, 0x33, 0x33, 0x33, 0x33, 0x33, 0x33, 0x33, 
        0x33, 0x33, 0x33, 0x33, 0x33, 0x33, 0x33, 0x33, 0x33, 0x33, 0x33, 0x33, 0x33, 0x33, 0x33, 0x33, 
        0x33, 0x33, 0x33, 0x33, 0x33, 0x33, 0x33, 0x33, 0x33, 0x33, 0x33, 0x33, 0x33, 0x33, 0x33, 0x33, 
        0x33, 0x33, 0x33, 0x33, 0x33, 0x33, 0x33, 0x33, 0x33, 0x33, 0x33, 0x33, 0x33, 0x33, 0x33, 0x33, 
        0x33, 0x33, 0x33, 0x33, 0x33, 0x33, 0x33, 0x33, 0x33, 0x33, 0x33, 0x33, 0x33, 0x33, 0x33, 0x33, 
        0xFF, 0xD8, 0xFF, 0xE0, 0x00, 0x10, 0x4A, 0x46, 0x49, 0x46, 0x00, 0x01, 0x01, 0x00, 0x00, 0x01, 
        0x00, 0x01, 0x00, 0x00, 0xFF, 0xDB, 0x00, 0x43, 0x00, 0x03, 0x02, 0x02, 0x03, 0x02, 0x02, 0x03, 
        0x03, 0x03, 0x03, 0x04, 0x03, 0x03, 0x04, 0x05, 0x08, 0x05, 0x05, 0x04, 0x04, 0x05, 0x0A, 0x07, 
        0x07, 0x06, 0x08, 0x0C, 0x0A, 0x0C, 0x0C, 0x0B, 0x0A, 0x0B, 0x0B, 0x0D, 0x0E, 0x12, 0x10, 0x0D, 
        0x0E, 0x11, 0x0E, 0x0B, 0x0B, 0x10, 0x16, 0x10, 0x11, 0x13, 0x14, 0x15, 0x15, 0x15, 0x0C, 0x0F, 
        0x17, 0x18, 0x16, 0x14, 0x18, 0x12, 0x14, 0x15, 0x14, 0xFF, 0xDB, 0x00, 0x43, 0x01, 0x03, 0x04, 
        0x04, 0x05, 0x04, 0x05, 0x09, 0x05, 0x05, 0x09, 0x14, 0x0D, 0x0B, 0x0D, 0x14, 0x14, 0x14, 0x14, 
        0x14, 0x14, 0x14, 0x14, 0x14, 0x14, 0x14, 0x14, 0x14, 0x14, 0x14, 0x14, 0x14, 0x14, 0x14, 0x14, 
        0x14, 0x14, 0x14, 0x14, 0x14, 0x14, 0x14, 0x14, 0x14, 0x14, 0x14, 0x14, 0x14, 0x14, 0x14, 0x14, 
        0x14, 0x14, 0x14, 0x14, 0x14, 0x14, 0x14, 0x14, 0x14, 0x14, 0x14, 0x14, 0x14, 0x14, 0xFF, 0xC0, 
        0x00, 0x11, 0x08, 0x00, 0x40, 0x00, 0x40, 0x03, 0x01, 0x22, 0x00, 0x02, 0x11, 0x01, 0x03, 0x11, 
        0x01, 0xFF, 0xC4, 0x00, 0x1F, 0x00, 0x00, 0x01, 0x05, 0x01, 0x01, 0x01, 0x01, 0x01, 0x01, 0x00, 
        0x00, 0x00, 0x00, 0x00, 0x00, 0x00, 0x00, 0x01, 0x02, 0x03, 0x04, 0x05, 0x06, 0x07, 0x08, 0x09, 
        0x0A, 0x0B, 0xFF, 0xC4, 0x00, 0xB5, 0x10, 0x00, 0x02, 0x01, 0x03, 0x03, 0x02, 0x04, 0x03, 0x05, 
        0x05, 0x04, 0x04, 0x00, 0x00, 0x01, 0x7D, 0x01, 0x02, 0x03, 0x00, 0x04, 0x11, 0x05, 0x12, 0x21, 
        0x31, 0x41, 0x06, 0x13, 0x51, 0x61, 0x07, 0x22, 0x71, 0x14, 0x32, 0x81, 0x91, 0xA1, 0x08, 0x23, 
        0x42, 0xB1, 0xC1, 0x15, 0x52, 0xD1, 0xF0, 0x24, 0x33, 0x62, 0x72, 0x82, 0x09, 0x0A, 0x16, 0x17, 
        0x18, 0x19, 0x1A, 0x25, 0x26, 0x27, 0x28, 0x29, 0x2A, 0x34, 0x35, 0x36, 0x37, 0x38, 0x39, 0x3A, 
        0x43, 0x44, 0x45, 0x46, 0x47, 0x48, 0x49, 0x4A, 0x53, 0x54, 0x55, 0x56, 0x57, 0x58, 0x59, 0x5A, 
        0x63, 0x64, 0x65, 0x66, 0x67, 0x68, 0x69, 0x6A, 0x73, 0x74, 0x75, 0x76, 0x77, 0x78, 0x79, 0x7A, 
        0x83, 0x84, 0x85, 0x86, 0x87, 0x88, 0x89, 0x8A, 0x92, 0x93, 0x94, 0x95, 0x96, 0x97, 0x98, 0x99, 
        0x9A, 0xA2, 0xA3, 0xA4, 0xA5, 0xA6, 0xA7, 0xA8, 0xA9, 0xAA, 0xB2, 0xB3, 0xB4, 0xB5, 0xB6, 0xB7, 
        0xB8, 0xB9, 0xBA, 0xC2, 0xC3, 0xC4, 0xC5, 0xC6, 0xC7, 0xC8, 0xC9, 0xCA, 0xD2, 0xD3, 0xD4, 0xD5, 
        0xD6, 0xD7, 0xD8, 0xD9, 0xDA, 0xE1, 0xE2, 0xE3, 0xE4, 0xE5, 0xE6, 0xE7, 0xE8, 0xE9, 0xEA, 0xF1, 
        0xF2, 0xF3, 0xF4, 0xF5, 0xF6, 0xF7, 0xF8, 0xF9, 0xFA, 0xFF, 0xC4, 0x00, 0x1F, 0x01, 0x00, 0x03, 
        0x01, 0x01, 0x01, 0x01, 0x01, 0x01, 0x01, 0x01, 0x01, 0x00, 0x00, 0x00, 0x00, 0x00, 0x00, 0x01, 
        0x02, 0x03, 0x04, 0x05, 0x06, 0x07, 0x08, 0x09, 0x0A, 0x0B, 0xFF, 0xC4, 0x00, 0xB5, 0x11, 0x00, 
        0x02, 0x01, 0x02, 0x04, 0x04, 0x03, 0x04, 0x07, 0x05, 0x04, 0x04, 0x00, 0x01, 0x02, 0x77, 0x00, 
        0x01, 0x02, 0x03, 0x11, 0x04, 0x05, 0x21, 0x31, 0x06, 0x12, 0x41, 0x51, 0x07, 0x61, 0x71, 0x13, 
        0x22, 0x32, 0x81, 0x08, 0x14, 0x42, 0x91, 0xA1, 0xB1, 0xC1, 0x09, 0x23, 0x33, 0x52, 0xF0, 0x15, 
        0x62, 0x72, 0xD1, 0x0A, 0x16, 0x24, 0x34, 0xE1, 0x25, 0xF1, 0x17, 0x18, 0x19, 0x1A, 0x26, 0x27, 
        0x28, 0x29, 0x2A, 0x35, 0x36, 0x37, 0x38, 0x39, 0x3A, 0x43, 0x44, 0x45, 0x46, 0x47, 0x48, 0x49, 
        0x4A, 0x53, 0x54, 0x55, 0x56, 0x57, 0x58, 0x59, 0x5A, 0x63, 0x64, 0x65, 0x66, 0x67, 0x68, 0x69, 
        0x6A, 0x73, 0x74, 0x75, 0x76, 0x77, 0x78, 0x79, 0x7A, 0x82, 0x83, 0x84, 0x85, 0x86, 0x87, 0x88, 
        0x89, 0x8A, 0x92, 0x93, 0x94, 0x95, 0x96, 0x97, 0x98, 0x99, 0x9A, 0xA2, 0xA3, 0xA4, 0xA5, 0xA6, 
        0xA7, 0xA8, 0xA9, 0xAA, 0xB2, 0xB3, 0xB4, 0xB5, 0xB6, 0xB7, 0xB8, 0xB9, 0xBA, 0xC2, 0xC3, 0xC4, 
        0xC5, 0xC6, 0xC7, 0xC8, 0xC9, 0xCA, 0xD2, 0xD3, 0xD4, 0xD5, 0xD6, 0xD7, 0xD8, 0xD9, 0xDA, 0xE2, 
        0xE3, 0xE4, 0xE5, 0xE6, 0xE7, 0xE8, 0xE9, 0xEA, 0xF2, 0xF3, 0xF4, 0xF5, 0xF6, 0xF7, 0xF8, 0xF9, 
        0xFA, 0xFF, 0xDA, 0x00, 0x0C, 0x03, 0x01, 0x00, 0x02, 0x11, 0x03, 0x11, 0x00, 0x3F, 0x00, 0xFC, 
        0xAA, 0xAF, 0x51, 0xF8, 0x15, 0xFB, 0x39, 0x78, 0xC3, 0xF6, 0x80, 0xD6, 0x65, 0xB6, 0xF0, 0xFD, 
        0xAA, 0x5B, 0xE9, 0x96, 0xA4, 0x7D, 0xBB, 0x59, 0xBD, 0x25, 0x2D, 0x6D, 0x47, 0x5E, 0x5B, 0xF8, 
        0x9B, 0x1C, 0x85, 0x5C, 0x9F, 0xA0, 0xE6, 0x9B, 0xFB, 0x3A, 0xFC, 0x0D, 0xD4, 0xBE, 0x3F, 0xFC, 
        0x49, 0xB2, 0xF0, 0xE5, 0x9B, 0x3D, 0xB5, 0x82, 0x8F, 0x3F, 0x51, 0xBD, 0x55, 0xCF, 0xD9, 0xE0, 
        0x04, 0x03, 0x8F, 0x57, 0x62, 0x42, 0xA8, 0xF5, 0x39, 0x3C, 0x02, 0x47, 0xEA, 0xDF, 0x8F, 0x2D, 
        0xBC, 0x25, 0xFB, 0x31, 0xFC, 0x2E, 0xD1, 0xBC, 0x25, 0xA2, 0x69, 0xF1, 0x1B, 0xE9, 0xA2, 0xD9, 
        0x61, 0xA2, 0xC0, 0x7A, 0xFF, 0x00, 0x7A, 0x69, 0x8F, 0x52, 0x33, 0x92, 0x58, 0xF2, 0xCD, 0x9F, 
        0x42, 0x46, 0x55, 0x6A, 0xC2, 0x8C, 0x1C, 0xE6, 0xEC, 0x91, 0xDD, 0x81, 0xC0, 0xE2, 0x33, 0x1C, 
        0x44, 0x70, 0xB8, 0x58, 0xF3, 0x4E, 0x5F, 0x2D, 0xB5, 0x6D, 0xB7, 0xA2, 0x49, 0x6A, 0xDB, 0xD1, 
        0x2D, 0x59, 0xF2, 0xAD, 0x87, 0xC1, 0x4F, 0x83, 0x5F, 0x01, 0xA0, 0x8D, 0x5B, 0xC3, 0xB3, 0x7C, 
        0x55, 0xF1, 0x1A, 0x0C, 0x49, 0xA8, 0x6B, 0x6E, 0x60, 0xD3, 0x11, 0xFB, 0xEC, 0x81, 0x7E, 0xF8, 
        0xFF, 0x00, 0x7B, 0x77, 0xD6, 0xB7, 0xED, 0x7F, 0x68, 0x9F, 0x13, 0x69, 0x5F, 0xB9, 0xF0, 0xEE, 
        0x93, 0xE1, 0x9F, 0x0D, 0x5B, 0x01, 0x85, 0xB7, 0xD2, 0x74, 0x48, 0x94, 0x28, 0xEC, 0x32, 0x6B, 
        0x91, 0xD7, 0x75, 0xE6, 0xD4, 0x35, 0x19, 0x6E, 0xAF, 0x1D, 0x35, 0x4B, 0xE6, 0x27, 0x2C, 0x78, 
        0xB7, 0x8B, 0xFD, 0x94, 0x51, 0xF7, 0xB1, 0xEB, 0xD3, 0xEB, 0xD6, 0xB3, 0x1B, 0x58, 0xBD, 0x23, 
        0x02, 0xE5, 0xE2, 0x51, 0xD1, 0x21, 0x02, 0x35, 0x1F, 0x82, 0xE2, 0xB8, 0xF9, 0xB1, 0x75, 0x75, 
        0x8A, 0x50, 0x5E, 0x6A, 0xEF, 0xE6, 0x93, 0x49, 0x7D, 0xEC, 0xFA, 0x37, 0x4B, 0x20, 0xCB, 0xDF, 
        0x25, 0x69, 0x4F, 0x15, 0x35, 0xBF, 0x23, 0x54, 0xE9, 0xDF, 0xFB, 0xB2, 0x94, 0x67, 0x29, 0xFA, 
        0xF2, 0xC1, 0x3E, 0x97, 0x5A, 0x9E, 0x83, 0x73, 0xFB, 0x44, 0xF8, 0x9B, 0x55, 0xFD, 0xCF, 0x88, 
        0xB4, 0x9F, 0x0C, 0xF8, 0x96, 0xD8, 0xF0, 0xD6, 0xFA, 0xB6, 0x89, 0x13, 0x06, 0x1D, 0xC6, 0x45, 
        0x72, 0x7A, 0xDF, 0xC2, 0xCF, 0x82, 0x1F, 0x1A, 0x15, 0xE2, 0xB8, 0xD0, 0x66, 0xF8, 0x4B, 0xE2, 
        0x29, 0x06, 0x23, 0xD4, 0xF4, 0x57, 0x37, 0x1A, 0x5B, 0x3F, 0x6F, 0x32, 0x03, 0xCA, 0x2F, 0xFB, 
        0xBB, 0x7E, 0xB5, 0xD2, 0x78, 0x0E, 0xCD, 0xB5, 0xCD, 0x91, 0x5D, 0xFF, 0x00, 0xA5, 0xC6, 0xDC, 
        0x15, 0x98, 0x6F, 0xFE, 0x75, 0xDF, 0x6B, 0x5F, 0xB3, 0x55, 0xF5, 0xDE, 0x9E, 0xDA, 0xB7, 0x84, 
        0x72, 0xD7, 0x91, 0x2E, 0xF7, 0xD3, 0x1F, 0x9F, 0x30, 0x77, 0xF2, 0xCF, 0x73, 0xFE, 0xC9, 0xFC, 
        0x28, 0xBE, 0x2E, 0x96, 0xB2, 0x4A, 0x6B, 0xCB, 0x47, 0xF2, 0x4D, 0xB4, 0xFE, 0xF4, 0x0A, 0x9E, 
        0x41, 0x98, 0x3E, 0x4A, 0x32, 0x9E, 0x16, 0x6F, 0x6E, 0x76, 0xAA, 0x53, 0xBF, 0xF7, 0xA5, 0x18, 
        0xC2, 0x50, 0x5E, 0x7C, 0xB3, 0x4B, 0xAD, 0x96, 0xA7, 0xE7, 0xD7, 0xC7, 0x3F, 0xD9, 0xD3, 0xC5, 
        0xDF, 0x00, 0xB5, 0x68, 0x21, 0xD7, 0xAD, 0xE2, 0xBB, 0xD2, 0x6F, 0x32, 0x74, 0xFD, 0x6E, 0xC1, 
        0xBC, 0xCB, 0x3B, 0xC5, 0xEA, 0x36, 0xBF, 0x66, 0xC7, 0x3B, 0x4F, 0x3F, 0x51, 0xCD, 0x79, 0x7D, 
        0x7E, 0xAD, 0xFC, 0x34, 0x4D, 0x23, 0xE2, 0x87, 0x83, 0xB5, 0x7F, 0x03, 0xF8, 0x8A, 0xC0, 0x5E, 
        0xE9, 0x52, 0x03, 0x1D, 0xF6, 0x8D, 0x70, 0x0E, 0xEB, 0x66, 0xCE, 0x04, 0xD0, 0xE7, 0x94, 0x21, 
        0xBD, 0x39, 0x06, 0xBF, 0x3C, 0xBF, 0x68, 0x9F, 0x81, 0xDA, 0x8F, 0xC0, 0x2F, 0x89, 0x17, 0x9E, 
        0x1E, 0xBA, 0x76, 0xBB, 0xD3, 0xA4, 0x1F, 0x68, 0xD3, 0x6F, 0xC8, 0xC0, 0xB9, 0xB7, 0x24, 0xE0, 
        0x9F, 0x47, 0x52, 0x0A, 0xB0, 0xF5, 0x19, 0x1C, 0x10, 0x4F, 0x65, 0x2A, 0xB0, 0xAD, 0x05, 0x38, 
        0x3B, 0xA6, 0x7C, 0xE6, 0x3B, 0x03, 0x88, 0xCB, 0xB1, 0x12, 0xC2, 0xE2, 0xA3, 0xCB, 0x38, 0xFC, 
        0xF7, 0xD5, 0x34, 0xD6, 0x8D, 0x35, 0xAA, 0x6B, 0x46, 0xB5, 0x47, 0xDD, 0x3F, 0xB0, 0xEE, 0x83, 
        0xA6, 0x7C, 0x12, 0xF8, 0x2D, 0x67, 0xE2, 0x3D, 0x45, 0x16, 0x3D, 0x4F, 0x5F, 0x0D, 0xAB, 0x5C, 
        0x39, 0x1F, 0x30, 0xB7, 0x40, 0x44, 0x2B, 0xF4, 0xDB, 0x96, 0x1E, 0xF2, 0x9A, 0x5B, 0xB6, 0xD6, 
        0x3E, 0x29, 0xDE, 0xEA, 0xBE, 0x33, 0xD5, 0x0B, 0xB5, 0xC6, 0xA5, 0x23, 0x47, 0x02, 0xF6, 0x86, 
        0x05, 0xE1, 0x63, 0x5F, 0x41, 0x8E, 0x3F, 0x3F, 0x53, 0x5C, 0xFF, 0x00, 0xC5, 0x3D, 0x61, 0xF4, 
        0x39, 0x2D, 0x7C, 0x35, 0x6C, 0x4C, 0x76, 0xBA, 0x7E, 0x93, 0x67, 0x66, 0xA8, 0xBC, 0x00, 0xAB, 
        0x18, 0xC8, 0xFE, 0x55, 0xF5, 0x9F, 0x83, 0x3E, 0x16, 0xC5, 0x07, 0x80, 0x3C, 0x3D, 0x6E, 0xB1, 
        0x0F, 0xF8, 0xF0, 0x89, 0x8F, 0x1D, 0x4B, 0x2E, 0xE2, 0x7F, 0x5A, 0xE3, 0x97, 0xEF, 0x71, 0x6A, 
        0x2F, 0x68, 0x24, 0xFE, 0x6E, 0xE9, 0x3F, 0x92, 0x4F, 0xEF, 0x3E, 0x8E, 0x9B, 0x79, 0x7F, 0x0F, 
        0xCA, 0xB4, 0x34, 0x9E, 0x2A, 0x6E, 0x17, 0xEB, 0xEC, 0xE9, 0xA8, 0xCA, 0x51, 0xFF, 0x00, 0xB7, 
        0xE5, 0x38, 0xDF, 0xBA, 0x85, 0xB6, 0x6C, 0xF8, 0x97, 0xC4, 0x5E, 0x1B, 0x9B, 0x4C, 0x91, 0x9B, 
        0xCB, 0x3B, 0x7B, 0xF1, 0x58, 0x07, 0xA5, 0x7D, 0xBB, 0xE2, 0x8F, 0x81, 0x27, 0x53, 0x89, 0xC2, 
        0x43, 0x92, 0x7A, 0x71, 0x5F, 0x37, 0xFC, 0x4F, 0xF8, 0x1D, 0xE2, 0x0F, 0x04, 0xA4, 0xFA, 0x82, 
        0x69, 0xD7, 0x13, 0xE9, 0xC8, 0x0B, 0x48, 0xF1, 0x46, 0x5B, 0xCB, 0x1E, 0xA4, 0x0E, 0xD5, 0xE8, 
        0x9F, 0x1C, 0x76, 0x3F, 0xB3, 0xFF, 0x00, 0x86, 0x1F, 0x57, 0x68, 0x9C, 0x26, 0xE1, 0xC7, 0x6A, 
        0xFB, 0x47, 0xC3, 0x1E, 0x1D, 0x4D, 0x2E, 0xD6, 0x32, 0xC3, 0x0C, 0x06, 0x6B, 0xCD, 0x3F, 0x67, 
        0x6F, 0x87, 0xF1, 0x78, 0x1B, 0xE1, 0xF6, 0x93, 0x7D, 0xAB, 0x28, 0x82, 0xFE, 0xF2, 0xDD, 0x2E, 
        0x04, 0x0F, 0xC3, 0x22, 0xB0, 0xCA, 0xE4, 0x76, 0xC8, 0x20, 0xD7, 0xA6, 0xDD, 0x78, 0x9A, 0x0E, 
        0x42, 0x38, 0xC5, 0x00, 0x7C, 0xFF, 0x00, 0xFB, 0x4E, 0xF8, 0x45, 0xBE, 0x1E, 0x78, 0xA7, 0x48, 
        0xF8, 0xB5, 0xE1, 0xC8, 0x16, 0x39, 0xA2, 0xB8, 0x58, 0x35, 0x9B, 0x68, 0xC6, 0x12, 0x70, 0xDC, 
        0x07, 0x23, 0xFD, 0xB1, 0x95, 0x3E, 0xF8, 0x35, 0xE7, 0x3F, 0xF0, 0x50, 0xEF, 0x85, 0x56, 0x1F, 
        0x11, 0x3E, 0x01, 0x59, 0x78, 0xCB, 0x4A, 0x41, 0x33, 0xE9, 0xF1, 0x2E, 0xAD, 0x67, 0x30, 0x1C, 
        0x98, 0x19, 0x57, 0xCE, 0x4C, 0xFA, 0x14, 0x21, 0xCF, 0xBC, 0x22, 0xBE, 0x8D, 0xF8, 0xA9, 0x24, 
        0x1E, 0x28, 0xF8, 0x73, 0xE2, 0x6D, 0x32, 0x5C, 0x3A, 0x4F, 0x63, 0x26, 0x33, 0xD9, 0x94, 0x6E, 
        0x53, 0xF5, 0xC8, 0xAF, 0x03, 0xF0, 0x37, 0x8F, 0xA1, 0xF1, 0xBF, 0xC0, 0x28, 0x3C, 0x0F, 0x7C, 
        0xC2, 0x49, 0x45, 0xB5, 0xCD, 0xA0, 0x0F, 0xCE, 0x63, 0x2A, 0xE3, 0x1F, 0x4D, 0xAD, 0x8A, 0xF3, 
        0xA3, 0xFB, 0x9C, 0x5B, 0x8A, 0xDA, 0x6A, 0xFF, 0x00, 0x35, 0x64, 0xDF, 0xCD, 0x35, 0xF7, 0x1F, 
        0x63, 0x51, 0xBC, 0xC3, 0x87, 0xE3, 0x5A, 0x7A, 0xCF, 0x0B, 0x35, 0x0B, 0xF5, 0xF6, 0x75, 0x14, 
        0xA5, 0x18, 0xFF, 0x00, 0xDB, 0x92, 0x84, 0xAD, 0xD9, 0x4E, 0xDB, 0x24, 0x79, 0xAF, 0x8E, 0x7C, 
        0x35, 0x27, 0x8C, 0x3C, 0x39, 0xFF, 0x00, 0x09, 0x95, 0xA2, 0x99, 0x61, 0x9E, 0xC2, 0xD6, 0xE1, 
        0x99, 0x79, 0xF9, 0x4A, 0x2E, 0x4F, 0xE4, 0x41, 0xAF, 0xBB, 0x3E, 0x12, 0x6B, 0xF6, 0xDE, 0x21, 
        0xF8, 0x55, 0xE1, 0x2D, 0x46, 0x32, 0x18, 0x4B, 0xA6, 0xC4, 0xAD, 0xEC, 0xE8, 0x36, 0xB0, 0xFA, 
        0xE5, 0x6B, 0xE2, 0x9F, 0xF8, 0x27, 0x37, 0xC4, 0x2D, 0x1B, 0xE2, 0x3F, 0x80, 0xE6, 0xF0, 0x1F, 
        0x88, 0x19, 0x5D, 0xD6, 0x06, 0xD3, 0x0A, 0xB1, 0xE4, 0x8D, 0xA7, 0xCA, 0xFF, 0x00, 0xBE, 0xA3, 
        0xDC, 0xA3, 0xDE, 0x2A, 0xF5, 0xBF, 0x82, 0x7E, 0x24, 0xBC, 0xF8, 0x49, 0xE2, 0x3D, 0x6F, 0xE1, 
        0x3F, 0x88, 0xA5, 0xD9, 0x2D, 0xAD, 0xC3, 0x5C, 0x69, 0x37, 0x0F, 0xC2, 0x4E, 0x8D, 0xCE, 0x14, 
        0xFA, 0x30, 0xC3, 0x0F, 0x7C, 0x8A, 0x24, 0xFD, 0x96, 0x2D, 0x49, 0xED, 0x34, 0x97, 0xCD, 0x5D, 
        0xA5, 0xF3, 0x4D, 0xFD, 0xC1, 0x49, 0x3C, 0xC3, 0x87, 0xE5, 0x46, 0x1A, 0xCF, 0x0B, 0x37, 0x3B, 
        0x75, 0xF6, 0x75, 0x14, 0x63, 0x29, 0x7F, 0xDB, 0x92, 0x84, 0x6F, 0xD9, 0x4E, 0xFB, 0x26, 0x7D, 
        0x37, 0x77, 0xAD, 0x41, 0x68, 0xA5, 0x8E, 0xDE, 0x2B, 0xC7, 0x3E, 0x31, 0x7C, 0x69, 0xBA, 0xD1, 
        0x34, 0x0B, 0xD8, 0x34, 0xC9, 0xBE, 0xCF, 0x3C, 0x91, 0xB2, 0x79, 0x89, 0xD4, 0x64, 0x63, 0x8A, 
        0x7F, 0x8A, 0x7C, 0x54, 0xC9, 0x1B, 0x80, 0xF8, 0x35, 0xF3, 0x9F, 0xC4, 0xBD, 0x6D, 0xEF, 0x7C, 
        0xC0, 0x58, 0x9C, 0xE6, 0xBD, 0x13, 0xE3, 0x8C, 0x4F, 0x87, 0x9F, 0x17, 0x35, 0x8D, 0x2A, 0x35, 
        0xB1, 0xBA, 0xD4, 0x27, 0xB9, 0x8E, 0x33, 0xB5, 0x5A, 0x79, 0x0B, 0xB6, 0x3D, 0x32, 0x79, 0xAF, 
        0x64, 0xD2, 0x7E, 0x25, 0x35, 0xDA, 0x29, 0x69, 0x39, 0x3E, 0xF5, 0xF2, 0x72, 0xCA, 0x6D, 0xEF, 
        0x0B, 0x0E, 0x39, 0xAE, 0xDB, 0x40, 0xD7, 0xDE, 0x30, 0xB9, 0x63, 0x40, 0x1F, 0x43, 0x78, 0x9B, 
        0xC7, 0x0B, 0x6F, 0xE1, 0x2D, 0x62, 0x77, 0x93, 0x85, 0xB4, 0x90, 0x7E, 0x25, 0x71, 0xFD, 0x6B, 
        0xE7, 0x4F, 0x87, 0xB6, 0xF7, 0x9E, 0x1A, 0xFB, 0x47, 0x88, 0xAE, 0x4B, 0x45, 0xA7, 0x5A, 0x69, 
        0xB7, 0x57, 0x59, 0x6E, 0x07, 0x08, 0x70, 0x7F, 0x43, 0x5D, 0x85, 0xBD, 0x8E, 0xA7, 0xF1, 0x3F, 
        0x5C, 0xD2, 0x7C, 0x13, 0xA5, 0x16, 0xFB, 0x4E, 0xA5, 0x2A, 0xB5, 0xC4, 0x83, 0xA4, 0x10, 0x0E, 
        0x59, 0xDB, 0xD0, 0x01, 0x93, 0xF9, 0x7A, 0x8A, 0xCF, 0xFF, 0x00, 0x82, 0x85, 0xF8, 0xBF, 0x43, 
        0xF8, 0x57, 0xE0, 0xA7, 0xF0, 0x4F, 0x87, 0xD9, 0x56, 0xE2, 0xE2, 0x14, 0xD3, 0x0E, 0xD3, 0xCE, 
        0xD0, 0x01, 0x97, 0xF2, 0x4C, 0x29, 0xF7, 0x96, 0xBC, 0xE8, 0xFE, 0xF7, 0x16, 0xE4, 0xB6, 0x82, 
        0xB7, 0xCD, 0xD9, 0xB5, 0xF2, 0x49, 0x7D, 0xE7, 0xD8, 0xD5, 0x4F, 0x2F, 0xE1, 0xF8, 0xD1, 0x9E, 
        0x93, 0xC5, 0x4D, 0x4E, 0xDD, 0x7D, 0x9D, 0x35, 0x28, 0xC6, 0x5E, 0x93, 0x94, 0xE5, 0x6E, 0xEA, 
        0x17, 0xD9, 0xA3, 0xE0, 0x9F, 0x83, 0xDF, 0x14, 0xB5, 0x0F, 0x84, 0x7E, 0x35, 0xB4, 0xD7, 0x2C, 
        0x9A, 0x43, 0x10, 0x21, 0x2E, 0x61, 0x8D, 0xB6, 0x97, 0x4C, 0x83, 0x95, 0x3D, 0x99, 0x48, 0x0C, 
        0xA7, 0xD4, 0x7A, 0x13, 0x5F, 0xA6, 0xBA, 0x97, 0x8D, 0xBC, 0x3B, 0xFB, 0x51, 0x78, 0x13, 0x4A, 
        0xD6, 0x6D, 0xEF, 0xE2, 0xB6, 0xF1, 0x45, 0xA4, 0x7B, 0xED, 0xB5, 0x18, 0x7E, 0x5F, 0x33, 0x1C, 
        0x90, 0x47, 0x51, 0xCF, 0x55, 0xEA, 0x8D, 0x9C, 0x70, 0x6B, 0xF2, 0x4E, 0xBB, 0x2F, 0x86, 0xDF, 
        0x15, 0xF5, 0xFF, 0x00, 0x85, 0xDA, 0x91, 0xB8, 0xD2, 0x2E, 0x33, 0x6F, 0x23, 0x03, 0x35, 0x9C, 
        0xB9, 0x31, 0x49, 0x8E, 0xF8, 0xFE, 0x16, 0xFF, 0x00, 0x68, 0x73, 0xF5, 0x1C, 0x57, 0x65, 0x5A, 
        0x50, 0xAD, 0x07, 0x09, 0xAB, 0xA6, 0x7C, 0xE6, 0x07, 0x1D, 0x88, 0xCB, 0xB1, 0x11, 0xC5, 0x61, 
        0x65, 0xCB, 0x38, 0xFC, 0xF7, 0xD1, 0xA6, 0x9E, 0x8D, 0x35, 0xA3, 0x4F, 0x46, 0xB4, 0x67, 0xE8, 
        0x7A, 0xFC, 0x54, 0xD4, 0x2C, 0xBF, 0xE2, 0x53, 0xE2, 0xC8, 0x8C, 0x17, 0xB1, 0xFC, 0x8B, 0x7C, 
        0xBC, 0xA4, 0xA3, 0xD4, 0x91, 0xFC, 0xEB, 0x9B, 0xF1, 0x0D, 0xD1, 0xD4, 0xD4, 0xC9, 0x6C, 0xC2, 
        0xE5, 0x1B, 0x90, 0xD1, 0x10, 0xC3, 0xF4, 0xAF, 0x29, 0xD2, 0x3F, 0x69, 0x0F, 0x0A, 0x7C, 0x42, 
        0xB3, 0x48, 0x75, 0x4B, 0xC3, 0xA0, 0x6A, 0x04, 0x7C, 0xD1, 0xDF, 0x8D, 0xD0, 0x93, 0xED, 0x20, 
        0xE3, 0x1E, 0xE7, 0x6D, 0x6C, 0xDA, 0xE8, 0xFF, 0x00, 0x6F, 0xFD, 0xE6, 0x9D, 0x7F, 0x61, 0x7D, 
        0x19, 0xE4, 0x3D, 0xA5, 0xDA, 0xB0, 0x23, 0xF0, 0x35, 0xC6, 0xA3, 0x8B, 0xA5, 0xA4, 0x5A, 0x9A, 
        0xF3, 0x76, 0x7F, 0x36, 0x93, 0x4F, 0xEE, 0x47, 0xD1, 0xBA, 0x9C, 0x3F, 0x98, 0x3E, 0x7A, 0xD1, 
        0x9E, 0x16, 0x6F, 0x75, 0x08, 0xAA, 0x94, 0xEF, 0xFD, 0xD8, 0xCA, 0x50, 0x94, 0x3D, 0x39, 0xA6, 
        0x97, 0x4B, 0x2D, 0x09, 0x2E, 0x34, 0x8B, 0xC6, 0x90, 0xBF, 0xD9, 0xDA, 0x34, 0xEA, 0x5E, 0x52, 
        0x11, 0x47, 0xE2, 0x71, 0x5B, 0x5E, 0x1A, 0xD2, 0x6E, 0xF5, 0x3B, 0xD4, 0xB3, 0xD3, 0x22, 0x1A, 
        0x9D, 0xF9, 0x38, 0xF9, 0x72, 0x2D, 0xE1, 0xFF, 0x00, 0x69, 0xDC, 0xF5, 0xFE, 0x5F, 0x5A, 0xC7, 
        0x3A, 0x5C, 0x7A, 0x64, 0x9E, 0x76, 0xAD, 0x79, 0x61, 0x69, 0x10, 0xE4, 0xB5, 0xD5, 0xDA, 0xA8, 
        0xFD, 0x4D, 0x51, 0xD7, 0x7F, 0x6A, 0x9F, 0x0C, 0x7C, 0x3D, 0xB0, 0x7B, 0x5D, 0x12, 0xE0, 0x6B, 
        0x17, 0xC0, 0x61, 0x53, 0x4F, 0x5D, 0xB1, 0x03, 0xEF, 0x21, 0x18, 0xFC, 0x46, 0xE3, 0x45, 0xB1, 
        0x75, 0x74, 0x93, 0x50, 0x5E, 0x5A, 0xBF, 0x93, 0x69, 0x25, 0xF7, 0x30, 0x55, 0x32, 0x0C, 0xBD, 
        0xF3, 0xD1, 0x8C, 0xF1, 0x53, 0x5B, 0x29, 0xA5, 0x4E, 0x9D, 0xFF, 0x00, 0xBD, 0x18, 0xCA, 0x72, 
        0x9A, 0xF2, 0xE6, 0x82, 0x7D, 0x6E, 0xB4, 0x3E, 0xA1, 0xB6, 0xF1, 0x8F, 0x86, 0x7F, 0x65, 0x0F, 
        0x00, 0xEA, 0x9A, 0xB5, 0xCD, 0xFC, 0x37, 0x7E, 0x2E, 0xBC, 0x8B, 0x75, 0xD6, 0xA1, 0x28, 0xCF, 
        0x94, 0x0F, 0x40, 0xA3, 0xAE, 0x33, 0xF7, 0x53, 0xAB, 0xB6, 0x3B, 0x0A, 0xFC, 0xBD, 0xF8, 0xC3, 
        0xF1, 0x4B, 0x50, 0xF8, 0xBB, 0xE3, 0x5B, 0xBD, 0x72, 0xF5, 0xA4, 0x11, 0x12, 0x52, 0xDE, 0x19, 
        0x1B, 0x71, 0x44, 0xC9, 0x39, 0x63, 0xDD, 0x98, 0x92, 0xCC, 0x7D, 0x4F, 0xA0, 0x15, 0x17, 0xC4, 
        0x9F, 0x8B, 0x1E, 0x20, 0xF8, 0xA5, 0xA9, 0xFD, 0xA7, 0x58, 0xB9, 0xFD, 0xC2, 0x31, 0x68, 0x6D, 
        0x22, 0x24, 0x47, 0x1E, 0x7B, 0xF3, 0xCB, 0x37, 0xFB, 0x47, 0x9F, 0xA0, 0xE2, 0xB8, 0xDA, 0xEC, 
        0xA5, 0x4A, 0x14, 0x60, 0xA1, 0x05, 0x64, 0x8F, 0x9C, 0xC7, 0x63, 0xB1, 0x19, 0x96, 0x22, 0x58, 
        0xAC, 0x54, 0xB9, 0xA7, 0x2F, 0x96, 0xDA, 0x24, 0x92, 0xD1, 0x24, 0xB4, 0x49, 0x68, 0x96, 0x88, 
        0xFF, 0xD9, 0x33, 0x33, 0x33, 0x33, 0x33, 0x33, 0x33, 0x33, 0x33, 0x33, 0x33, 0x33, 0x33, 0x33, 
        0x33, 0x33, 0x33, 0x33, 0x33, 0x33, 0x33, 0x33, 0x33, 0x33, 0x33, 0x33, 0x33, 0x33, 0x33, 0x33, 
        0x33, 0x33, 0x33, 0x33, 0x33, 0x33, 0x33, 0x33, 0x33, 0x33, 0x33, 0x33, 0x33, 0x33, 0x33, 0x33, 
        0x33, 0x33, 0x33, 0x33, 0x33, 0x33, 0x33, 0x33, 0x33, 0x33, 0x33, 0x33, 0x33, 0x33, 0x33, 0x33, 
        0x33, 0x33, 0x33, 0x33, 0x33, 0x33, 0x33, 0x33, 0x33, 0x33, 0x33, 0x33, 0x33, 0x33, 0x33, 0x33, 
        0x33, 0x33, 0x33, 0x33, 0x33, 0x33, 0x33, 0x33, 0x33, 0x33, 0x33, 0x33, 0x33, 0x33, 0x33, 0x33, 
        0x33, 0x33, 0x33, 0x33, 0x33, 0x33, 0x33, 0x33, 0x33, 0x33, 0x33, 0x33, 0x33, 0x33, 0x33, 0x33, 
        0x33, 0x33, 0x33, 0x33, 0x33, 0x33, 0x33, 0x33, 0x33, 0x33, 0x33, 0x33, 0x33, 0x33, 0x33, 0x33, 
        0x33, 0x33, 0x33, 0x33, 0x33, 0x33, 0x33, 0x33, 0x33, 0x33, 0x33, 0x33, 0x33, 0x33, 0x33, 0x33, 
        0x33, 0x33, 0x33, 0x33, 0x33, 0x33, 0x33, 0x33, 0x33, 0x33, 0x33, 0x33, 0x33, 0x33, 0x33, 0x33, 
        0x33, 0x33, 0x33, 0x33, 0x33, 0x33, 0x33, 0x33, 0x33, 0x33, 0x33, 0x33, 0x33, 0x33, 0x33, 0x33, 
        0x33, 0x33, 0x33, 0x33, 0x33, 0x33, 0x33, 0x33, 0x33, 0x33, 0x33, 0x33, 0x33, 0x33, 0x33, 0x33, 
        0x33, 0x33, 0x33, 0x33, 0x33, 0x33, 0x33, 0x33, 0x33, 0x33, 0x33, 0x33, 0x33, 0x33, 0x33, 0x33, 
        0x33, 0x33, 0x33, 0x33, 0x33, 0x33, 0x33, 0x33, 0x33, 0x33, 0x33, 0x33, 0x33, 0x33, 0x33, 0x33, 
        0x33, 0x33, 0x33, 0x33, 0x33, 0x33, 0x33, 0x33, 0x33, 0x33, 0x33, 0x33, 0x33, 0x33, 0x33, 0x33, 
        0x33, 0x33, 0x33, 0x33, 0x33, 0x33, 0x33, 0x33, 0x33, 0x33, 0x33, 0x33, 0x33, 0x33, 0x33, 0x33, 
        0x33, 0x33, 0x33, 0x33, 0x33, 0x33, 0x33, 0x33, 0x33, 0x33, 0x33, 0x33, 0x33, 0x33, 0x33, 0x33, 
        0x33, 0x33, 0x33, 0x33, 0x33, 0x33, 0x33, 0x33, 0x33, 0x33, 0x33, 0x33, 0x33, 0x33, 0x33, 0x33, 
        0x33, 0x33, 0x33, 0x33, 0x33, 0x33, 0x33, 0x33, 0x33, 0x33, 0x33, 0x33, 0x33, 0x33, 0x33, 0x33, 
        0x33, 0x33, 0x33, 0x33, 0x33, 0x33, 0x33, 0x33, 0x33, 0x33, 0x33, 0x33, 0x33, 0x33, 0x33, 0x33, 
        0x33, 0x33, 0x33, 0x33, 0x33, 0x33, 0x33, 0x33, 0x33, 0x33, 0x33, 0x33, 0x33, 0x33, 0x33, 0x33, 
        0x33, 0x33, 0x33, 0x33, 0x33, 0x33, 0x33, 0x33, 0x33, 0x33, 0x33, 0x33, 0x33, 0x33, 0x33, 0x33, 
        0x33, 0x33, 0x33, 0x33, 0x33, 0x33, 0x33, 0x33, 0x33, 0x33, 0x33, 0x33, 0x33, 0x33, 0x33, 0x33, 
        0x33, 0x33, 0x33, 0x33, 0x33, 0x33, 0x33, 0x33, 0x33, 0x33, 0x33, 0x33, 0x33, 0x33, 0x33, 0x33, 
        0x33, 0x33, 0x33, 0x33, 0x33, 0x33, 0x33, 0x33, 0x33, 0x33, 0x33, 0x33, 0x33, 0x33, 0x33, 0x33, 
        0x33, 0x33, 0x33, 0x33, 0x33, 0x33, 0x33, 0x33, 0x33, 0x33, 0x33, 0x33, 0x33, 0x33, 0x33, 0x33, 
        0x33, 0x33, 0x33, 0x33, 0x33, 0x33, 0x33, 0x33, 0x33, 0x33, 0x33, 0x33, 0x33, 0x33, 0x33, 0x33, 
        0x33, 0x33, 0x33, 0x33, 0x33, 0x33, 0x33, 0x33, 0x33, 0x33, 0x33, 0x33, 0x33, 0x33, 0x33, 0x33, 
        0xFF, 0xD8, 0xFF, 0xE0, 0x00, 0x10, 0x4A, 0x46, 0x49, 0x46, 0x00, 0x01, 0x01, 0x00, 0x00, 0x01, 
        0x00, 0x01, 0x00, 0x00, 0xFF, 0xDB, 0x00, 0x43, 0x00, 0x03, 0x02, 0x02, 0x03, 0x02, 0x02, 0x03, 
        0x03, 0x03, 0x03, 0x04, 0x03, 0x03, 0x04, 0x05, 0x08, 0x05, 0x05, 0x04, 0x04, 0x05, 0x0A, 0x07, 
        0x07, 0x06, 0x08, 0x0C, 0x0A, 0x0C, 0x0C, 0x0B, 0x0A, 0x0B, 0x0B, 0x0D, 0x0E, 0x12, 0x10, 0x0D, 
        0x0E, 0x11, 0x0E, 0x0B, 0x0B, 0x10, 0x16, 0x10, 0x11, 0x13, 0x14, 0x15, 0x15, 0x15, 0x0C, 0x0F, 
        0x17, 0x18, 0x16, 0x14, 0x18, 0x12, 0x14, 0x15, 0x14, 0xFF, 0xDB, 0x00, 0x43, 0x01, 0x03, 0x04, 
        0x04, 0x05, 0x04, 0x05, 0x09, 0x05, 0x05, 0x09, 0x14, 0x0D, 0x0B, 0x0D, 0x14, 0x14, 0x14, 0x14, 
        0x14, 0x14, 0x14, 0x14, 0x14, 0x14, 0x14, 0x14, 0x14, 0x14, 0x14, 0x14, 0x14, 0x14, 0x14, 0x14, 
        0x14, 0x14, 0x14, 0x14, 0x14, 0x14, 0x14, 0x14, 0x14, 0x14, 0x14, 0x14, 0x14, 0x14, 0x14, 0x14, 
        0x14, 0x14, 0x14, 0x14, 0x14, 0x14, 0x14, 0x14, 0x14, 0x14, 0x14, 0x14, 0x14, 0x14, 0xFF, 0xC0, 
        0x00, 0x11, 0x08, 0x00, 0x40, 0x00, 0x40, 0x03, 0x01, 0x22, 0x00, 0x02, 0x11, 0x01, 0x03, 0x11, 
        0x01, 0xFF, 0xC4, 0x00, 0x1F, 0x00, 0x00, 0x01, 0x05, 0x01, 0x01, 0x01, 0x01, 0x01, 0x01, 0x00, 
        0x00, 0x00, 0x00, 0x00, 0x00, 0x00, 0x00, 0x01, 0x02, 0x03, 0x04, 0x05, 0x06, 0x07, 0x08, 0x09, 
        0x0A, 0x0B, 0xFF, 0xC4, 0x00, 0xB5, 0x10, 0x00, 0x02, 0x01, 0x03, 0x03, 0x02, 0x04, 0x03, 0x05, 
        0x05, 0x04, 0x04, 0x00, 0x00, 0x01, 0x7D, 0x01, 0x02, 0x03, 0x00, 0x04, 0x11, 0x05, 0x12, 0x21, 
        0x31, 0x41, 0x06, 0x13, 0x51, 0x61, 0x07, 0x22, 0x71, 0x14, 0x32, 0x81, 0x91, 0xA1, 0x08, 0x23, 
        0x42, 0xB1, 0xC1, 0x15, 0x52, 0xD1, 0xF0, 0x24, 0x33, 0x62, 0x72, 0x82, 0x09, 0x0A, 0x16, 0x17, 
        0x18, 0x19, 0x1A, 0x25, 0x26, 0x27, 0x28, 0x29, 0x2A, 0x34, 0x35, 0x36, 0x37, 0x38, 0x39, 0x3A, 
        0x43, 0x44, 0x45, 0x46, 0x47, 0x48, 0x49, 0x4A, 0x53, 0x54, 0x55, 0x56, 0x57, 0x58, 0x59, 0x5A, 
        0x63, 0x64, 0x65, 0x66, 0x67, 0x68, 0x69, 0x6A, 0x73, 0x74, 0x75, 0x76, 0x77, 0x78, 0x79, 0x7A, 
        0x83, 0x84, 0x85, 0x86, 0x87, 0x88, 0x89, 0x8A, 0x92, 0x93, 0x94, 0x95, 0x96, 0x97, 0x98, 0x99, 
        0x9A, 0xA2, 0xA3, 0xA4, 0xA5, 0xA6, 0xA7, 0xA8, 0xA9, 0xAA, 0xB2, 0xB3, 0xB4, 0xB5, 0xB6, 0xB7, 
        0xB8, 0xB9, 0xBA, 0xC2, 0xC3, 0xC4, 0xC5, 0xC6, 0xC7, 0xC8, 0xC9, 0xCA, 0xD2, 0xD3, 0xD4, 0xD5, 
        0xD6, 0xD7, 0xD8, 0xD9, 0xDA, 0xE1, 0xE2, 0xE3, 0xE4, 0xE5, 0xE6, 0xE7, 0xE8, 0xE9, 0xEA, 0xF1, 
        0xF2, 0xF3, 0xF4, 0xF5, 0xF6, 0xF7, 0xF8, 0xF9, 0xFA, 0xFF, 0xC4, 0x00, 0x1F, 0x01, 0x00, 0x03, 
        0x01, 0x01, 0x01, 0x01, 0x01, 0x01, 0x01, 0x01, 0x01, 0x00, 0x00, 0x00, 0x00, 0x00, 0x00, 0x01, 
        0x02, 0x03, 0x04, 0x05, 0x06, 0x07, 0x08, 0x09, 0x0A, 0x0B, 0xFF, 0xC4, 0x00, 0xB5, 0x11, 0x00, 
        0x02, 0x01, 0x02, 0x04, 0x04, 0x03, 0x04, 0x07, 0x05, 0x04, 0x04, 0x00, 0x01, 0x02, 0x77, 0x00, 
        0x01, 0x02, 0x03, 0x11, 0x04, 0x05, 0x21, 0x31, 0x06, 0x12, 0x41, 0x51, 0x07, 0x61, 0x71, 0x13, 
        0x22, 0x32, 0x81, 0x08, 0x14, 0x42, 0x91, 0xA1, 0xB1, 0xC1, 0x09, 0x23, 0x33, 0x52, 0xF0, 0x15, 
        0x62, 0x72, 0xD1, 0x0A, 0x16, 0x24, 0x34, 0xE1, 0x25, 0xF1, 0x17, 0x18, 0x19, 0x1A, 0x26, 0x27, 
        0x28, 0x29, 0x2A, 0x35, 0x36, 0x37, 0x38, 0x39, 0x3A, 0x43, 0x44, 0x45, 0x46, 0x47, 0x48, 0x49, 
        0x4A, 0x53, 0x54, 0x55, 0x56, 0x57, 0x58, 0x59, 0x5A, 0x63, 0x64, 0x65, 0x66, 0x67, 0x68, 0x69, 
        0x6A, 0x73, 0x74, 0x75, 0x76, 0x77, 0x78, 0x79, 0x7A, 0x82, 0x83, 0x84, 0x85, 0x86, 0x87, 0x88, 
        0x89, 0x8A, 0x92, 0x93, 0x94, 0x95, 0x96, 0x97, 0x98, 0x99, 0x9A, 0xA2, 0xA3, 0xA4, 0xA5, 0xA6, 
        0xA7, 0xA8, 0xA9, 0xAA, 0xB2, 0xB3, 0xB4, 0xB5, 0xB6, 0xB7, 0xB8, 0xB9, 0xBA, 0xC2, 0xC3, 0xC4, 
        0xC5, 0xC6, 0xC7, 0xC8, 0xC9, 0xCA, 0xD2, 0xD3, 0xD4, 0xD5, 0xD6, 0xD7, 0xD8, 0xD9, 0xDA, 0xE2, 
        0xE3, 0xE4, 0xE5, 0xE6, 0xE7, 0xE8, 0xE9, 0xEA, 0xF2, 0xF3, 0xF4, 0xF5, 0xF6, 0xF7, 0xF8, 0xF9, 
        0xFA, 0xFF, 0xDA, 0x00, 0x0C, 0x03, 0x01, 0x00, 0x02, 0x11, 0x03, 0x11, 0x00, 0x3F, 0x00, 0xFC, 
        0xAA, 0xAF, 0x51, 0xF8, 0x15, 0xFB, 0x39, 0x78, 0xC3, 0xF6, 0x80, 0xD6, 0x65, 0xB6, 0xF0, 0xFD, 
        0xAA, 0x5B, 0xE9, 0x96, 0xA4, 0x7D, 0xBB, 0x59, 0xBD, 0x25, 0x2D, 0x6D, 0x47, 0x5E, 0x5B, 0xF8, 
        0x9B, 0x1C, 0x85, 0x5C, 0x9F, 0xA0, 0xE6, 0x9B, 0xFB, 0x3A, 0xFC, 0x0D, 0xD4, 0xBE, 0x3F, 0xFC, 
        0x49, 0xB2, 0xF0, 0xE5, 0x9B, 0x3D, 0xB5, 0x82, 0x8F, 0x3F, 0x51, 0xBD, 0x55, 0xCF, 0xD9, 0xE0, 
        0x04, 0x03, 0x8F, 0x57, 0x62, 0x42, 0xA8, 0xF5, 0x39, 0x3C, 0x02, 0x47, 0xEA, 0xA7, 0xC4, 0x56, 
        0xF0, 0x8F, 0xEC, 0xB9, 0xF0, 0xB7, 0x45, 0xF0, 0x86, 0x85, 0xA6, 0xC5, 0x2E, 0xA9, 0x71, 0x16, 
        0xCD, 0x3B, 0x43, 0x81, 0xB8, 0x3F, 0xDE, 0x9E, 0x76, 0xEA, 0x46, 0x72, 0x4B, 0x1E, 0x58, 0xE7, 
        0xB0, 0x24, 0x67, 0x52, 0xA4, 0x69, 0x45, 0xCE, 0x6F, 0x43, 0xAF, 0x09, 0x84, 0xAD, 0x8E, 0xAD, 
        0x1C, 0x3E, 0x1E, 0x37, 0x93, 0xFF, 0x00, 0x87, 0x6D, 0xB7, 0xA2, 0x49, 0x6A, 0xDB, 0xD1, 0x2D, 
        0x59, 0xF2, 0xDD, 0x9F, 0xC1, 0x7F, 0x83, 0x3F, 0x00, 0xED, 0x93, 0xCC, 0xF0, 0xFC, 0xBF, 0x14, 
        0xBC, 0x42, 0x83, 0x12, 0x6A, 0x3A, 0xEC, 0x9F, 0x67, 0xD3, 0x11, 0xFB, 0xEC, 0x80, 0x7D, 0xF1, 
        0xFE, 0xF6, 0xEF, 0xAD, 0x6B, 0x41, 0xFB, 0x4E, 0x6B, 0xDA, 0x41, 0xF2, 0x7C, 0x3B, 0xA5, 0xF8, 
        0x6F, 0xC3, 0x96, 0xE0, 0x61, 0x2D, 0xF4, 0x7D, 0x0A, 0x35, 0x0A, 0x3B, 0x00, 0x4F, 0x5A, 0xF0, 
        0x8F, 0x88, 0x3F, 0x1A, 0xC5, 0xE6, 0xB1, 0x3B, 0xDA, 0xF9, 0x5E, 0x24, 0xD5, 0xB7, 0x10, 0xF7, 
        0xD2, 0x83, 0xF6, 0x18, 0x0F, 0xF7, 0x61, 0x8C, 0x63, 0xCC, 0xC7, 0xF7, 0x8E, 0x17, 0xD3, 0x77, 
        0x5A, 0xE2, 0x07, 0x8D, 0x3C, 0x67, 0xAA, 0x4A, 0x33, 0xAA, 0x5F, 0x22, 0x76, 0x8A, 0xD7, 0x10, 
        0x46, 0xA3, 0xD0, 0x2A, 0x01, 0x5C, 0xD7, 0xC4, 0x54, 0xD5, 0x5A, 0x0B, 0xCF, 0x57, 0xF7, 0x5D, 
        0x25, 0xF7, 0xB3, 0xDB, 0x74, 0xF2, 0x7C, 0x13, 0xE4, 0xA9, 0x29, 0xD7, 0x92, 0xDF, 0x91, 0xA8, 
        0x43, 0xE5, 0x27, 0x19, 0x4A, 0x5E, 0xBC, 0xB1, 0x4F, 0xA5, 0xD6, 0xA7, 0xD5, 0xD3, 0xFE, 0xD3, 
        0x9A, 0xF6, 0xAE, 0x7C, 0x8F, 0x11, 0x69, 0x7E, 0x1B, 0xF1, 0x1D, 0xB9, 0x18, 0x7B, 0x7D, 0x63, 
        0x42, 0x8D, 0x83, 0x0E, 0xE0, 0x91, 0xD2, 0xB9, 0xCD, 0x63, 0xE1, 0x7F, 0xC0, 0xFF, 0x00, 0x8D, 
        0x91, 0xB2, 0x4B, 0xA1, 0x4B, 0xF0, 0x9F, 0xC4, 0x12, 0x0C, 0x47, 0xAA, 0x68, 0x6E, 0x6E, 0x34, 
        0xA6, 0x7E, 0xDE, 0x64, 0x07, 0xEE, 0x2F, 0xFB, 0xBB, 0x7E, 0xB5, 0xE2, 0xDA, 0x5F, 0x89, 0xBC, 
        0x51, 0x66, 0x00, 0x9F, 0x50, 0xBC, 0x92, 0x33, 0xD6, 0x3B, 0xCF, 0xDF, 0x21, 0xF6, 0x21, 0xC1, 
        0xAE, 0xC7, 0x43, 0xF1, 0x24, 0x17, 0x17, 0x11, 0xBB, 0x79, 0x5A, 0x2E, 0xA2, 0x4F, 0xCB, 0x71, 
        0x1E, 0x7E, 0xCB, 0x29, 0xF4, 0x91, 0x4E, 0x76, 0x67, 0xD4, 0x65, 0x7E, 0x9D, 0x68, 0x6F, 0x11, 
        0x4F, 0x56, 0x94, 0xD7, 0x96, 0x8F, 0xEE, 0x6D, 0xA7, 0xF7, 0xA0, 0x54, 0xF2, 0x6C, 0x6B, 0xE4, 
        0xA7, 0x29, 0xE1, 0xE4, 0xF6, 0xE7, 0x6A, 0x70, 0xF9, 0xC9, 0x46, 0x32, 0x8F, 0xAF, 0x2C, 0x92, 
        0xEB, 0x65, 0xA9, 0xE2, 0xBF, 0x1C, 0xFF, 0x00, 0x67, 0x4F, 0x17, 0x7C, 0x02, 0xD5, 0xA0, 0x87, 
        0x5E, 0xB7, 0x8A, 0xEF, 0x49, 0xBC, 0xC9, 0xD3, 0xF5, 0xBB, 0x06, 0xF3, 0x2C, 0xEF, 0x17, 0xA8, 
        0xDA, 0xFD, 0x9B, 0x1C, 0xED, 0x3C, 0xFD, 0x47, 0x35, 0xE5, 0xF5, 0xFA, 0xAB, 0xF0, 0xAE, 0x6D, 
        0x1F, 0xE2, 0xB7, 0x83, 0x75, 0x8F, 0x02, 0xF8, 0x93, 0x4F, 0x5B, 0xBD, 0x39, 0xD7, 0x65, 0xF6, 
        0x8B, 0x3F, 0x26, 0x03, 0xFC, 0x37, 0x16, 0xE7, 0xAA, 0xE0, 0xE0, 0xE5, 0x7A, 0x1C, 0x1F, 0x42, 
        0x7F, 0x3E, 0x3F, 0x68, 0x9F, 0x81, 0xDA, 0x8F, 0xC0, 0x2F, 0x89, 0x17, 0x9E, 0x1E, 0xBA, 0x76, 
        0xBB, 0xD3, 0xA4, 0x1F, 0x68, 0xD3, 0x6F, 0xC8, 0xC0, 0xB9, 0xB7, 0x24, 0xE0, 0x9F, 0x47, 0x52, 
        0x0A, 0xB0, 0xF5, 0x19, 0x1C, 0x10, 0x4F, 0x4D, 0x3A, 0x91, 0xAB, 0x15, 0x38, 0x3D, 0x0F, 0x13, 
        0x17, 0x84, 0xAD, 0x81, 0xAD, 0x2C, 0x3E, 0x22, 0x36, 0x92, 0xFF, 0x00, 0x87, 0x4D, 0x35, 0xA3, 
        0x4D, 0x6A, 0x9A, 0xD1, 0xAD, 0x51, 0xF7, 0x47, 0xEC, 0x3F, 0xA2, 0x69, 0x7F, 0x03, 0xBE, 0x09, 
        0xDA, 0xF8, 0x97, 0x53, 0x55, 0x8F, 0x52, 0xD7, 0x95, 0xF5, 0x7B, 0x99, 0x08, 0xF9, 0x85, 0xB2, 
        0x02, 0x21, 0x5F, 0xA6, 0xDC, 0xB0, 0xF7, 0x94, 0xD7, 0x8A, 0x7C, 0x6A, 0xF1, 0xB7, 0x88, 0xFE, 
        0x2C, 0x78, 0x8A, 0xF6, 0x76, 0x79, 0x06, 0xA7, 0xAF, 0x0F, 0x36, 0xED, 0xD4, 0x9F, 0xF4, 0x4B, 
        0x00, 0x76, 0xC5, 0x6C, 0x9E, 0x81, 0x80, 0xC9, 0xC7, 0x55, 0x1F, 0xED, 0x1A, 0xF4, 0x3F, 0x8C, 
        0xDA, 0xD4, 0x9A, 0x15, 0xBD, 0xBF, 0x86, 0x6D, 0x4E, 0xCB, 0x6B, 0x1D, 0x2E, 0xCA, 0xC5, 0x51, 
        0x78, 0x01, 0x42, 0x0C, 0x8F, 0xD2, 0xBB, 0xAF, 0x0D, 0x7C, 0x19, 0x09, 0xA6, 0x0B, 0xCF, 0x23, 
        0x33, 0x5D, 0x2A, 0x90, 0x71, 0xD1, 0x02, 0x85, 0x50, 0x3F, 0x01, 0x5C, 0xCF, 0xF7, 0x98, 0x85, 
        0x17, 0xB4, 0x15, 0xFE, 0x6E, 0xF6, 0xFB, 0x92, 0x7F, 0x79, 0xED, 0xC1, 0xBC, 0x1E, 0x4E, 0xEA, 
        0x43, 0x49, 0x57, 0x9B, 0x85, 0xFF, 0x00, 0xB9, 0x05, 0x17, 0x25, 0xFF, 0x00, 0x6F, 0x4A, 0x51, 
        0xBF, 0x75, 0x1B, 0x6C, 0xD9, 0xF3, 0x06, 0x85, 0xF0, 0xF3, 0x4E, 0xD1, 0xA3, 0x51, 0x24, 0x42, 
        0x49, 0x40, 0xE7, 0x22, 0xBA, 0xFD, 0x0A, 0xCA, 0xD2, 0x0D, 0x4A, 0xDC, 0x7D, 0x9E, 0x3D, 0xA5, 
        0xB1, 0x8C, 0x57, 0xAE, 0xEB, 0xDF, 0x05, 0x2F, 0x64, 0x0C, 0xD0, 0x42, 0xDB, 0xBB, 0x60, 0x57, 
        0x9C, 0x6B, 0xBE, 0x12, 0xD6, 0x3C, 0x26, 0xE2, 0x7B, 0xCB, 0x19, 0xD6, 0x08, 0x98, 0x37, 0x9C, 
        0xB1, 0x92, 0xA3, 0x07, 0xBE, 0x3A, 0x57, 0x69, 0xF3, 0x27, 0xD6, 0x5F, 0x0D, 0x3E, 0x05, 0x78, 
        0x6B, 0xC7, 0x5E, 0x1F, 0x51, 0xA8, 0x69, 0x91, 0x6D, 0x74, 0xFF, 0x00, 0x58, 0xAB, 0xC8, 0xAF, 
        0x0A, 0xFD, 0xA2, 0xBF, 0x64, 0x8B, 0x9F, 0x87, 0x89, 0x2E, 0xAD, 0xA0, 0xE6, 0xEF, 0x4C, 0xE4, 
        0xB4, 0x60, 0x64, 0xA8, 0xAF, 0xB5, 0x7C, 0x19, 0x35, 0x9F, 0x81, 0x3C, 0x0F, 0xA4, 0xDB, 0x5C, 
        0x48, 0x89, 0x7D, 0x2D, 0xAC, 0x73, 0x49, 0x1E, 0x46, 0xE5, 0xDC, 0xA1, 0x80, 0x3F, 0x81, 0xAC, 
        0x6F, 0x11, 0xF8, 0xB2, 0xCB, 0x5A, 0xB4, 0x9E, 0xD2, 0x7D, 0xB2, 0xC1, 0x2A, 0x95, 0x65, 0x6E, 
        0x45, 0x00, 0x7E, 0x75, 0x7C, 0x2B, 0xF8, 0x85, 0x7F, 0xE1, 0x4D, 0x6E, 0xCB, 0x53, 0xB7, 0x2C, 
        0xFA, 0x9E, 0x84, 0x44, 0x8A, 0x8C, 0x7F, 0xE3, 0xE6, 0xCF, 0x38, 0x96, 0x06, 0xF5, 0xDA, 0x0F, 
        0x1E, 0x80, 0xFF, 0x00, 0xB2, 0x2B, 0xE8, 0xAF, 0xF8, 0x28, 0x67, 0xC2, 0xDD, 0x3F, 0xE2, 0x47, 
        0xEC, 0xFF, 0x00, 0x61, 0xE3, 0x4D, 0x21, 0x04, 0xCD, 0x63, 0x0A, 0xEA, 0xF6, 0x53, 0xA8, 0xE4, 
        0xC0, 0xCA, 0xBE, 0x72, 0x67, 0xD0, 0xA1, 0x0E, 0x7D, 0xE1, 0x15, 0xF3, 0xFF, 0x00, 0xC5, 0x1F, 
        0x09, 0x47, 0xE0, 0x6F, 0x8C, 0x56, 0x6B, 0x02, 0xFF, 0x00, 0xA0, 0x5F, 0x4F, 0xE5, 0x15, 0xEC, 
        0x56, 0x40, 0x50, 0x8F, 0xFC, 0x7A, 0xBE, 0x88, 0xF8, 0x69, 0xE3, 0xE8, 0xFC, 0x6D, 0xFB, 0x3B, 
        0xDB, 0xF8, 0x13, 0x50, 0x61, 0x24, 0xD1, 0xC1, 0x77, 0x64, 0x03, 0x9C, 0xFE, 0xEC, 0x87, 0x18, 
        0xFA, 0x6D, 0x7C, 0x7E, 0x15, 0xC4, 0xBF, 0x77, 0x88, 0xB2, 0xDA, 0x4A, 0xFF, 0x00, 0x35, 0x65, 
        0xF8, 0xA6, 0xBE, 0xE3, 0xE9, 0xAA, 0x37, 0x8C, 0xC9, 0xD5, 0x49, 0xEB, 0x2A, 0x13, 0x50, 0xBF, 
        0xF7, 0x26, 0xA4, 0xE2, 0xBF, 0xED, 0xD9, 0x46, 0x56, 0xEC, 0xA5, 0x6D, 0x92, 0x3C, 0xD3, 0xE2, 
        0x6F, 0x85, 0xE5, 0xF1, 0x97, 0x84, 0x1F, 0xC6, 0x76, 0x40, 0xC9, 0x14, 0xB6, 0x36, 0x97, 0x45, 
        0x94, 0x67, 0xE5, 0xD8, 0xB9, 0x3F, 0x91, 0xCD, 0x7D, 0xA7, 0xF0, 0x8F, 0x4D, 0xB2, 0xF1, 0x77, 
        0xC3, 0x2F, 0x0A, 0xEB, 0x10, 0x85, 0x78, 0xEE, 0xB4, 0xF8, 0x89, 0x23, 0xB3, 0x01, 0xB5, 0x87, 
        0xD7, 0x20, 0xD7, 0xC9, 0x9F, 0xF0, 0x4E, 0x8F, 0x88, 0x1A, 0x2F, 0xC4, 0xBF, 0x00, 0x4F, 0xE0, 
        0x1F, 0x11, 0x32, 0xC8, 0x7E, 0xCE, 0xFA, 0x5B, 0x2B, 0x1E, 0x4A, 0x95, 0x6F, 0x2B, 0xFE, 0xFA, 
        0x8C, 0xB2, 0x8F, 0x78, 0xAB, 0xD9, 0x3F, 0x66, 0x5F, 0x16, 0x5D, 0x7C, 0x23, 0xF1, 0x66, 0xBB, 
        0xF0, 0x57, 0xC5, 0x53, 0x79, 0x57, 0x56, 0x77, 0x2F, 0x71, 0xA2, 0x5D, 0x48, 0x70, 0x97, 0x31, 
        0xB7, 0x3B, 0x54, 0xFF, 0x00, 0xB6, 0x30, 0xC3, 0xDF, 0x23, 0xB5, 0x0F, 0xF7, 0x78, 0x8E, 0x67, 
        0xB4, 0xD5, 0xBE, 0x6A, 0xF6, 0xFB, 0xD3, 0x7F, 0x70, 0x41, 0x3C, 0x66, 0x4E, 0xE9, 0xC3, 0x59, 
        0x50, 0x9B, 0x9D, 0xBF, 0xB9, 0x35, 0x14, 0xDF, 0xFD, 0xBB, 0x28, 0xC6, 0xFD, 0x94, 0xAF, 0xB2, 
        0x3E, 0x88, 0x8B, 0xC2, 0x7A, 0x75, 0xB8, 0xDD, 0x24, 0x6A, 0xDE, 0xD8, 0xAE, 0x4F, 0xE2, 0x2F, 
        0x8B, 0xAC, 0xFC, 0x25, 0xA0, 0xDD, 0x8D, 0x3A, 0xDE, 0x08, 0xEE, 0x9A, 0x36, 0x55, 0x90, 0xC6, 
        0xAC, 0x57, 0x23, 0x19, 0x19, 0xAD, 0xCD, 0x7B, 0x5E, 0xF2, 0x23, 0x60, 0x1B, 0x04, 0x57, 0xCF, 
        0xFF, 0x00, 0x14, 0x75, 0xB6, 0xBB, 0x8A, 0x55, 0x2D, 0x9C, 0xE6, 0xBB, 0x4F, 0x99, 0x3E, 0x73, 
        0xD2, 0xFC, 0x73, 0xAA, 0xF8, 0x77, 0x50, 0x9A, 0xD1, 0xEF, 0x67, 0x9A, 0x01, 0x21, 0x29, 0xE6, 
        0xC8, 0x58, 0x80, 0x4E, 0x71, 0x93, 0x5D, 0xE6, 0x99, 0xF1, 0x12, 0x5B, 0x85, 0x5D, 0xD2, 0x12, 
        0x7E, 0xB5, 0xE5, 0x3E, 0x27, 0x83, 0x6D, 0xE3, 0xB8, 0xF5, 0xAA, 0xBA, 0x76, 0xA2, 0xD0, 0xE0, 
        0x6E, 0x3C, 0x50, 0x06, 0xFF, 0x00, 0xC6, 0x39, 0xE3, 0xD7, 0x7C, 0x45, 0xE1, 0xA9, 0xD8, 0x8C, 
        0xC3, 0x70, 0x27, 0x91, 0xBD, 0x12, 0x30, 0x5D, 0x89, 0xFF, 0x00, 0xBE, 0x69, 0x3E, 0x16, 0x5B, 
        0x5F, 0x78, 0x6E, 0xD6, 0x7F, 0x12, 0x5D, 0x93, 0x16, 0x9F, 0x6F, 0xA7, 0xDE, 0x5E, 0x92, 0x78, 
        0x07, 0x08, 0x70, 0x7F, 0x4C, 0xD4, 0xBA, 0x0F, 0x84, 0x75, 0x2F, 0x8A, 0x1E, 0x32, 0xD2, 0x3C, 
        0x33, 0xA6, 0x83, 0xFD, 0xA3, 0xAA, 0xE2, 0x3F, 0x33, 0x1C, 0x5A, 0x5A, 0x64, 0x19, 0x66, 0x6F, 
        0x40, 0x40, 0xE3, 0x3D, 0x40, 0xFF, 0x00, 0x68, 0x57, 0x49, 0xFF, 0x00, 0x05, 0x08, 0xF1, 0x6E, 
        0x85, 0xF0, 0x9F, 0xC0, 0xE7, 0xC0, 0xFE, 0x1D, 0x65, 0x49, 0xA6, 0x81, 0x34, 0xBF, 0x94, 0xF2, 
        0x14, 0x00, 0x65, 0xFC, 0x93, 0x0A, 0x7D, 0xE5, 0xAE, 0x25, 0xFB, 0xCC, 0x47, 0x32, 0xDA, 0x0A, 
        0xDF, 0x37, 0x66, 0xFE, 0xE4, 0x97, 0xDE, 0x7D, 0x35, 0x45, 0xF5, 0x3C, 0x9D, 0x53, 0x9E, 0x92, 
        0xAF, 0x35, 0x3B, 0x7F, 0x72, 0x0A, 0x4A, 0x2F, 0xFE, 0xDE, 0x94, 0xA5, 0x6E, 0xEA, 0x37, 0xD9, 
        0x9F, 0x05, 0x7C, 0x1E, 0xF8, 0xA5, 0xA8, 0x7C, 0x23, 0xF1, 0xAD, 0xA6, 0xB9, 0x64, 0xD2, 0x18, 
        0x81, 0x09, 0x73, 0x0C, 0x6D, 0xB4, 0xBA, 0x64, 0x1C, 0xA9, 0xEC, 0xCA, 0x40, 0x65, 0x3E, 0xA3, 
        0xD0, 0x9A, 0xFD, 0x2E, 0xD7, 0x3C, 0x57, 0xE1, 0xCF, 0xDA, 0xAB, 0xC0, 0x7A, 0x4E, 0xB7, 0x69, 
        0xA8, 0x47, 0x65, 0xE2, 0xEB, 0x18, 0xC3, 0xD9, 0xEA, 0xB0, 0x7C, 0xA5, 0xF1, 0xC9, 0x0C, 0x07, 
        0x20, 0x67, 0xAA, 0xF5, 0x46, 0xCE, 0x38, 0x35, 0xF9, 0x35, 0x5D, 0x97, 0xC3, 0x6F, 0x8A, 0xFA, 
        0xFF, 0x00, 0xC2, 0xED, 0x48, 0xDC, 0x69, 0x17, 0x19, 0xB7, 0x91, 0x81, 0x9A, 0xCE, 0x5C, 0x98, 
        0xA4, 0xC7, 0x7C, 0x7F, 0x0B, 0x7F, 0xB4, 0x39, 0xFA, 0x8E, 0x2B, 0xA6, 0xA5, 0x38, 0xD5, 0x8B, 
        0x84, 0xD6, 0x87, 0x89, 0x84, 0xC5, 0xD6, 0xC0, 0xD6, 0x8E, 0x23, 0x0F, 0x2B, 0x49, 0x7F, 0xC3, 
        0x34, 0xD3, 0xD1, 0xA6, 0xB4, 0x69, 0xE8, 0xD6, 0x8C, 0xFD, 0x2A, 0xD0, 0x7F, 0x69, 0x4D, 0x4B, 
        0x47, 0xDB, 0xA0, 0x7C, 0x44, 0xB6, 0x92, 0xDE, 0xFE, 0x21, 0xE5, 0xC7, 0xAB, 0x42, 0xBB, 0x92, 
        0x70, 0x3A, 0x16, 0xC7, 0x5F, 0xF7, 0x87, 0xE3, 0x4E, 0xF1, 0x07, 0x89, 0xF4, 0xEF, 0x10, 0xC0, 
        0x66, 0xD3, 0xEF, 0xED, 0xEF, 0x63, 0x61, 0x90, 0x62, 0x90, 0x13, 0xF9, 0x57, 0xCC, 0xFA, 0x57, 
        0xED, 0x1B, 0xE1, 0x3F, 0x88, 0xD6, 0x2B, 0x6F, 0xAB, 0x5D, 0xFF, 0x00, 0x61, 0x5F, 0x91, 0xF3, 
        0x45, 0xA8, 0xAE, 0xF8, 0x49, 0xF6, 0x90, 0x71, 0xF8, 0x9D, 0xB5, 0x7E, 0x1F, 0x09, 0x5B, 0x6A, 
        0x67, 0xCD, 0xD3, 0xAF, 0x2C, 0x6F, 0x50, 0xF2, 0xAF, 0x67, 0x7A, 0xAC, 0x31, 0xED, 0xCD, 0x73, 
        0x25, 0x88, 0xA7, 0xA2, 0x6A, 0x6B, 0xCF, 0x47, 0xF7, 0xD9, 0xA7, 0xF7, 0x23, 0xDB, 0x75, 0x32, 
        0x7C, 0x67, 0xBF, 0x52, 0x33, 0xA1, 0x27, 0xBF, 0x22, 0x53, 0x87, 0xCA, 0x2E, 0x51, 0x94, 0x7D, 
        0x39, 0xA4, 0x97, 0x4B, 0x2D, 0x0E, 0xB7, 0xC4, 0x76, 0x4C, 0x59, 0xD9, 0xB6, 0x46, 0x9D, 0x4B, 
        0xCA, 0xEA, 0x80, 0x7E, 0x24, 0xD6, 0x3E, 0x81, 0xA4, 0xCD, 0xAD, 0x6A, 0x8B, 0x65, 0xA2, 0xDB, 
        0x8D, 0x6F, 0x51, 0x27, 0x1C, 0x02, 0x2D, 0x60, 0xFF, 0x00, 0x6A, 0x47, 0x38, 0xDD, 0x8F, 0x4E, 
        0x07, 0xD7, 0xA5, 0x67, 0xAF, 0x85, 0xAC, 0xB4, 0x99, 0x7C, 0xED, 0x5A, 0xEA, 0xCA, 0xD6, 0x21, 
        0xC9, 0x6B, 0xBB, 0xD5, 0x03, 0x1E, 0xFC, 0xD3, 0x35, 0xAF, 0xDA, 0x9B, 0xC2, 0xDF, 0x0E, 0xB4, 
        0xD6, 0xB3, 0xD0, 0x67, 0x5D, 0x5A, 0xF1, 0x46, 0x16, 0x3D, 0x39, 0x42, 0xC4, 0x0F, 0xBC, 0x84, 
        0x63, 0xF1, 0x1B, 0x8D, 0x16, 0xC4, 0x54, 0xD1, 0xB5, 0x05, 0xE5, 0xAB, 0xFB, 0xEC, 0x92, 0xFB, 
        0x98, 0x2A, 0x99, 0x3E, 0x0F, 0xDF, 0xA6, 0xA7, 0x5E, 0x4B, 0x6E, 0x74, 0xA1, 0x0F, 0x9C, 0x54, 
        0xA5, 0x29, 0x7A, 0x73, 0x45, 0x3E, 0xB7, 0x5A, 0x1F, 0x4D, 0xE9, 0x9E, 0x27, 0xF0, 0xCF, 0xEC, 
        0x91, 0xE0, 0x1D, 0x5B, 0x58, 0xBB, 0xD4, 0x61, 0xBF, 0xF1, 0x9D, 0xF4, 0x5B, 0xAF, 0x35, 0x39, 
        0x46, 0x7C, 0xA1, 0xD9, 0x54, 0x75, 0xC6, 0x7E, 0xEA, 0x75, 0x76, 0xC7, 0x00, 0x00, 0x2B, 0xF3, 
        0x13, 0xE3, 0x0F, 0xC5, 0x2D, 0x43, 0xE2, 0xEF, 0x8D, 0x6E, 0xF5, 0xCB, 0xD6, 0x90, 0x44, 0x49, 
        0x4B, 0x78, 0x64, 0x6D, 0xC5, 0x13, 0x24, 0xE5, 0x8F, 0x76, 0x62, 0x4B, 0x31, 0xF5, 0x3E, 0x80, 
        0x54, 0x5F, 0x12, 0x7E, 0x2C, 0x78, 0x83, 0xE2, 0x96, 0xA7, 0xF6, 0x9D, 0x62, 0xE7, 0xF7, 0x08, 
        0xC5, 0xA1, 0xB4, 0x88, 0x91, 0x1C, 0x79, 0xEF, 0xCF, 0x2C, 0xDF, 0xED, 0x1E, 0x7E, 0x83, 0x8A, 
        0xE3, 0x6B, 0xA6, 0x9D, 0x38, 0xD2, 0x8A, 0x84, 0x16, 0x87, 0x89, 0x8B, 0xC5, 0xD6, 0xC6, 0xD6, 
        0x96, 0x23, 0x11, 0x2B, 0xC9, 0xFF, 0x00, 0xC3, 0x24, 0x92, 0xD1, 0x24, 0xB4, 0x49, 0x68, 0x96, 
        0x88, 0xFF, 0xD9, 0x33, 0x33, 0x33, 0x33, 0x33, 0x33, 0x33, 0x33, 0x33, 0x33, 0x33, 0x33, 0x33, 
        0x33, 0x33, 0x33, 0x33, 0x33, 0x33, 0x33, 0x33, 0x33, 0x33, 0x33, 0x33, 0x33, 0x33, 0x33, 0x33, 
        0x33, 0x33, 0x33, 0x33, 0x33, 0x33, 0x33, 0x33, 0x33, 0x33, 0x33, 0x33, 0x33, 0x33, 0x33, 0x33, 
        0x33, 0x33, 0x33, 0x33, 0x33, 0x33, 0x33, 0x33, 0x33, 0x33, 0x33, 0x33, 0x33, 0x33, 0x33, 0x33, 
        0x33, 0x33, 0x33, 0x33, 0x33, 0x33, 0x33, 0x33, 0x33, 0x33, 0x33, 0x33, 0x33, 0x33, 0x33, 0x33, 
        0x33, 0x33, 0x33, 0x33, 0x33, 0x33, 0x33, 0x33, 0x33, 0x33, 0x33, 0x33, 0x33, 0x33, 0x33, 0x33, 
        0x33, 0x33, 0x33, 0x33, 0x33, 0x33, 0x33, 0x33, 0x33, 0x33, 0x33, 0x33, 0x33, 0x33, 0x33, 0x33, 
        0x33, 0x33, 0x33, 0x33, 0x33, 0x33, 0x33, 0x33, 0x33, 0x33, 0x33, 0x33, 0x33, 0x33, 0x33, 0x33, 
        0x33, 0x33, 0x33, 0x33, 0x33, 0x33, 0x33, 0x33, 0x33, 0x33, 0x33, 0x33, 0x33, 0x33, 0x33, 0x33, 
        0x33, 0x33, 0x33, 0x33, 0x33, 0x33, 0x33, 0x33, 0x33, 0x33, 0x33, 0x33, 0x33, 0x33, 0x33, 0x33, 
        0x33, 0x33, 0x33, 0x33, 0x33, 0x33, 0x33, 0x33, 0x33, 0x33, 0x33, 0x33, 0x33, 0x33, 0x33, 0x33, 
        0x33, 0x33, 0x33, 0x33, 0x33, 0x33, 0x33, 0x33, 0x33, 0x33, 0x33, 0x33, 0x33, 0x33, 0x33, 0x33, 
        0x33, 0x33, 0x33, 0x33, 0x33, 0x33, 0x33, 0x33, 0x33, 0x33, 0x33, 0x33, 0x33, 0x33, 0x33, 0x33, 
        0x33, 0x33, 0x33, 0x33, 0x33, 0x33, 0x33, 0x33, 0x33, 0x33, 0x33, 0x33, 0x33, 0x33, 0x33, 0x33, 
        0x33, 0x33, 0x33, 0x33, 0x33, 0x33, 0x33, 0x33, 0x33, 0x33, 0x33, 0x33, 0x33, 0x33, 0x33, 0x33, 
        0x33, 0x33, 0x33, 0x33, 0x33, 0x33, 0x33, 0x33, 0x33, 0x33, 0x33, 0x33, 0x33, 0x33, 0x33, 0x33, 
        0x33, 0x33, 0x33, 0x33, 0x33, 0x33, 0x33, 0x33, 0x33, 0x33, 0x33, 0x33, 0x33, 0x33, 0x33, 0x33, 
        0x33, 0x33, 0x33, 0x33, 0x33, 0x33, 0x33, 0x33, 0x33, 0x33, 0x33, 0x33, 0x33, 0x33, 0x33, 0x33, 
        0x33, 0x33, 0x33, 0x33, 0x33, 0x33, 0x33, 0x33, 0x33, 0x33, 0x33, 0x33, 0x33, 0x33, 0x33, 0x33, 
        0x33, 0x33, 0x33, 0x33, 0x33, 0x33, 0x33, 0x33, 0x33, 0x33, 0x33, 0x33, 0x33, 0x33, 0x33, 0x33, 
        0x33, 0x33, 0x33, 0x33, 0x33, 0x33, 0x33, 0x33, 0x33, 0x33, 0x33, 0x33, 0x33, 0x33, 0x33, 0x33, 
        0x33, 0x33, 0x33, 0x33, 0x33, 0x33, 0x33, 0x33, 0x33, 0x33, 0x33, 0x33, 0x33, 0x33, 0x33, 0x33, 
        0x33, 0x33, 0x33, 0x33, 0x33, 0x33, 0x33, 0x33, 0x33, 0x33, 0x33, 0x33, 0x33, 0x33, 0x33, 0x33, 
        0x33, 0x33, 0x33, 0x33, 0x33, 0x33, 0x33, 0x33, 0x33, 0x33, 0x33, 0x33, 0x33, 0x33, 0x33, 0x33, 

        } ;

#define  ButtonsAndLedsDemo_size      56832

